"ID","Process ID","Process Name","Host Name","Kernel Name","Context","Stream","Block Size","Grid Size","Device","CC","Section Name","Metric Name","Metric Unit","Metric Value"
"0","2424080","a100_fp16_energy_v2","127.0.0.1","void unnamed>::reg_mma_kernel<2>(unsigned long, float *, unsigned long, int *, int *, int *, int)","1","13","(32, 1, 1)","(1312, 1, 1)","0","8.6","Command line profiler metrics","dram__bytes.avg","Mbyte","2.14"
"0","2424080","a100_fp16_energy_v2","127.0.0.1","void unnamed>::reg_mma_kernel<2>(unsigned long, float *, unsigned long, int *, int *, int *, int)","1","13","(32, 1, 1)","(1312, 1, 1)","0","8.6","Command line profiler metrics","dram__bytes.max","Mbyte","2.15"
"0","2424080","a100_fp16_energy_v2","127.0.0.1","void unnamed>::reg_mma_kernel<2>(unsigned long, float *, unsigned long, int *, int *, int *, int)","1","13","(32, 1, 1)","(1312, 1, 1)","0","8.6","Command line profiler metrics","dram__bytes.min","Mbyte","2.12"
"0","2424080","a100_fp16_energy_v2","127.0.0.1","void unnamed>::reg_mma_kernel<2>(unsigned long, float *, unsigned long, int *, int *, int *, int)","1","13","(32, 1, 1)","(1312, 1, 1)","0","8.6","Command line profiler metrics","dram__bytes.sum","Mbyte","25.64"
"0","2424080","a100_fp16_energy_v2","127.0.0.1","void unnamed>::reg_mma_kernel<2>(unsigned long, float *, unsigned long, int *, int *, int *, int)","1","13","(32, 1, 1)","(1312, 1, 1)","0","8.6","Command line profiler metrics","dram__bytes_read.avg","Mbyte","2.14"
"0","2424080","a100_fp16_energy_v2","127.0.0.1","void unnamed>::reg_mma_kernel<2>(unsigned long, float *, unsigned long, int *, int *, int *, int)","1","13","(32, 1, 1)","(1312, 1, 1)","0","8.6","Command line profiler metrics","dram__bytes_read.max","Mbyte","2.15"
"0","2424080","a100_fp16_energy_v2","127.0.0.1","void unnamed>::reg_mma_kernel<2>(unsigned long, float *, unsigned long, int *, int *, int *, int)","1","13","(32, 1, 1)","(1312, 1, 1)","0","8.6","Command line profiler metrics","dram__bytes_read.min","Mbyte","2.12"
"0","2424080","a100_fp16_energy_v2","127.0.0.1","void unnamed>::reg_mma_kernel<2>(unsigned long, float *, unsigned long, int *, int *, int *, int)","1","13","(32, 1, 1)","(1312, 1, 1)","0","8.6","Command line profiler metrics","dram__bytes_read.sum","Mbyte","25.64"
"0","2424080","a100_fp16_energy_v2","127.0.0.1","void unnamed>::reg_mma_kernel<2>(unsigned long, float *, unsigned long, int *, int *, int *, int)","1","13","(32, 1, 1)","(1312, 1, 1)","0","8.6","Command line profiler metrics","dram__sectors.avg","sector","66780"
"0","2424080","a100_fp16_energy_v2","127.0.0.1","void unnamed>::reg_mma_kernel<2>(unsigned long, float *, unsigned long, int *, int *, int *, int)","1","13","(32, 1, 1)","(1312, 1, 1)","0","8.6","Command line profiler metrics","dram__sectors.max","sector","67276"
"0","2424080","a100_fp16_energy_v2","127.0.0.1","void unnamed>::reg_mma_kernel<2>(unsigned long, float *, unsigned long, int *, int *, int *, int)","1","13","(32, 1, 1)","(1312, 1, 1)","0","8.6","Command line profiler metrics","dram__sectors.min","sector","66344"
"0","2424080","a100_fp16_energy_v2","127.0.0.1","void unnamed>::reg_mma_kernel<2>(unsigned long, float *, unsigned long, int *, int *, int *, int)","1","13","(32, 1, 1)","(1312, 1, 1)","0","8.6","Command line profiler metrics","dram__sectors.sum","sector","801360"
"0","2424080","a100_fp16_energy_v2","127.0.0.1","void unnamed>::reg_mma_kernel<2>(unsigned long, float *, unsigned long, int *, int *, int *, int)","1","13","(32, 1, 1)","(1312, 1, 1)","0","8.6","Command line profiler metrics","dram__sectors_read.avg","sector","66780"
"0","2424080","a100_fp16_energy_v2","127.0.0.1","void unnamed>::reg_mma_kernel<2>(unsigned long, float *, unsigned long, int *, int *, int *, int)","1","13","(32, 1, 1)","(1312, 1, 1)","0","8.6","Command line profiler metrics","dram__sectors_read.max","sector","67276"
"0","2424080","a100_fp16_energy_v2","127.0.0.1","void unnamed>::reg_mma_kernel<2>(unsigned long, float *, unsigned long, int *, int *, int *, int)","1","13","(32, 1, 1)","(1312, 1, 1)","0","8.6","Command line profiler metrics","dram__sectors_read.min","sector","66344"
"0","2424080","a100_fp16_energy_v2","127.0.0.1","void unnamed>::reg_mma_kernel<2>(unsigned long, float *, unsigned long, int *, int *, int *, int)","1","13","(32, 1, 1)","(1312, 1, 1)","0","8.6","Command line profiler metrics","dram__sectors_read.sum","sector","801360"
"0","2424080","a100_fp16_energy_v2","127.0.0.1","void unnamed>::reg_mma_kernel<2>(unsigned long, float *, unsigned long, int *, int *, int *, int)","1","13","(32, 1, 1)","(1312, 1, 1)","0","8.6","Command line profiler metrics","l1tex__data_bank_conflicts_pipe_lsu_mem_shared_op_ld.avg","","0"
"0","2424080","a100_fp16_energy_v2","127.0.0.1","void unnamed>::reg_mma_kernel<2>(unsigned long, float *, unsigned long, int *, int *, int *, int)","1","13","(32, 1, 1)","(1312, 1, 1)","0","8.6","Command line profiler metrics","l1tex__data_bank_conflicts_pipe_lsu_mem_shared_op_ld.max","","0"
"0","2424080","a100_fp16_energy_v2","127.0.0.1","void unnamed>::reg_mma_kernel<2>(unsigned long, float *, unsigned long, int *, int *, int *, int)","1","13","(32, 1, 1)","(1312, 1, 1)","0","8.6","Command line profiler metrics","l1tex__data_bank_conflicts_pipe_lsu_mem_shared_op_ld.min","","0"
"0","2424080","a100_fp16_energy_v2","127.0.0.1","void unnamed>::reg_mma_kernel<2>(unsigned long, float *, unsigned long, int *, int *, int *, int)","1","13","(32, 1, 1)","(1312, 1, 1)","0","8.6","Command line profiler metrics","l1tex__data_bank_conflicts_pipe_lsu_mem_shared_op_ld.sum","","0"
"0","2424080","a100_fp16_energy_v2","127.0.0.1","void unnamed>::reg_mma_kernel<2>(unsigned long, float *, unsigned long, int *, int *, int *, int)","1","13","(32, 1, 1)","(1312, 1, 1)","0","8.6","Command line profiler metrics","l1tex__data_bank_conflicts_pipe_lsu_mem_shared_op_st.avg","","0"
"0","2424080","a100_fp16_energy_v2","127.0.0.1","void unnamed>::reg_mma_kernel<2>(unsigned long, float *, unsigned long, int *, int *, int *, int)","1","13","(32, 1, 1)","(1312, 1, 1)","0","8.6","Command line profiler metrics","l1tex__data_bank_conflicts_pipe_lsu_mem_shared_op_st.max","","0"
"0","2424080","a100_fp16_energy_v2","127.0.0.1","void unnamed>::reg_mma_kernel<2>(unsigned long, float *, unsigned long, int *, int *, int *, int)","1","13","(32, 1, 1)","(1312, 1, 1)","0","8.6","Command line profiler metrics","l1tex__data_bank_conflicts_pipe_lsu_mem_shared_op_st.min","","0"
"0","2424080","a100_fp16_energy_v2","127.0.0.1","void unnamed>::reg_mma_kernel<2>(unsigned long, float *, unsigned long, int *, int *, int *, int)","1","13","(32, 1, 1)","(1312, 1, 1)","0","8.6","Command line profiler metrics","l1tex__data_bank_conflicts_pipe_lsu_mem_shared_op_st.sum","","0"
"0","2424080","a100_fp16_energy_v2","127.0.0.1","void unnamed>::reg_mma_kernel<2>(unsigned long, float *, unsigned long, int *, int *, int *, int)","1","13","(32, 1, 1)","(1312, 1, 1)","0","8.6","Command line profiler metrics","l1tex__data_pipe_lsu_wavefronts_mem_shared_op_ld.avg","","0"
"0","2424080","a100_fp16_energy_v2","127.0.0.1","void unnamed>::reg_mma_kernel<2>(unsigned long, float *, unsigned long, int *, int *, int *, int)","1","13","(32, 1, 1)","(1312, 1, 1)","0","8.6","Command line profiler metrics","l1tex__data_pipe_lsu_wavefronts_mem_shared_op_ld.max","","0"
"0","2424080","a100_fp16_energy_v2","127.0.0.1","void unnamed>::reg_mma_kernel<2>(unsigned long, float *, unsigned long, int *, int *, int *, int)","1","13","(32, 1, 1)","(1312, 1, 1)","0","8.6","Command line profiler metrics","l1tex__data_pipe_lsu_wavefronts_mem_shared_op_ld.min","","0"
"0","2424080","a100_fp16_energy_v2","127.0.0.1","void unnamed>::reg_mma_kernel<2>(unsigned long, float *, unsigned long, int *, int *, int *, int)","1","13","(32, 1, 1)","(1312, 1, 1)","0","8.6","Command line profiler metrics","l1tex__data_pipe_lsu_wavefronts_mem_shared_op_ld.sum","","0"
"0","2424080","a100_fp16_energy_v2","127.0.0.1","void unnamed>::reg_mma_kernel<2>(unsigned long, float *, unsigned long, int *, int *, int *, int)","1","13","(32, 1, 1)","(1312, 1, 1)","0","8.6","Command line profiler metrics","l1tex__data_pipe_lsu_wavefronts_mem_shared_op_st.avg","","0"
"0","2424080","a100_fp16_energy_v2","127.0.0.1","void unnamed>::reg_mma_kernel<2>(unsigned long, float *, unsigned long, int *, int *, int *, int)","1","13","(32, 1, 1)","(1312, 1, 1)","0","8.6","Command line profiler metrics","l1tex__data_pipe_lsu_wavefronts_mem_shared_op_st.max","","0"
"0","2424080","a100_fp16_energy_v2","127.0.0.1","void unnamed>::reg_mma_kernel<2>(unsigned long, float *, unsigned long, int *, int *, int *, int)","1","13","(32, 1, 1)","(1312, 1, 1)","0","8.6","Command line profiler metrics","l1tex__data_pipe_lsu_wavefronts_mem_shared_op_st.min","","0"
"0","2424080","a100_fp16_energy_v2","127.0.0.1","void unnamed>::reg_mma_kernel<2>(unsigned long, float *, unsigned long, int *, int *, int *, int)","1","13","(32, 1, 1)","(1312, 1, 1)","0","8.6","Command line profiler metrics","l1tex__data_pipe_lsu_wavefronts_mem_shared_op_st.sum","","0"
"0","2424080","a100_fp16_energy_v2","127.0.0.1","void unnamed>::reg_mma_kernel<2>(unsigned long, float *, unsigned long, int *, int *, int *, int)","1","13","(32, 1, 1)","(1312, 1, 1)","0","8.6","Command line profiler metrics","l1tex__t_bytes_pipe_lsu_mem_global_op_ld.avg","byte","0"
"0","2424080","a100_fp16_energy_v2","127.0.0.1","void unnamed>::reg_mma_kernel<2>(unsigned long, float *, unsigned long, int *, int *, int *, int)","1","13","(32, 1, 1)","(1312, 1, 1)","0","8.6","Command line profiler metrics","l1tex__t_bytes_pipe_lsu_mem_global_op_ld.max","byte","0"
"0","2424080","a100_fp16_energy_v2","127.0.0.1","void unnamed>::reg_mma_kernel<2>(unsigned long, float *, unsigned long, int *, int *, int *, int)","1","13","(32, 1, 1)","(1312, 1, 1)","0","8.6","Command line profiler metrics","l1tex__t_bytes_pipe_lsu_mem_global_op_ld.min","byte","0"
"0","2424080","a100_fp16_energy_v2","127.0.0.1","void unnamed>::reg_mma_kernel<2>(unsigned long, float *, unsigned long, int *, int *, int *, int)","1","13","(32, 1, 1)","(1312, 1, 1)","0","8.6","Command line profiler metrics","l1tex__t_bytes_pipe_lsu_mem_global_op_ld.sum","byte","0"
"0","2424080","a100_fp16_energy_v2","127.0.0.1","void unnamed>::reg_mma_kernel<2>(unsigned long, float *, unsigned long, int *, int *, int *, int)","1","13","(32, 1, 1)","(1312, 1, 1)","0","8.6","Command line profiler metrics","l1tex__t_bytes_pipe_lsu_mem_global_op_ld_lookup_hit.avg","byte","0"
"0","2424080","a100_fp16_energy_v2","127.0.0.1","void unnamed>::reg_mma_kernel<2>(unsigned long, float *, unsigned long, int *, int *, int *, int)","1","13","(32, 1, 1)","(1312, 1, 1)","0","8.6","Command line profiler metrics","l1tex__t_bytes_pipe_lsu_mem_global_op_ld_lookup_hit.max","byte","0"
"0","2424080","a100_fp16_energy_v2","127.0.0.1","void unnamed>::reg_mma_kernel<2>(unsigned long, float *, unsigned long, int *, int *, int *, int)","1","13","(32, 1, 1)","(1312, 1, 1)","0","8.6","Command line profiler metrics","l1tex__t_bytes_pipe_lsu_mem_global_op_ld_lookup_hit.min","byte","0"
"0","2424080","a100_fp16_energy_v2","127.0.0.1","void unnamed>::reg_mma_kernel<2>(unsigned long, float *, unsigned long, int *, int *, int *, int)","1","13","(32, 1, 1)","(1312, 1, 1)","0","8.6","Command line profiler metrics","l1tex__t_bytes_pipe_lsu_mem_global_op_ld_lookup_hit.sum","byte","0"
"0","2424080","a100_fp16_energy_v2","127.0.0.1","void unnamed>::reg_mma_kernel<2>(unsigned long, float *, unsigned long, int *, int *, int *, int)","1","13","(32, 1, 1)","(1312, 1, 1)","0","8.6","Command line profiler metrics","l1tex__t_bytes_pipe_lsu_mem_global_op_ld_lookup_miss.avg","byte","0"
"0","2424080","a100_fp16_energy_v2","127.0.0.1","void unnamed>::reg_mma_kernel<2>(unsigned long, float *, unsigned long, int *, int *, int *, int)","1","13","(32, 1, 1)","(1312, 1, 1)","0","8.6","Command line profiler metrics","l1tex__t_bytes_pipe_lsu_mem_global_op_ld_lookup_miss.max","byte","0"
"0","2424080","a100_fp16_energy_v2","127.0.0.1","void unnamed>::reg_mma_kernel<2>(unsigned long, float *, unsigned long, int *, int *, int *, int)","1","13","(32, 1, 1)","(1312, 1, 1)","0","8.6","Command line profiler metrics","l1tex__t_bytes_pipe_lsu_mem_global_op_ld_lookup_miss.min","byte","0"
"0","2424080","a100_fp16_energy_v2","127.0.0.1","void unnamed>::reg_mma_kernel<2>(unsigned long, float *, unsigned long, int *, int *, int *, int)","1","13","(32, 1, 1)","(1312, 1, 1)","0","8.6","Command line profiler metrics","l1tex__t_bytes_pipe_lsu_mem_global_op_ld_lookup_miss.sum","byte","0"
"0","2424080","a100_fp16_energy_v2","127.0.0.1","void unnamed>::reg_mma_kernel<2>(unsigned long, float *, unsigned long, int *, int *, int *, int)","1","13","(32, 1, 1)","(1312, 1, 1)","0","8.6","Command line profiler metrics","l1tex__t_bytes_pipe_lsu_mem_local_op_ld.avg","byte","0"
"0","2424080","a100_fp16_energy_v2","127.0.0.1","void unnamed>::reg_mma_kernel<2>(unsigned long, float *, unsigned long, int *, int *, int *, int)","1","13","(32, 1, 1)","(1312, 1, 1)","0","8.6","Command line profiler metrics","l1tex__t_bytes_pipe_lsu_mem_local_op_ld.max","byte","0"
"0","2424080","a100_fp16_energy_v2","127.0.0.1","void unnamed>::reg_mma_kernel<2>(unsigned long, float *, unsigned long, int *, int *, int *, int)","1","13","(32, 1, 1)","(1312, 1, 1)","0","8.6","Command line profiler metrics","l1tex__t_bytes_pipe_lsu_mem_local_op_ld.min","byte","0"
"0","2424080","a100_fp16_energy_v2","127.0.0.1","void unnamed>::reg_mma_kernel<2>(unsigned long, float *, unsigned long, int *, int *, int *, int)","1","13","(32, 1, 1)","(1312, 1, 1)","0","8.6","Command line profiler metrics","l1tex__t_bytes_pipe_lsu_mem_local_op_ld.sum","byte","0"
"0","2424080","a100_fp16_energy_v2","127.0.0.1","void unnamed>::reg_mma_kernel<2>(unsigned long, float *, unsigned long, int *, int *, int *, int)","1","13","(32, 1, 1)","(1312, 1, 1)","0","8.6","Command line profiler metrics","l1tex__t_bytes_pipe_lsu_mem_local_op_st.avg","byte","0"
"0","2424080","a100_fp16_energy_v2","127.0.0.1","void unnamed>::reg_mma_kernel<2>(unsigned long, float *, unsigned long, int *, int *, int *, int)","1","13","(32, 1, 1)","(1312, 1, 1)","0","8.6","Command line profiler metrics","l1tex__t_bytes_pipe_lsu_mem_local_op_st.max","byte","0"
"0","2424080","a100_fp16_energy_v2","127.0.0.1","void unnamed>::reg_mma_kernel<2>(unsigned long, float *, unsigned long, int *, int *, int *, int)","1","13","(32, 1, 1)","(1312, 1, 1)","0","8.6","Command line profiler metrics","l1tex__t_bytes_pipe_lsu_mem_local_op_st.min","byte","0"
"0","2424080","a100_fp16_energy_v2","127.0.0.1","void unnamed>::reg_mma_kernel<2>(unsigned long, float *, unsigned long, int *, int *, int *, int)","1","13","(32, 1, 1)","(1312, 1, 1)","0","8.6","Command line profiler metrics","l1tex__t_bytes_pipe_lsu_mem_local_op_st.sum","byte","0"
"0","2424080","a100_fp16_energy_v2","127.0.0.1","void unnamed>::reg_mma_kernel<2>(unsigned long, float *, unsigned long, int *, int *, int *, int)","1","13","(32, 1, 1)","(1312, 1, 1)","0","8.6","Command line profiler metrics","l1tex__t_sector_hit_rate.max_rate","","1"
"0","2424080","a100_fp16_energy_v2","127.0.0.1","void unnamed>::reg_mma_kernel<2>(unsigned long, float *, unsigned long, int *, int *, int *, int)","1","13","(32, 1, 1)","(1312, 1, 1)","0","8.6","Command line profiler metrics","l1tex__t_sector_hit_rate.pct","%","86.79"
"0","2424080","a100_fp16_energy_v2","127.0.0.1","void unnamed>::reg_mma_kernel<2>(unsigned long, float *, unsigned long, int *, int *, int *, int)","1","13","(32, 1, 1)","(1312, 1, 1)","0","8.6","Command line profiler metrics","l1tex__t_sector_hit_rate.ratio","","0.87"
"0","2424080","a100_fp16_energy_v2","127.0.0.1","void unnamed>::reg_mma_kernel<2>(unsigned long, float *, unsigned long, int *, int *, int *, int)","1","13","(32, 1, 1)","(1312, 1, 1)","0","8.6","Command line profiler metrics","l1tex__t_sectors_pipe_lsu_mem_global_op_ld.avg","sector","0"
"0","2424080","a100_fp16_energy_v2","127.0.0.1","void unnamed>::reg_mma_kernel<2>(unsigned long, float *, unsigned long, int *, int *, int *, int)","1","13","(32, 1, 1)","(1312, 1, 1)","0","8.6","Command line profiler metrics","l1tex__t_sectors_pipe_lsu_mem_global_op_ld.max","sector","0"
"0","2424080","a100_fp16_energy_v2","127.0.0.1","void unnamed>::reg_mma_kernel<2>(unsigned long, float *, unsigned long, int *, int *, int *, int)","1","13","(32, 1, 1)","(1312, 1, 1)","0","8.6","Command line profiler metrics","l1tex__t_sectors_pipe_lsu_mem_global_op_ld.min","sector","0"
"0","2424080","a100_fp16_energy_v2","127.0.0.1","void unnamed>::reg_mma_kernel<2>(unsigned long, float *, unsigned long, int *, int *, int *, int)","1","13","(32, 1, 1)","(1312, 1, 1)","0","8.6","Command line profiler metrics","l1tex__t_sectors_pipe_lsu_mem_global_op_ld.sum","sector","0"
"0","2424080","a100_fp16_energy_v2","127.0.0.1","void unnamed>::reg_mma_kernel<2>(unsigned long, float *, unsigned long, int *, int *, int *, int)","1","13","(32, 1, 1)","(1312, 1, 1)","0","8.6","Command line profiler metrics","l1tex__t_sectors_pipe_lsu_mem_global_op_ld_lookup_hit.avg","sector","0"
"0","2424080","a100_fp16_energy_v2","127.0.0.1","void unnamed>::reg_mma_kernel<2>(unsigned long, float *, unsigned long, int *, int *, int *, int)","1","13","(32, 1, 1)","(1312, 1, 1)","0","8.6","Command line profiler metrics","l1tex__t_sectors_pipe_lsu_mem_global_op_ld_lookup_hit.max","sector","0"
"0","2424080","a100_fp16_energy_v2","127.0.0.1","void unnamed>::reg_mma_kernel<2>(unsigned long, float *, unsigned long, int *, int *, int *, int)","1","13","(32, 1, 1)","(1312, 1, 1)","0","8.6","Command line profiler metrics","l1tex__t_sectors_pipe_lsu_mem_global_op_ld_lookup_hit.min","sector","0"
"0","2424080","a100_fp16_energy_v2","127.0.0.1","void unnamed>::reg_mma_kernel<2>(unsigned long, float *, unsigned long, int *, int *, int *, int)","1","13","(32, 1, 1)","(1312, 1, 1)","0","8.6","Command line profiler metrics","l1tex__t_sectors_pipe_lsu_mem_global_op_ld_lookup_hit.sum","sector","0"
"0","2424080","a100_fp16_energy_v2","127.0.0.1","void unnamed>::reg_mma_kernel<2>(unsigned long, float *, unsigned long, int *, int *, int *, int)","1","13","(32, 1, 1)","(1312, 1, 1)","0","8.6","Command line profiler metrics","l1tex__t_sectors_pipe_lsu_mem_global_op_ld_lookup_miss.avg","sector","0"
"0","2424080","a100_fp16_energy_v2","127.0.0.1","void unnamed>::reg_mma_kernel<2>(unsigned long, float *, unsigned long, int *, int *, int *, int)","1","13","(32, 1, 1)","(1312, 1, 1)","0","8.6","Command line profiler metrics","l1tex__t_sectors_pipe_lsu_mem_global_op_ld_lookup_miss.max","sector","0"
"0","2424080","a100_fp16_energy_v2","127.0.0.1","void unnamed>::reg_mma_kernel<2>(unsigned long, float *, unsigned long, int *, int *, int *, int)","1","13","(32, 1, 1)","(1312, 1, 1)","0","8.6","Command line profiler metrics","l1tex__t_sectors_pipe_lsu_mem_global_op_ld_lookup_miss.min","sector","0"
"0","2424080","a100_fp16_energy_v2","127.0.0.1","void unnamed>::reg_mma_kernel<2>(unsigned long, float *, unsigned long, int *, int *, int *, int)","1","13","(32, 1, 1)","(1312, 1, 1)","0","8.6","Command line profiler metrics","l1tex__t_sectors_pipe_lsu_mem_global_op_ld_lookup_miss.sum","sector","0"
"0","2424080","a100_fp16_energy_v2","127.0.0.1","void unnamed>::reg_mma_kernel<2>(unsigned long, float *, unsigned long, int *, int *, int *, int)","1","13","(32, 1, 1)","(1312, 1, 1)","0","8.6","Command line profiler metrics","lts__t_bytes.avg","Kbyte","733.82"
"0","2424080","a100_fp16_energy_v2","127.0.0.1","void unnamed>::reg_mma_kernel<2>(unsigned long, float *, unsigned long, int *, int *, int *, int)","1","13","(32, 1, 1)","(1312, 1, 1)","0","8.6","Command line profiler metrics","lts__t_bytes.max","Mbyte","7.14"
"0","2424080","a100_fp16_energy_v2","127.0.0.1","void unnamed>::reg_mma_kernel<2>(unsigned long, float *, unsigned long, int *, int *, int *, int)","1","13","(32, 1, 1)","(1312, 1, 1)","0","8.6","Command line profiler metrics","lts__t_bytes.min","Kbyte","567.01"
"0","2424080","a100_fp16_energy_v2","127.0.0.1","void unnamed>::reg_mma_kernel<2>(unsigned long, float *, unsigned long, int *, int *, int *, int)","1","13","(32, 1, 1)","(1312, 1, 1)","0","8.6","Command line profiler metrics","lts__t_bytes.sum","Mbyte","35.22"
"0","2424080","a100_fp16_energy_v2","127.0.0.1","void unnamed>::reg_mma_kernel<2>(unsigned long, float *, unsigned long, int *, int *, int *, int)","1","13","(32, 1, 1)","(1312, 1, 1)","0","8.6","Command line profiler metrics","lts__t_bytes_equiv_l1sectormiss_pipe_lsu_mem_global_op_ld.avg","byte","0"
"0","2424080","a100_fp16_energy_v2","127.0.0.1","void unnamed>::reg_mma_kernel<2>(unsigned long, float *, unsigned long, int *, int *, int *, int)","1","13","(32, 1, 1)","(1312, 1, 1)","0","8.6","Command line profiler metrics","lts__t_bytes_equiv_l1sectormiss_pipe_lsu_mem_global_op_ld.max","byte","nan"
"0","2424080","a100_fp16_energy_v2","127.0.0.1","void unnamed>::reg_mma_kernel<2>(unsigned long, float *, unsigned long, int *, int *, int *, int)","1","13","(32, 1, 1)","(1312, 1, 1)","0","8.6","Command line profiler metrics","lts__t_bytes_equiv_l1sectormiss_pipe_lsu_mem_global_op_ld.min","byte","nan"
"0","2424080","a100_fp16_energy_v2","127.0.0.1","void unnamed>::reg_mma_kernel<2>(unsigned long, float *, unsigned long, int *, int *, int *, int)","1","13","(32, 1, 1)","(1312, 1, 1)","0","8.6","Command line profiler metrics","lts__t_bytes_equiv_l1sectormiss_pipe_lsu_mem_global_op_ld.sum","byte","0"
"0","2424080","a100_fp16_energy_v2","127.0.0.1","void unnamed>::reg_mma_kernel<2>(unsigned long, float *, unsigned long, int *, int *, int *, int)","1","13","(32, 1, 1)","(1312, 1, 1)","0","8.6","Command line profiler metrics","lts__t_sector_hit_rate.max_rate","","1"
"0","2424080","a100_fp16_energy_v2","127.0.0.1","void unnamed>::reg_mma_kernel<2>(unsigned long, float *, unsigned long, int *, int *, int *, int)","1","13","(32, 1, 1)","(1312, 1, 1)","0","8.6","Command line profiler metrics","lts__t_sector_hit_rate.pct","%","219.63"
"0","2424080","a100_fp16_energy_v2","127.0.0.1","void unnamed>::reg_mma_kernel<2>(unsigned long, float *, unsigned long, int *, int *, int *, int)","1","13","(32, 1, 1)","(1312, 1, 1)","0","8.6","Command line profiler metrics","lts__t_sector_hit_rate.ratio","","2.20"
"0","2424080","a100_fp16_energy_v2","127.0.0.1","void unnamed>::reg_mma_kernel<2>(unsigned long, float *, unsigned long, int *, int *, int *, int)","1","13","(32, 1, 1)","(1312, 1, 1)","0","8.6","Command line profiler metrics","lts__t_sector_op_read_hit_rate.max_rate","","1"
"0","2424080","a100_fp16_energy_v2","127.0.0.1","void unnamed>::reg_mma_kernel<2>(unsigned long, float *, unsigned long, int *, int *, int *, int)","1","13","(32, 1, 1)","(1312, 1, 1)","0","8.6","Command line profiler metrics","lts__t_sector_op_read_hit_rate.pct","%","44.86"
"0","2424080","a100_fp16_energy_v2","127.0.0.1","void unnamed>::reg_mma_kernel<2>(unsigned long, float *, unsigned long, int *, int *, int *, int)","1","13","(32, 1, 1)","(1312, 1, 1)","0","8.6","Command line profiler metrics","lts__t_sector_op_read_hit_rate.ratio","","0.45"
"0","2424080","a100_fp16_energy_v2","127.0.0.1","void unnamed>::reg_mma_kernel<2>(unsigned long, float *, unsigned long, int *, int *, int *, int)","1","13","(32, 1, 1)","(1312, 1, 1)","0","8.6","Command line profiler metrics","lts__t_sectors_srcunit_tex_op_read.avg","sector","0"
"0","2424080","a100_fp16_energy_v2","127.0.0.1","void unnamed>::reg_mma_kernel<2>(unsigned long, float *, unsigned long, int *, int *, int *, int)","1","13","(32, 1, 1)","(1312, 1, 1)","0","8.6","Command line profiler metrics","lts__t_sectors_srcunit_tex_op_read.max","sector","0"
"0","2424080","a100_fp16_energy_v2","127.0.0.1","void unnamed>::reg_mma_kernel<2>(unsigned long, float *, unsigned long, int *, int *, int *, int)","1","13","(32, 1, 1)","(1312, 1, 1)","0","8.6","Command line profiler metrics","lts__t_sectors_srcunit_tex_op_read.min","sector","0"
"0","2424080","a100_fp16_energy_v2","127.0.0.1","void unnamed>::reg_mma_kernel<2>(unsigned long, float *, unsigned long, int *, int *, int *, int)","1","13","(32, 1, 1)","(1312, 1, 1)","0","8.6","Command line profiler metrics","lts__t_sectors_srcunit_tex_op_read.sum","sector","0"
"0","2424080","a100_fp16_energy_v2","127.0.0.1","void unnamed>::reg_mma_kernel<2>(unsigned long, float *, unsigned long, int *, int *, int *, int)","1","13","(32, 1, 1)","(1312, 1, 1)","0","8.6","Command line profiler metrics","lts__t_sectors_srcunit_tex_op_read_lookup_hit.avg","sector","4286.08"
"0","2424080","a100_fp16_energy_v2","127.0.0.1","void unnamed>::reg_mma_kernel<2>(unsigned long, float *, unsigned long, int *, int *, int *, int)","1","13","(32, 1, 1)","(1312, 1, 1)","0","8.6","Command line profiler metrics","lts__t_sectors_srcunit_tex_op_read_lookup_hit.max","sector","23385"
"0","2424080","a100_fp16_energy_v2","127.0.0.1","void unnamed>::reg_mma_kernel<2>(unsigned long, float *, unsigned long, int *, int *, int *, int)","1","13","(32, 1, 1)","(1312, 1, 1)","0","8.6","Command line profiler metrics","lts__t_sectors_srcunit_tex_op_read_lookup_hit.min","sector","3360"
"0","2424080","a100_fp16_energy_v2","127.0.0.1","void unnamed>::reg_mma_kernel<2>(unsigned long, float *, unsigned long, int *, int *, int *, int)","1","13","(32, 1, 1)","(1312, 1, 1)","0","8.6","Command line profiler metrics","lts__t_sectors_srcunit_tex_op_read_lookup_hit.sum","sector","205732"
"0","2424080","a100_fp16_energy_v2","127.0.0.1","void unnamed>::reg_mma_kernel<2>(unsigned long, float *, unsigned long, int *, int *, int *, int)","1","13","(32, 1, 1)","(1312, 1, 1)","0","8.6","Command line profiler metrics","lts__t_sectors_srcunit_tex_op_read_lookup_miss.avg","sector","0"
"0","2424080","a100_fp16_energy_v2","127.0.0.1","void unnamed>::reg_mma_kernel<2>(unsigned long, float *, unsigned long, int *, int *, int *, int)","1","13","(32, 1, 1)","(1312, 1, 1)","0","8.6","Command line profiler metrics","lts__t_sectors_srcunit_tex_op_read_lookup_miss.max","sector","0"
"0","2424080","a100_fp16_energy_v2","127.0.0.1","void unnamed>::reg_mma_kernel<2>(unsigned long, float *, unsigned long, int *, int *, int *, int)","1","13","(32, 1, 1)","(1312, 1, 1)","0","8.6","Command line profiler metrics","lts__t_sectors_srcunit_tex_op_read_lookup_miss.min","sector","0"
"0","2424080","a100_fp16_energy_v2","127.0.0.1","void unnamed>::reg_mma_kernel<2>(unsigned long, float *, unsigned long, int *, int *, int *, int)","1","13","(32, 1, 1)","(1312, 1, 1)","0","8.6","Command line profiler metrics","lts__t_sectors_srcunit_tex_op_read_lookup_miss.sum","sector","0"
"0","2424080","a100_fp16_energy_v2","127.0.0.1","void unnamed>::reg_mma_kernel<2>(unsigned long, float *, unsigned long, int *, int *, int *, int)","1","13","(32, 1, 1)","(1312, 1, 1)","0","8.6","Command line profiler metrics","sm__inst_executed_pipe_tensor_op_hmma.avg","inst","6400000"
"0","2424080","a100_fp16_energy_v2","127.0.0.1","void unnamed>::reg_mma_kernel<2>(unsigned long, float *, unsigned long, int *, int *, int *, int)","1","13","(32, 1, 1)","(1312, 1, 1)","0","8.6","Command line profiler metrics","sm__inst_executed_pipe_tensor_op_hmma.max","inst","6400000"
"0","2424080","a100_fp16_energy_v2","127.0.0.1","void unnamed>::reg_mma_kernel<2>(unsigned long, float *, unsigned long, int *, int *, int *, int)","1","13","(32, 1, 1)","(1312, 1, 1)","0","8.6","Command line profiler metrics","sm__inst_executed_pipe_tensor_op_hmma.min","inst","6400000"
"0","2424080","a100_fp16_energy_v2","127.0.0.1","void unnamed>::reg_mma_kernel<2>(unsigned long, float *, unsigned long, int *, int *, int *, int)","1","13","(32, 1, 1)","(1312, 1, 1)","0","8.6","Command line profiler metrics","sm__inst_executed_pipe_tensor_op_hmma.sum","inst","524800000"
"0","2424080","a100_fp16_energy_v2","127.0.0.1","void unnamed>::reg_mma_kernel<2>(unsigned long, float *, unsigned long, int *, int *, int *, int)","1","13","(32, 1, 1)","(1312, 1, 1)","0","8.6","Command line profiler metrics","smsp__average_warps_issue_stalled_long_scoreboard_per_issue_active.max_rate","inst","1"
"0","2424080","a100_fp16_energy_v2","127.0.0.1","void unnamed>::reg_mma_kernel<2>(unsigned long, float *, unsigned long, int *, int *, int *, int)","1","13","(32, 1, 1)","(1312, 1, 1)","0","8.6","Command line profiler metrics","smsp__average_warps_issue_stalled_long_scoreboard_per_issue_active.pct","%","0.01"
"0","2424080","a100_fp16_energy_v2","127.0.0.1","void unnamed>::reg_mma_kernel<2>(unsigned long, float *, unsigned long, int *, int *, int *, int)","1","13","(32, 1, 1)","(1312, 1, 1)","0","8.6","Command line profiler metrics","smsp__average_warps_issue_stalled_long_scoreboard_per_issue_active.ratio","inst","0.00"
"0","2424080","a100_fp16_energy_v2","127.0.0.1","void unnamed>::reg_mma_kernel<2>(unsigned long, float *, unsigned long, int *, int *, int *, int)","1","13","(32, 1, 1)","(1312, 1, 1)","0","8.6","Command line profiler metrics","smsp__average_warps_issue_stalled_not_selected_per_issue_active.max_rate","inst","1"
"0","2424080","a100_fp16_energy_v2","127.0.0.1","void unnamed>::reg_mma_kernel<2>(unsigned long, float *, unsigned long, int *, int *, int *, int)","1","13","(32, 1, 1)","(1312, 1, 1)","0","8.6","Command line profiler metrics","smsp__average_warps_issue_stalled_not_selected_per_issue_active.pct","%","38.66"
"0","2424080","a100_fp16_energy_v2","127.0.0.1","void unnamed>::reg_mma_kernel<2>(unsigned long, float *, unsigned long, int *, int *, int *, int)","1","13","(32, 1, 1)","(1312, 1, 1)","0","8.6","Command line profiler metrics","smsp__average_warps_issue_stalled_not_selected_per_issue_active.ratio","inst","0.39"
"0","2424080","a100_fp16_energy_v2","127.0.0.1","void unnamed>::reg_mma_kernel<2>(unsigned long, float *, unsigned long, int *, int *, int *, int)","1","13","(32, 1, 1)","(1312, 1, 1)","0","8.6","Command line profiler metrics","smsp__average_warps_issue_stalled_short_scoreboard_per_issue_active.max_rate","inst","1"
"0","2424080","a100_fp16_energy_v2","127.0.0.1","void unnamed>::reg_mma_kernel<2>(unsigned long, float *, unsigned long, int *, int *, int *, int)","1","13","(32, 1, 1)","(1312, 1, 1)","0","8.6","Command line profiler metrics","smsp__average_warps_issue_stalled_short_scoreboard_per_issue_active.pct","%","0.00"
"0","2424080","a100_fp16_energy_v2","127.0.0.1","void unnamed>::reg_mma_kernel<2>(unsigned long, float *, unsigned long, int *, int *, int *, int)","1","13","(32, 1, 1)","(1312, 1, 1)","0","8.6","Command line profiler metrics","smsp__average_warps_issue_stalled_short_scoreboard_per_issue_active.ratio","inst","0.00"
"0","2424080","a100_fp16_energy_v2","127.0.0.1","void unnamed>::reg_mma_kernel<2>(unsigned long, float *, unsigned long, int *, int *, int *, int)","1","13","(32, 1, 1)","(1312, 1, 1)","0","8.6","Command line profiler metrics","smsp__average_warps_issue_stalled_wait_per_issue_active.max_rate","inst","1"
"0","2424080","a100_fp16_energy_v2","127.0.0.1","void unnamed>::reg_mma_kernel<2>(unsigned long, float *, unsigned long, int *, int *, int *, int)","1","13","(32, 1, 1)","(1312, 1, 1)","0","8.6","Command line profiler metrics","smsp__average_warps_issue_stalled_wait_per_issue_active.pct","%","213.12"
"0","2424080","a100_fp16_energy_v2","127.0.0.1","void unnamed>::reg_mma_kernel<2>(unsigned long, float *, unsigned long, int *, int *, int *, int)","1","13","(32, 1, 1)","(1312, 1, 1)","0","8.6","Command line profiler metrics","smsp__average_warps_issue_stalled_wait_per_issue_active.ratio","inst","2.13"
"0","2424080","a100_fp16_energy_v2","127.0.0.1","void unnamed>::reg_mma_kernel<2>(unsigned long, float *, unsigned long, int *, int *, int *, int)","1","13","(32, 1, 1)","(1312, 1, 1)","0","8.6","Command line profiler metrics","smsp__sass_data_bytes_mem_shared.avg","byte","0"
"0","2424080","a100_fp16_energy_v2","127.0.0.1","void unnamed>::reg_mma_kernel<2>(unsigned long, float *, unsigned long, int *, int *, int *, int)","1","13","(32, 1, 1)","(1312, 1, 1)","0","8.6","Command line profiler metrics","smsp__sass_data_bytes_mem_shared.max","byte","0"
"0","2424080","a100_fp16_energy_v2","127.0.0.1","void unnamed>::reg_mma_kernel<2>(unsigned long, float *, unsigned long, int *, int *, int *, int)","1","13","(32, 1, 1)","(1312, 1, 1)","0","8.6","Command line profiler metrics","smsp__sass_data_bytes_mem_shared.min","byte","0"
"0","2424080","a100_fp16_energy_v2","127.0.0.1","void unnamed>::reg_mma_kernel<2>(unsigned long, float *, unsigned long, int *, int *, int *, int)","1","13","(32, 1, 1)","(1312, 1, 1)","0","8.6","Command line profiler metrics","smsp__sass_data_bytes_mem_shared.sum","byte","0"
"0","2424080","a100_fp16_energy_v2","127.0.0.1","void unnamed>::reg_mma_kernel<2>(unsigned long, float *, unsigned long, int *, int *, int *, int)","1","13","(32, 1, 1)","(1312, 1, 1)","0","8.6","Command line profiler metrics","smsp__sass_data_bytes_mem_shared_op_ld.avg","byte","0"
"0","2424080","a100_fp16_energy_v2","127.0.0.1","void unnamed>::reg_mma_kernel<2>(unsigned long, float *, unsigned long, int *, int *, int *, int)","1","13","(32, 1, 1)","(1312, 1, 1)","0","8.6","Command line profiler metrics","smsp__sass_data_bytes_mem_shared_op_ld.max","byte","0"
"0","2424080","a100_fp16_energy_v2","127.0.0.1","void unnamed>::reg_mma_kernel<2>(unsigned long, float *, unsigned long, int *, int *, int *, int)","1","13","(32, 1, 1)","(1312, 1, 1)","0","8.6","Command line profiler metrics","smsp__sass_data_bytes_mem_shared_op_ld.min","byte","0"
"0","2424080","a100_fp16_energy_v2","127.0.0.1","void unnamed>::reg_mma_kernel<2>(unsigned long, float *, unsigned long, int *, int *, int *, int)","1","13","(32, 1, 1)","(1312, 1, 1)","0","8.6","Command line profiler metrics","smsp__sass_data_bytes_mem_shared_op_ld.sum","byte","0"
"0","2424080","a100_fp16_energy_v2","127.0.0.1","void unnamed>::reg_mma_kernel<2>(unsigned long, float *, unsigned long, int *, int *, int *, int)","1","13","(32, 1, 1)","(1312, 1, 1)","0","8.6","Command line profiler metrics","smsp__sass_data_bytes_mem_shared_op_ldsm.avg","byte","0"
"0","2424080","a100_fp16_energy_v2","127.0.0.1","void unnamed>::reg_mma_kernel<2>(unsigned long, float *, unsigned long, int *, int *, int *, int)","1","13","(32, 1, 1)","(1312, 1, 1)","0","8.6","Command line profiler metrics","smsp__sass_data_bytes_mem_shared_op_ldsm.max","byte","0"
"0","2424080","a100_fp16_energy_v2","127.0.0.1","void unnamed>::reg_mma_kernel<2>(unsigned long, float *, unsigned long, int *, int *, int *, int)","1","13","(32, 1, 1)","(1312, 1, 1)","0","8.6","Command line profiler metrics","smsp__sass_data_bytes_mem_shared_op_ldsm.min","byte","0"
"0","2424080","a100_fp16_energy_v2","127.0.0.1","void unnamed>::reg_mma_kernel<2>(unsigned long, float *, unsigned long, int *, int *, int *, int)","1","13","(32, 1, 1)","(1312, 1, 1)","0","8.6","Command line profiler metrics","smsp__sass_data_bytes_mem_shared_op_ldsm.sum","byte","0"
"0","2424080","a100_fp16_energy_v2","127.0.0.1","void unnamed>::reg_mma_kernel<2>(unsigned long, float *, unsigned long, int *, int *, int *, int)","1","13","(32, 1, 1)","(1312, 1, 1)","0","8.6","Command line profiler metrics","smsp__sass_data_bytes_mem_shared_op_st.avg","byte","0"
"0","2424080","a100_fp16_energy_v2","127.0.0.1","void unnamed>::reg_mma_kernel<2>(unsigned long, float *, unsigned long, int *, int *, int *, int)","1","13","(32, 1, 1)","(1312, 1, 1)","0","8.6","Command line profiler metrics","smsp__sass_data_bytes_mem_shared_op_st.max","byte","0"
"0","2424080","a100_fp16_energy_v2","127.0.0.1","void unnamed>::reg_mma_kernel<2>(unsigned long, float *, unsigned long, int *, int *, int *, int)","1","13","(32, 1, 1)","(1312, 1, 1)","0","8.6","Command line profiler metrics","smsp__sass_data_bytes_mem_shared_op_st.min","byte","0"
"0","2424080","a100_fp16_energy_v2","127.0.0.1","void unnamed>::reg_mma_kernel<2>(unsigned long, float *, unsigned long, int *, int *, int *, int)","1","13","(32, 1, 1)","(1312, 1, 1)","0","8.6","Command line profiler metrics","smsp__sass_data_bytes_mem_shared_op_st.sum","byte","0"
"0","2424080","a100_fp16_energy_v2","127.0.0.1","void unnamed>::reg_mma_kernel<2>(unsigned long, float *, unsigned long, int *, int *, int *, int)","1","13","(32, 1, 1)","(1312, 1, 1)","0","8.6","Command line profiler metrics","smsp__sass_inst_executed_op_shared.avg","inst","0"
"0","2424080","a100_fp16_energy_v2","127.0.0.1","void unnamed>::reg_mma_kernel<2>(unsigned long, float *, unsigned long, int *, int *, int *, int)","1","13","(32, 1, 1)","(1312, 1, 1)","0","8.6","Command line profiler metrics","smsp__sass_inst_executed_op_shared.max","inst","0"
"0","2424080","a100_fp16_energy_v2","127.0.0.1","void unnamed>::reg_mma_kernel<2>(unsigned long, float *, unsigned long, int *, int *, int *, int)","1","13","(32, 1, 1)","(1312, 1, 1)","0","8.6","Command line profiler metrics","smsp__sass_inst_executed_op_shared.min","inst","0"
"0","2424080","a100_fp16_energy_v2","127.0.0.1","void unnamed>::reg_mma_kernel<2>(unsigned long, float *, unsigned long, int *, int *, int *, int)","1","13","(32, 1, 1)","(1312, 1, 1)","0","8.6","Command line profiler metrics","smsp__sass_inst_executed_op_shared.sum","inst","0"
"0","2424080","a100_fp16_energy_v2","127.0.0.1","void unnamed>::reg_mma_kernel<2>(unsigned long, float *, unsigned long, int *, int *, int *, int)","1","13","(32, 1, 1)","(1312, 1, 1)","0","8.6","Command line profiler metrics","smsp__sass_inst_executed_op_shared_ld.avg","inst","0"
"0","2424080","a100_fp16_energy_v2","127.0.0.1","void unnamed>::reg_mma_kernel<2>(unsigned long, float *, unsigned long, int *, int *, int *, int)","1","13","(32, 1, 1)","(1312, 1, 1)","0","8.6","Command line profiler metrics","smsp__sass_inst_executed_op_shared_ld.max","inst","0"
"0","2424080","a100_fp16_energy_v2","127.0.0.1","void unnamed>::reg_mma_kernel<2>(unsigned long, float *, unsigned long, int *, int *, int *, int)","1","13","(32, 1, 1)","(1312, 1, 1)","0","8.6","Command line profiler metrics","smsp__sass_inst_executed_op_shared_ld.min","inst","0"
"0","2424080","a100_fp16_energy_v2","127.0.0.1","void unnamed>::reg_mma_kernel<2>(unsigned long, float *, unsigned long, int *, int *, int *, int)","1","13","(32, 1, 1)","(1312, 1, 1)","0","8.6","Command line profiler metrics","smsp__sass_inst_executed_op_shared_ld.sum","inst","0"
"0","2424080","a100_fp16_energy_v2","127.0.0.1","void unnamed>::reg_mma_kernel<2>(unsigned long, float *, unsigned long, int *, int *, int *, int)","1","13","(32, 1, 1)","(1312, 1, 1)","0","8.6","Command line profiler metrics","smsp__sass_inst_executed_op_shared_st.avg","inst","0"
"0","2424080","a100_fp16_energy_v2","127.0.0.1","void unnamed>::reg_mma_kernel<2>(unsigned long, float *, unsigned long, int *, int *, int *, int)","1","13","(32, 1, 1)","(1312, 1, 1)","0","8.6","Command line profiler metrics","smsp__sass_inst_executed_op_shared_st.max","inst","0"
"0","2424080","a100_fp16_energy_v2","127.0.0.1","void unnamed>::reg_mma_kernel<2>(unsigned long, float *, unsigned long, int *, int *, int *, int)","1","13","(32, 1, 1)","(1312, 1, 1)","0","8.6","Command line profiler metrics","smsp__sass_inst_executed_op_shared_st.min","inst","0"
"0","2424080","a100_fp16_energy_v2","127.0.0.1","void unnamed>::reg_mma_kernel<2>(unsigned long, float *, unsigned long, int *, int *, int *, int)","1","13","(32, 1, 1)","(1312, 1, 1)","0","8.6","Command line profiler metrics","smsp__sass_inst_executed_op_shared_st.sum","inst","0"
"0","2424080","a100_fp16_energy_v2","127.0.0.1","void unnamed>::reg_mma_kernel<2>(unsigned long, float *, unsigned long, int *, int *, int *, int)","1","13","(32, 1, 1)","(1312, 1, 1)","0","8.6","Command line profiler metrics","smsp__sass_l1tex_data_bank_conflicts_pipe_lsu_mem_shared_op_ldsm.avg","","0"
"0","2424080","a100_fp16_energy_v2","127.0.0.1","void unnamed>::reg_mma_kernel<2>(unsigned long, float *, unsigned long, int *, int *, int *, int)","1","13","(32, 1, 1)","(1312, 1, 1)","0","8.6","Command line profiler metrics","smsp__sass_l1tex_data_bank_conflicts_pipe_lsu_mem_shared_op_ldsm.max","","0"
"0","2424080","a100_fp16_energy_v2","127.0.0.1","void unnamed>::reg_mma_kernel<2>(unsigned long, float *, unsigned long, int *, int *, int *, int)","1","13","(32, 1, 1)","(1312, 1, 1)","0","8.6","Command line profiler metrics","smsp__sass_l1tex_data_bank_conflicts_pipe_lsu_mem_shared_op_ldsm.min","","0"
"0","2424080","a100_fp16_energy_v2","127.0.0.1","void unnamed>::reg_mma_kernel<2>(unsigned long, float *, unsigned long, int *, int *, int *, int)","1","13","(32, 1, 1)","(1312, 1, 1)","0","8.6","Command line profiler metrics","smsp__sass_l1tex_data_bank_conflicts_pipe_lsu_mem_shared_op_ldsm.sum","","0"
"0","2424080","a100_fp16_energy_v2","127.0.0.1","void unnamed>::reg_mma_kernel<2>(unsigned long, float *, unsigned long, int *, int *, int *, int)","1","13","(32, 1, 1)","(1312, 1, 1)","0","8.6","Command line profiler metrics","smsp__sass_l1tex_data_bank_conflicts_pipe_lsu_mem_shared_op_st.avg","","0"
"0","2424080","a100_fp16_energy_v2","127.0.0.1","void unnamed>::reg_mma_kernel<2>(unsigned long, float *, unsigned long, int *, int *, int *, int)","1","13","(32, 1, 1)","(1312, 1, 1)","0","8.6","Command line profiler metrics","smsp__sass_l1tex_data_bank_conflicts_pipe_lsu_mem_shared_op_st.max","","0"
"0","2424080","a100_fp16_energy_v2","127.0.0.1","void unnamed>::reg_mma_kernel<2>(unsigned long, float *, unsigned long, int *, int *, int *, int)","1","13","(32, 1, 1)","(1312, 1, 1)","0","8.6","Command line profiler metrics","smsp__sass_l1tex_data_bank_conflicts_pipe_lsu_mem_shared_op_st.min","","0"
"0","2424080","a100_fp16_energy_v2","127.0.0.1","void unnamed>::reg_mma_kernel<2>(unsigned long, float *, unsigned long, int *, int *, int *, int)","1","13","(32, 1, 1)","(1312, 1, 1)","0","8.6","Command line profiler metrics","smsp__sass_l1tex_data_bank_conflicts_pipe_lsu_mem_shared_op_st.sum","","0"
"0","2424080","a100_fp16_energy_v2","127.0.0.1","void unnamed>::reg_mma_kernel<2>(unsigned long, float *, unsigned long, int *, int *, int *, int)","1","13","(32, 1, 1)","(1312, 1, 1)","0","8.6","Command line profiler metrics","smsp__sass_l1tex_data_pipe_lsu_wavefronts_mem_shared_op_ld.avg","","0"
"0","2424080","a100_fp16_energy_v2","127.0.0.1","void unnamed>::reg_mma_kernel<2>(unsigned long, float *, unsigned long, int *, int *, int *, int)","1","13","(32, 1, 1)","(1312, 1, 1)","0","8.6","Command line profiler metrics","smsp__sass_l1tex_data_pipe_lsu_wavefronts_mem_shared_op_ld.max","","0"
"0","2424080","a100_fp16_energy_v2","127.0.0.1","void unnamed>::reg_mma_kernel<2>(unsigned long, float *, unsigned long, int *, int *, int *, int)","1","13","(32, 1, 1)","(1312, 1, 1)","0","8.6","Command line profiler metrics","smsp__sass_l1tex_data_pipe_lsu_wavefronts_mem_shared_op_ld.min","","0"
"0","2424080","a100_fp16_energy_v2","127.0.0.1","void unnamed>::reg_mma_kernel<2>(unsigned long, float *, unsigned long, int *, int *, int *, int)","1","13","(32, 1, 1)","(1312, 1, 1)","0","8.6","Command line profiler metrics","smsp__sass_l1tex_data_pipe_lsu_wavefronts_mem_shared_op_ld.sum","","0"
"0","2424080","a100_fp16_energy_v2","127.0.0.1","void unnamed>::reg_mma_kernel<2>(unsigned long, float *, unsigned long, int *, int *, int *, int)","1","13","(32, 1, 1)","(1312, 1, 1)","0","8.6","Command line profiler metrics","smsp__sass_l1tex_data_pipe_lsu_wavefronts_mem_shared_op_ldsm.avg","","0"
"0","2424080","a100_fp16_energy_v2","127.0.0.1","void unnamed>::reg_mma_kernel<2>(unsigned long, float *, unsigned long, int *, int *, int *, int)","1","13","(32, 1, 1)","(1312, 1, 1)","0","8.6","Command line profiler metrics","smsp__sass_l1tex_data_pipe_lsu_wavefronts_mem_shared_op_ldsm.max","","0"
"0","2424080","a100_fp16_energy_v2","127.0.0.1","void unnamed>::reg_mma_kernel<2>(unsigned long, float *, unsigned long, int *, int *, int *, int)","1","13","(32, 1, 1)","(1312, 1, 1)","0","8.6","Command line profiler metrics","smsp__sass_l1tex_data_pipe_lsu_wavefronts_mem_shared_op_ldsm.min","","0"
"0","2424080","a100_fp16_energy_v2","127.0.0.1","void unnamed>::reg_mma_kernel<2>(unsigned long, float *, unsigned long, int *, int *, int *, int)","1","13","(32, 1, 1)","(1312, 1, 1)","0","8.6","Command line profiler metrics","smsp__sass_l1tex_data_pipe_lsu_wavefronts_mem_shared_op_ldsm.sum","","0"
"0","2424080","a100_fp16_energy_v2","127.0.0.1","void unnamed>::reg_mma_kernel<2>(unsigned long, float *, unsigned long, int *, int *, int *, int)","1","13","(32, 1, 1)","(1312, 1, 1)","0","8.6","Command line profiler metrics","smsp__sass_l1tex_data_pipe_lsu_wavefronts_mem_shared_op_st.avg","","0"
"0","2424080","a100_fp16_energy_v2","127.0.0.1","void unnamed>::reg_mma_kernel<2>(unsigned long, float *, unsigned long, int *, int *, int *, int)","1","13","(32, 1, 1)","(1312, 1, 1)","0","8.6","Command line profiler metrics","smsp__sass_l1tex_data_pipe_lsu_wavefronts_mem_shared_op_st.max","","0"
"0","2424080","a100_fp16_energy_v2","127.0.0.1","void unnamed>::reg_mma_kernel<2>(unsigned long, float *, unsigned long, int *, int *, int *, int)","1","13","(32, 1, 1)","(1312, 1, 1)","0","8.6","Command line profiler metrics","smsp__sass_l1tex_data_pipe_lsu_wavefronts_mem_shared_op_st.min","","0"
"0","2424080","a100_fp16_energy_v2","127.0.0.1","void unnamed>::reg_mma_kernel<2>(unsigned long, float *, unsigned long, int *, int *, int *, int)","1","13","(32, 1, 1)","(1312, 1, 1)","0","8.6","Command line profiler metrics","smsp__sass_l1tex_data_pipe_lsu_wavefronts_mem_shared_op_st.sum","","0"
