run_id,gpu_id,n_gpu_active,mode,W_SM_KiB,blocks_per_SM,threads_per_block,active_SM,ITER,sweeps,elapsed_s,E_before_mJ,measurement_start_epoch_ms,measurement_end_epoch_ms,E_after_mJ,delta_E_J,idle_baseline_J,net_E_J,N_MMA,FLOP,input_bits,w_block_bytes,tiles_per_block,reuse_factor,load_repeat,store_repeat,reg_payload_bytes_per_block,reg_payload_regs_per_thread,reg_payload_bytes_per_sm,expected_reg_pressure_ops,expected_reg_operand_ops,expected_shared_bytes,expected_l1_bytes,expected_l2_bytes,expected_dram_bytes,expected_store_bytes,expected_addr_ops,pJ_per_FLOP,pJ_per_input_bit,ncu_tensor_inst,ncu_shared_bytes,ncu_l1_bytes,ncu_l2_bytes,ncu_dram_bytes,ncu_spill_bytes,smid_histogram_ok,clock_sm_mhz,clock_mem_mhz,temp_C,profile_name,architecture_family,chip,compute_capability,sm_count,l2_mib,unified_l1_shared_kib_per_sm,shared_kib_per_sm,tensor_modes,energy_source,energy_integration_method,measurement_scope,mode_family,denominator_level,nvml_total_energy_supported,nvml_power_usage_semantics,nvml_field_power_instant_supported,nvml_field_power_average_supported,power_before_mw,power_after_mw,power_sample_count,power_sample_period_ms,driver_version,nvml_version,notes
shared_scalar_addr_only_1784031918082_r0,0,1,shared_scalar_addr_only,64,8,32,82,14321218,0,9.895248919,3498401183,1784031908181,1784031918076,3501199697,2798.514,869.696429039,1928.81757096,0,0,0,8192,8,1,4,1,0,0,0,0,0,0,0,0,0,2624,37578876032,0,0,0,0,0,0,0,0,true,1920,9501,77,rtx3090,ampere_ga10x,ga102,8.6,82,6,128,100,"implemented:fp16_wmma;hardware_optional:tf32,bf16,int8,int4,sparsity",nvml_total_energy,total_energy_mj_delta,gpu_device_total_energy_counter,shared_address_control,expected_addr_ops,true,one_sec_average,false,false,20482,311165,0,0,591.86,13.590.57,"regime=shared_resident;feasibility_reason=W_SM + B KiB fits rtx3090 shared memory capacity; full-GPU working set also fits nominal L2;target_profile=rtx3090;architecture_family=ampere_ga10x;chip=ga102;target_full_sm=82;target_l2_mib=6;target_unified_l1_shared_kib_per_sm=128;target_shared_kib_per_sm=100;target_max_shared_kib_per_block=99;external_memory_technology=GDDR6X;external_memory_topology=off_package_board;external_memory_coefficient_scope=effective_gpu_device_external_read_path;input_data_pattern=splitmix64_uniform_fp16_v1;nvml_power_usage_semantics=one_sec_average;tensor_modes=implemented:fp16_wmma;hardware_optional:tf32,bf16,int8,int4,sparsity;shared_resident=1;l2_candidate=1;dram_candidate=0;row_scope=per_gpu;logical_op=warp_m16n16k16;wmma_fallback=1;reuse_factor=1;load_repeat=4;store_repeat=1;global_warmup_passes=1;l2_residency_policy=normal;l2_address_layout=contiguous;reg_payload_bytes_per_block=0;reg_payload_regs_per_thread=0;reg_payload_bytes_per_sm=0;expected_reg_pressure_ops=0;expected_reg_operand_ops=0;expected_shared_bytes=0;expected_l1_bytes=0;expected_l2_bytes=0;expected_dram_bytes=0;expected_store_bytes=2624;expected_addr_ops=37578876032;measurement_scope=gpu_device_total_energy_counter;mode_family=shared_address_control;denominator_level=expected_addr_ops;gpu_active=1;energy_source=nvml_total_energy;power_mw=20482;nvml_field_api_unavailable=no_nvml_header;power_limit_mw=370000;ecc_unavailable=Not Supported;energy_source=nvml_total_energy;power_mw=311165;nvml_field_api_unavailable=no_nvml_header;power_limit_mw=370000;ecc_unavailable=Not Supported;smid_unique=82;smid_total_blocks=656;smid_max_blocks_on_sm=8;runtime_device_name=NVIDIA GeForce RTX 3090;runtime_compute_capability=8.6;runtime_sm_count=82;runtime_l2_bytes=6291456;runtime_persisting_l2_max_bytes=4325376;runtime_access_policy_max_window_bytes=134213632;runtime_shared_mem_per_block_optin_bytes=101376;l2_residency_policy=normal;l2_address_layout=contiguous;logical_input_bytes=0;physical_input_bytes=0;global_block_stride_bytes=0;global_block_stride_guard_bytes=0;shared_pair_kernel_revision=matched_shared_addr_v1;measurement_interval_clock=steady_clock_anchored_epoch;"
shared_scalar_load_only_1784031936154_r0,0,1,shared_scalar_load_only,64,8,32,82,14321218,7160609,10.145242092,3502065692,1784031926004,1784031936149,3505152760,3087.068,847.464153723,2239.60384628,0,0,0,8192,8,1,4,1,0,0,0,0,0,38480769056768,0,0,0,2624,0,0,0,0,0,0,0,0,0,true,1905,9501,79,rtx3090,ampere_ga10x,ga102,8.6,82,6,128,100,"implemented:fp16_wmma;hardware_optional:tf32,bf16,int8,int4,sparsity",nvml_total_energy,total_energy_mj_delta,gpu_device_total_energy_counter,shared,expected_shared_bytes_static,true,one_sec_average,false,false,21633,346043,0,0,591.86,13.590.57,"regime=shared_resident;feasibility_reason=W_SM + B KiB fits rtx3090 shared memory capacity; full-GPU working set also fits nominal L2;target_profile=rtx3090;architecture_family=ampere_ga10x;chip=ga102;target_full_sm=82;target_l2_mib=6;target_unified_l1_shared_kib_per_sm=128;target_shared_kib_per_sm=100;target_max_shared_kib_per_block=99;external_memory_technology=GDDR6X;external_memory_topology=off_package_board;external_memory_coefficient_scope=effective_gpu_device_external_read_path;input_data_pattern=splitmix64_uniform_fp16_v1;nvml_power_usage_semantics=one_sec_average;tensor_modes=implemented:fp16_wmma;hardware_optional:tf32,bf16,int8,int4,sparsity;shared_resident=1;l2_candidate=1;dram_candidate=0;row_scope=per_gpu;logical_op=warp_m16n16k16;wmma_fallback=1;reuse_factor=1;load_repeat=4;store_repeat=1;global_warmup_passes=1;l2_residency_policy=normal;l2_address_layout=contiguous;reg_payload_bytes_per_block=0;reg_payload_regs_per_thread=0;reg_payload_bytes_per_sm=0;expected_reg_pressure_ops=0;expected_reg_operand_ops=0;expected_shared_bytes=38480769056768;expected_l1_bytes=0;expected_l2_bytes=0;expected_dram_bytes=0;expected_store_bytes=2624;expected_addr_ops=0;measurement_scope=gpu_device_total_energy_counter;mode_family=shared;denominator_level=expected_shared_bytes_static;gpu_active=1;shared_init_included=1;energy_source=nvml_total_energy;power_mw=21633;nvml_field_api_unavailable=no_nvml_header;power_limit_mw=370000;ecc_unavailable=Not Supported;energy_source=nvml_total_energy;power_mw=346043;nvml_field_api_unavailable=no_nvml_header;power_limit_mw=370000;ecc_unavailable=Not Supported;smid_unique=82;smid_total_blocks=656;smid_max_blocks_on_sm=8;runtime_device_name=NVIDIA GeForce RTX 3090;runtime_compute_capability=8.6;runtime_sm_count=82;runtime_l2_bytes=6291456;runtime_persisting_l2_max_bytes=4325376;runtime_access_policy_max_window_bytes=134213632;runtime_shared_mem_per_block_optin_bytes=101376;l2_residency_policy=normal;l2_address_layout=contiguous;logical_input_bytes=0;physical_input_bytes=0;global_block_stride_bytes=0;global_block_stride_guard_bytes=0;shared_pair_kernel_revision=matched_shared_addr_v1;measurement_interval_clock=steady_clock_anchored_epoch;"
shared_scalar_load_only_1784031955523_r0,0,1,shared_scalar_load_only,64,8,32,82,8299264,8299264,11.420550442,3506054511,1784031946466,1784031957887,3509536119,3481.608,967.694511604,2513.9134884,0,0,0,8192,8,1,8,1,0,0,0,0,0,44599846371328,0,0,0,2624,0,0,0,0,0,0,0,0,0,true,1905,9501,80,rtx3090,ampere_ga10x,ga102,8.6,82,6,128,100,"implemented:fp16_wmma;hardware_optional:tf32,bf16,int8,int4,sparsity",nvml_total_energy,total_energy_mj_delta,gpu_device_total_energy_counter,shared,expected_shared_bytes_static,true,one_sec_average,false,false,22017,344164,0,0,591.86,13.590.57,"regime=shared_resident;feasibility_reason=W_SM + B KiB fits rtx3090 shared memory capacity; full-GPU working set also fits nominal L2;target_profile=rtx3090;architecture_family=ampere_ga10x;chip=ga102;target_full_sm=82;target_l2_mib=6;target_unified_l1_shared_kib_per_sm=128;target_shared_kib_per_sm=100;target_max_shared_kib_per_block=99;external_memory_technology=GDDR6X;external_memory_topology=off_package_board;external_memory_coefficient_scope=effective_gpu_device_external_read_path;input_data_pattern=splitmix64_uniform_fp16_v1;nvml_power_usage_semantics=one_sec_average;tensor_modes=implemented:fp16_wmma;hardware_optional:tf32,bf16,int8,int4,sparsity;shared_resident=1;l2_candidate=1;dram_candidate=0;row_scope=per_gpu;logical_op=warp_m16n16k16;wmma_fallback=1;reuse_factor=1;load_repeat=8;store_repeat=1;global_warmup_passes=1;l2_residency_policy=normal;l2_address_layout=contiguous;reg_payload_bytes_per_block=0;reg_payload_regs_per_thread=0;reg_payload_bytes_per_sm=0;expected_reg_pressure_ops=0;expected_reg_operand_ops=0;expected_shared_bytes=44599846371328;expected_l1_bytes=0;expected_l2_bytes=0;expected_dram_bytes=0;expected_store_bytes=2624;expected_addr_ops=0;measurement_scope=gpu_device_total_energy_counter;mode_family=shared;denominator_level=expected_shared_bytes_static;gpu_active=1;shared_init_included=1;energy_source=nvml_total_energy;power_mw=22017;nvml_field_api_unavailable=no_nvml_header;power_limit_mw=370000;ecc_unavailable=Not Supported;energy_source=nvml_total_energy;power_mw=344164;nvml_field_api_unavailable=no_nvml_header;power_limit_mw=370000;ecc_unavailable=Not Supported;smid_unique=82;smid_total_blocks=656;smid_max_blocks_on_sm=8;runtime_device_name=NVIDIA GeForce RTX 3090;runtime_compute_capability=8.6;runtime_sm_count=82;runtime_l2_bytes=6291456;runtime_persisting_l2_max_bytes=4325376;runtime_access_policy_max_window_bytes=134213632;runtime_shared_mem_per_block_optin_bytes=101376;l2_residency_policy=normal;l2_address_layout=contiguous;logical_input_bytes=0;physical_input_bytes=0;global_block_stride_bytes=0;global_block_stride_guard_bytes=0;shared_pair_kernel_revision=matched_shared_addr_v1;measurement_interval_clock=steady_clock_anchored_epoch;"
shared_scalar_addr_only_1784031977049_r0,0,1,shared_scalar_addr_only,64,8,32,82,8299264,0,11.148057366,3510513001,1784031965871,1784031977019,3513721222,3208.221,1044.53446602,2163.68653398,0,0,0,8192,8,1,8,1,0,0,0,0,0,0,0,0,0,2624,43554537472,0,0,0,0,0,0,0,0,true,1920,9501,79,rtx3090,ampere_ga10x,ga102,8.6,82,6,128,100,"implemented:fp16_wmma;hardware_optional:tf32,bf16,int8,int4,sparsity",nvml_total_energy,total_energy_mj_delta,gpu_device_total_energy_counter,shared_address_control,expected_addr_ops,true,one_sec_average,false,false,22605,295441,0,0,591.86,13.590.57,"regime=shared_resident;feasibility_reason=W_SM + B KiB fits rtx3090 shared memory capacity; full-GPU working set also fits nominal L2;target_profile=rtx3090;architecture_family=ampere_ga10x;chip=ga102;target_full_sm=82;target_l2_mib=6;target_unified_l1_shared_kib_per_sm=128;target_shared_kib_per_sm=100;target_max_shared_kib_per_block=99;external_memory_technology=GDDR6X;external_memory_topology=off_package_board;external_memory_coefficient_scope=effective_gpu_device_external_read_path;input_data_pattern=splitmix64_uniform_fp16_v1;nvml_power_usage_semantics=one_sec_average;tensor_modes=implemented:fp16_wmma;hardware_optional:tf32,bf16,int8,int4,sparsity;shared_resident=1;l2_candidate=1;dram_candidate=0;row_scope=per_gpu;logical_op=warp_m16n16k16;wmma_fallback=1;reuse_factor=1;load_repeat=8;store_repeat=1;global_warmup_passes=1;l2_residency_policy=normal;l2_address_layout=contiguous;reg_payload_bytes_per_block=0;reg_payload_regs_per_thread=0;reg_payload_bytes_per_sm=0;expected_reg_pressure_ops=0;expected_reg_operand_ops=0;expected_shared_bytes=0;expected_l1_bytes=0;expected_l2_bytes=0;expected_dram_bytes=0;expected_store_bytes=2624;expected_addr_ops=43554537472;measurement_scope=gpu_device_total_energy_counter;mode_family=shared_address_control;denominator_level=expected_addr_ops;gpu_active=1;energy_source=nvml_total_energy;power_mw=22605;nvml_field_api_unavailable=no_nvml_header;power_limit_mw=370000;ecc_unavailable=Not Supported;energy_source=nvml_total_energy;power_mw=295441;nvml_field_api_unavailable=no_nvml_header;power_limit_mw=370000;ecc_unavailable=Not Supported;smid_unique=82;smid_total_blocks=656;smid_max_blocks_on_sm=8;runtime_device_name=NVIDIA GeForce RTX 3090;runtime_compute_capability=8.6;runtime_sm_count=82;runtime_l2_bytes=6291456;runtime_persisting_l2_max_bytes=4325376;runtime_access_policy_max_window_bytes=134213632;runtime_shared_mem_per_block_optin_bytes=101376;l2_residency_policy=normal;l2_address_layout=contiguous;logical_input_bytes=0;physical_input_bytes=0;global_block_stride_bytes=0;global_block_stride_guard_bytes=0;shared_pair_kernel_revision=matched_shared_addr_v1;measurement_interval_clock=steady_clock_anchored_epoch;"
shared_scalar_addr_only_1784031994764_r0,0,1,shared_scalar_addr_only,64,8,32,82,3747475,0,9.82205532,3514607627,1784031984932,1784031994754,3517464675,2857.048,827.768730291,2029.27926971,0,0,0,8192,8,1,16,1,0,0,0,0,0,0,0,0,0,2624,39333497600,0,0,0,0,0,0,0,0,true,1905,9501,74,rtx3090,ampere_ga10x,ga102,8.6,82,6,128,100,"implemented:fp16_wmma;hardware_optional:tf32,bf16,int8,int4,sparsity",nvml_total_energy,total_energy_mj_delta,gpu_device_total_energy_counter,shared_address_control,expected_addr_ops,true,one_sec_average,false,false,21834,290110,0,0,591.86,13.590.57,"regime=shared_resident;feasibility_reason=W_SM + B KiB fits rtx3090 shared memory capacity; full-GPU working set also fits nominal L2;target_profile=rtx3090;architecture_family=ampere_ga10x;chip=ga102;target_full_sm=82;target_l2_mib=6;target_unified_l1_shared_kib_per_sm=128;target_shared_kib_per_sm=100;target_max_shared_kib_per_block=99;external_memory_technology=GDDR6X;external_memory_topology=off_package_board;external_memory_coefficient_scope=effective_gpu_device_external_read_path;input_data_pattern=splitmix64_uniform_fp16_v1;nvml_power_usage_semantics=one_sec_average;tensor_modes=implemented:fp16_wmma;hardware_optional:tf32,bf16,int8,int4,sparsity;shared_resident=1;l2_candidate=1;dram_candidate=0;row_scope=per_gpu;logical_op=warp_m16n16k16;wmma_fallback=1;reuse_factor=1;load_repeat=16;store_repeat=1;global_warmup_passes=1;l2_residency_policy=normal;l2_address_layout=contiguous;reg_payload_bytes_per_block=0;reg_payload_regs_per_thread=0;reg_payload_bytes_per_sm=0;expected_reg_pressure_ops=0;expected_reg_operand_ops=0;expected_shared_bytes=0;expected_l1_bytes=0;expected_l2_bytes=0;expected_dram_bytes=0;expected_store_bytes=2624;expected_addr_ops=39333497600;measurement_scope=gpu_device_total_energy_counter;mode_family=shared_address_control;denominator_level=expected_addr_ops;gpu_active=1;energy_source=nvml_total_energy;power_mw=21834;nvml_field_api_unavailable=no_nvml_header;power_limit_mw=370000;ecc_unavailable=Not Supported;energy_source=nvml_total_energy;power_mw=290110;nvml_field_api_unavailable=no_nvml_header;power_limit_mw=370000;ecc_unavailable=Not Supported;smid_unique=82;smid_total_blocks=656;smid_max_blocks_on_sm=8;runtime_device_name=NVIDIA GeForce RTX 3090;runtime_compute_capability=8.6;runtime_sm_count=82;runtime_l2_bytes=6291456;runtime_persisting_l2_max_bytes=4325376;runtime_access_policy_max_window_bytes=134213632;runtime_shared_mem_per_block_optin_bytes=101376;l2_residency_policy=normal;l2_address_layout=contiguous;logical_input_bytes=0;physical_input_bytes=0;global_block_stride_bytes=0;global_block_stride_guard_bytes=0;shared_pair_kernel_revision=matched_shared_addr_v1;measurement_interval_clock=steady_clock_anchored_epoch;"
shared_scalar_load_only_1784032012764_r0,0,1,shared_scalar_load_only,64,8,32,82,3747475,7494950,10.070574108,3518401270,1784032005035,1784032015106,3521499867,3098.597,913.219975153,2185.37702485,0,0,0,8192,8,1,16,1,0,0,0,0,0,40277501542400,0,0,0,2624,0,0,0,0,0,0,0,0,0,true,1905,9501,80,rtx3090,ampere_ga10x,ga102,8.6,82,6,128,100,"implemented:fp16_wmma;hardware_optional:tf32,bf16,int8,int4,sparsity",nvml_total_energy,total_energy_mj_delta,gpu_device_total_energy_counter,shared,expected_shared_bytes_static,true,one_sec_average,false,false,23572,340911,0,0,591.86,13.590.57,"regime=shared_resident;feasibility_reason=W_SM + B KiB fits rtx3090 shared memory capacity; full-GPU working set also fits nominal L2;target_profile=rtx3090;architecture_family=ampere_ga10x;chip=ga102;target_full_sm=82;target_l2_mib=6;target_unified_l1_shared_kib_per_sm=128;target_shared_kib_per_sm=100;target_max_shared_kib_per_block=99;external_memory_technology=GDDR6X;external_memory_topology=off_package_board;external_memory_coefficient_scope=effective_gpu_device_external_read_path;input_data_pattern=splitmix64_uniform_fp16_v1;nvml_power_usage_semantics=one_sec_average;tensor_modes=implemented:fp16_wmma;hardware_optional:tf32,bf16,int8,int4,sparsity;shared_resident=1;l2_candidate=1;dram_candidate=0;row_scope=per_gpu;logical_op=warp_m16n16k16;wmma_fallback=1;reuse_factor=1;load_repeat=16;store_repeat=1;global_warmup_passes=1;l2_residency_policy=normal;l2_address_layout=contiguous;reg_payload_bytes_per_block=0;reg_payload_regs_per_thread=0;reg_payload_bytes_per_sm=0;expected_reg_pressure_ops=0;expected_reg_operand_ops=0;expected_shared_bytes=40277501542400;expected_l1_bytes=0;expected_l2_bytes=0;expected_dram_bytes=0;expected_store_bytes=2624;expected_addr_ops=0;measurement_scope=gpu_device_total_energy_counter;mode_family=shared;denominator_level=expected_shared_bytes_static;gpu_active=1;shared_init_included=1;energy_source=nvml_total_energy;power_mw=23572;nvml_field_api_unavailable=no_nvml_header;power_limit_mw=370000;ecc_unavailable=Not Supported;energy_source=nvml_total_energy;power_mw=340911;nvml_field_api_unavailable=no_nvml_header;power_limit_mw=370000;ecc_unavailable=Not Supported;smid_unique=82;smid_total_blocks=656;smid_max_blocks_on_sm=8;runtime_device_name=NVIDIA GeForce RTX 3090;runtime_compute_capability=8.6;runtime_sm_count=82;runtime_l2_bytes=6291456;runtime_persisting_l2_max_bytes=4325376;runtime_access_policy_max_window_bytes=134213632;runtime_shared_mem_per_block_optin_bytes=101376;l2_residency_policy=normal;l2_address_layout=contiguous;logical_input_bytes=0;physical_input_bytes=0;global_block_stride_bytes=0;global_block_stride_guard_bytes=0;shared_pair_kernel_revision=matched_shared_addr_v1;measurement_interval_clock=steady_clock_anchored_epoch;"
shared_scalar_addr_only_1784032034419_r0,0,1,shared_scalar_addr_only,64,8,32,82,8299264,0,11.104990631,3522434174,1784032023309,1784032034414,3525666563,3232.389,978.492756799,2253.8962432,0,0,0,8192,8,1,8,1,0,0,0,0,0,0,0,0,0,2624,43554537472,0,0,0,0,0,0,0,0,true,1905,9501,75,rtx3090,ampere_ga10x,ga102,8.6,82,6,128,100,"implemented:fp16_wmma;hardware_optional:tf32,bf16,int8,int4,sparsity",nvml_total_energy,total_energy_mj_delta,gpu_device_total_energy_counter,shared_address_control,expected_addr_ops,true,one_sec_average,false,false,21844,304417,0,0,591.86,13.590.57,"regime=shared_resident;feasibility_reason=W_SM + B KiB fits rtx3090 shared memory capacity; full-GPU working set also fits nominal L2;target_profile=rtx3090;architecture_family=ampere_ga10x;chip=ga102;target_full_sm=82;target_l2_mib=6;target_unified_l1_shared_kib_per_sm=128;target_shared_kib_per_sm=100;target_max_shared_kib_per_block=99;external_memory_technology=GDDR6X;external_memory_topology=off_package_board;external_memory_coefficient_scope=effective_gpu_device_external_read_path;input_data_pattern=splitmix64_uniform_fp16_v1;nvml_power_usage_semantics=one_sec_average;tensor_modes=implemented:fp16_wmma;hardware_optional:tf32,bf16,int8,int4,sparsity;shared_resident=1;l2_candidate=1;dram_candidate=0;row_scope=per_gpu;logical_op=warp_m16n16k16;wmma_fallback=1;reuse_factor=1;load_repeat=8;store_repeat=1;global_warmup_passes=1;l2_residency_policy=normal;l2_address_layout=contiguous;reg_payload_bytes_per_block=0;reg_payload_regs_per_thread=0;reg_payload_bytes_per_sm=0;expected_reg_pressure_ops=0;expected_reg_operand_ops=0;expected_shared_bytes=0;expected_l1_bytes=0;expected_l2_bytes=0;expected_dram_bytes=0;expected_store_bytes=2624;expected_addr_ops=43554537472;measurement_scope=gpu_device_total_energy_counter;mode_family=shared_address_control;denominator_level=expected_addr_ops;gpu_active=1;energy_source=nvml_total_energy;power_mw=21844;nvml_field_api_unavailable=no_nvml_header;power_limit_mw=370000;ecc_unavailable=Not Supported;energy_source=nvml_total_energy;power_mw=304417;nvml_field_api_unavailable=no_nvml_header;power_limit_mw=370000;ecc_unavailable=Not Supported;smid_unique=82;smid_total_blocks=656;smid_max_blocks_on_sm=8;runtime_device_name=NVIDIA GeForce RTX 3090;runtime_compute_capability=8.6;runtime_sm_count=82;runtime_l2_bytes=6291456;runtime_persisting_l2_max_bytes=4325376;runtime_access_policy_max_window_bytes=134213632;runtime_shared_mem_per_block_optin_bytes=101376;l2_residency_policy=normal;l2_address_layout=contiguous;logical_input_bytes=0;physical_input_bytes=0;global_block_stride_bytes=0;global_block_stride_guard_bytes=0;shared_pair_kernel_revision=matched_shared_addr_v1;measurement_interval_clock=steady_clock_anchored_epoch;"
shared_scalar_load_only_1784032053798_r0,0,1,shared_scalar_load_only,64,8,32,82,8299264,8299264,11.444463416,3526599021,1784032042344,1784032053788,3530100897,3501.876,1030.14923071,2471.72676929,0,0,0,8192,8,1,8,1,0,0,0,0,0,44599846371328,0,0,0,2624,0,0,0,0,0,0,0,0,0,true,1905,9501,81,rtx3090,ampere_ga10x,ga102,8.6,82,6,128,100,"implemented:fp16_wmma;hardware_optional:tf32,bf16,int8,int4,sparsity",nvml_total_energy,total_energy_mj_delta,gpu_device_total_energy_counter,shared,expected_shared_bytes_static,true,one_sec_average,false,false,22041,345202,0,0,591.86,13.590.57,"regime=shared_resident;feasibility_reason=W_SM + B KiB fits rtx3090 shared memory capacity; full-GPU working set also fits nominal L2;target_profile=rtx3090;architecture_family=ampere_ga10x;chip=ga102;target_full_sm=82;target_l2_mib=6;target_unified_l1_shared_kib_per_sm=128;target_shared_kib_per_sm=100;target_max_shared_kib_per_block=99;external_memory_technology=GDDR6X;external_memory_topology=off_package_board;external_memory_coefficient_scope=effective_gpu_device_external_read_path;input_data_pattern=splitmix64_uniform_fp16_v1;nvml_power_usage_semantics=one_sec_average;tensor_modes=implemented:fp16_wmma;hardware_optional:tf32,bf16,int8,int4,sparsity;shared_resident=1;l2_candidate=1;dram_candidate=0;row_scope=per_gpu;logical_op=warp_m16n16k16;wmma_fallback=1;reuse_factor=1;load_repeat=8;store_repeat=1;global_warmup_passes=1;l2_residency_policy=normal;l2_address_layout=contiguous;reg_payload_bytes_per_block=0;reg_payload_regs_per_thread=0;reg_payload_bytes_per_sm=0;expected_reg_pressure_ops=0;expected_reg_operand_ops=0;expected_shared_bytes=44599846371328;expected_l1_bytes=0;expected_l2_bytes=0;expected_dram_bytes=0;expected_store_bytes=2624;expected_addr_ops=0;measurement_scope=gpu_device_total_energy_counter;mode_family=shared;denominator_level=expected_shared_bytes_static;gpu_active=1;shared_init_included=1;energy_source=nvml_total_energy;power_mw=22041;nvml_field_api_unavailable=no_nvml_header;power_limit_mw=370000;ecc_unavailable=Not Supported;energy_source=nvml_total_energy;power_mw=345202;nvml_field_api_unavailable=no_nvml_header;power_limit_mw=370000;ecc_unavailable=Not Supported;smid_unique=82;smid_total_blocks=656;smid_max_blocks_on_sm=8;runtime_device_name=NVIDIA GeForce RTX 3090;runtime_compute_capability=8.6;runtime_sm_count=82;runtime_l2_bytes=6291456;runtime_persisting_l2_max_bytes=4325376;runtime_access_policy_max_window_bytes=134213632;runtime_shared_mem_per_block_optin_bytes=101376;l2_residency_policy=normal;l2_address_layout=contiguous;logical_input_bytes=0;physical_input_bytes=0;global_block_stride_bytes=0;global_block_stride_guard_bytes=0;shared_pair_kernel_revision=matched_shared_addr_v1;measurement_interval_clock=steady_clock_anchored_epoch;"
shared_scalar_load_only_1784032071857_r0,0,1,shared_scalar_load_only,64,8,32,82,3747475,7494950,10.100133365,3531014365,1784032064054,1784032074154,3534122954,3108.589,889.599631093,2218.98936891,0,0,0,8192,8,1,16,1,0,0,0,0,0,40277501542400,0,0,0,2624,0,0,0,0,0,0,0,0,0,true,1905,9501,81,rtx3090,ampere_ga10x,ga102,8.6,82,6,128,100,"implemented:fp16_wmma;hardware_optional:tf32,bf16,int8,int4,sparsity",nvml_total_energy,total_energy_mj_delta,gpu_device_total_energy_counter,shared,expected_shared_bytes_static,true,one_sec_average,false,false,22337,342739,0,0,591.86,13.590.57,"regime=shared_resident;feasibility_reason=W_SM + B KiB fits rtx3090 shared memory capacity; full-GPU working set also fits nominal L2;target_profile=rtx3090;architecture_family=ampere_ga10x;chip=ga102;target_full_sm=82;target_l2_mib=6;target_unified_l1_shared_kib_per_sm=128;target_shared_kib_per_sm=100;target_max_shared_kib_per_block=99;external_memory_technology=GDDR6X;external_memory_topology=off_package_board;external_memory_coefficient_scope=effective_gpu_device_external_read_path;input_data_pattern=splitmix64_uniform_fp16_v1;nvml_power_usage_semantics=one_sec_average;tensor_modes=implemented:fp16_wmma;hardware_optional:tf32,bf16,int8,int4,sparsity;shared_resident=1;l2_candidate=1;dram_candidate=0;row_scope=per_gpu;logical_op=warp_m16n16k16;wmma_fallback=1;reuse_factor=1;load_repeat=16;store_repeat=1;global_warmup_passes=1;l2_residency_policy=normal;l2_address_layout=contiguous;reg_payload_bytes_per_block=0;reg_payload_regs_per_thread=0;reg_payload_bytes_per_sm=0;expected_reg_pressure_ops=0;expected_reg_operand_ops=0;expected_shared_bytes=40277501542400;expected_l1_bytes=0;expected_l2_bytes=0;expected_dram_bytes=0;expected_store_bytes=2624;expected_addr_ops=0;measurement_scope=gpu_device_total_energy_counter;mode_family=shared;denominator_level=expected_shared_bytes_static;gpu_active=1;shared_init_included=1;energy_source=nvml_total_energy;power_mw=22337;nvml_field_api_unavailable=no_nvml_header;power_limit_mw=370000;ecc_unavailable=Not Supported;energy_source=nvml_total_energy;power_mw=342739;nvml_field_api_unavailable=no_nvml_header;power_limit_mw=370000;ecc_unavailable=Not Supported;smid_unique=82;smid_total_blocks=656;smid_max_blocks_on_sm=8;runtime_device_name=NVIDIA GeForce RTX 3090;runtime_compute_capability=8.6;runtime_sm_count=82;runtime_l2_bytes=6291456;runtime_persisting_l2_max_bytes=4325376;runtime_access_policy_max_window_bytes=134213632;runtime_shared_mem_per_block_optin_bytes=101376;l2_residency_policy=normal;l2_address_layout=contiguous;logical_input_bytes=0;physical_input_bytes=0;global_block_stride_bytes=0;global_block_stride_guard_bytes=0;shared_pair_kernel_revision=matched_shared_addr_v1;measurement_interval_clock=steady_clock_anchored_epoch;"
shared_scalar_addr_only_1784032092132_r0,0,1,shared_scalar_addr_only,64,8,32,82,3747475,0,9.933979367,3535040666,1784032082190,1784032092124,3537906902,2866.236,866.374360617,1999.86163938,0,0,0,8192,8,1,16,1,0,0,0,0,0,0,0,0,0,2624,39333497600,0,0,0,0,0,0,0,0,true,1905,9501,79,rtx3090,ampere_ga10x,ga102,8.6,82,6,128,100,"implemented:fp16_wmma;hardware_optional:tf32,bf16,int8,int4,sparsity",nvml_total_energy,total_energy_mj_delta,gpu_device_total_energy_counter,shared_address_control,expected_addr_ops,true,one_sec_average,false,false,23039,291065,0,0,591.86,13.590.57,"regime=shared_resident;feasibility_reason=W_SM + B KiB fits rtx3090 shared memory capacity; full-GPU working set also fits nominal L2;target_profile=rtx3090;architecture_family=ampere_ga10x;chip=ga102;target_full_sm=82;target_l2_mib=6;target_unified_l1_shared_kib_per_sm=128;target_shared_kib_per_sm=100;target_max_shared_kib_per_block=99;external_memory_technology=GDDR6X;external_memory_topology=off_package_board;external_memory_coefficient_scope=effective_gpu_device_external_read_path;input_data_pattern=splitmix64_uniform_fp16_v1;nvml_power_usage_semantics=one_sec_average;tensor_modes=implemented:fp16_wmma;hardware_optional:tf32,bf16,int8,int4,sparsity;shared_resident=1;l2_candidate=1;dram_candidate=0;row_scope=per_gpu;logical_op=warp_m16n16k16;wmma_fallback=1;reuse_factor=1;load_repeat=16;store_repeat=1;global_warmup_passes=1;l2_residency_policy=normal;l2_address_layout=contiguous;reg_payload_bytes_per_block=0;reg_payload_regs_per_thread=0;reg_payload_bytes_per_sm=0;expected_reg_pressure_ops=0;expected_reg_operand_ops=0;expected_shared_bytes=0;expected_l1_bytes=0;expected_l2_bytes=0;expected_dram_bytes=0;expected_store_bytes=2624;expected_addr_ops=39333497600;measurement_scope=gpu_device_total_energy_counter;mode_family=shared_address_control;denominator_level=expected_addr_ops;gpu_active=1;energy_source=nvml_total_energy;power_mw=23039;nvml_field_api_unavailable=no_nvml_header;power_limit_mw=370000;ecc_unavailable=Not Supported;energy_source=nvml_total_energy;power_mw=291065;nvml_field_api_unavailable=no_nvml_header;power_limit_mw=370000;ecc_unavailable=Not Supported;smid_unique=82;smid_total_blocks=656;smid_max_blocks_on_sm=8;runtime_device_name=NVIDIA GeForce RTX 3090;runtime_compute_capability=8.6;runtime_sm_count=82;runtime_l2_bytes=6291456;runtime_persisting_l2_max_bytes=4325376;runtime_access_policy_max_window_bytes=134213632;runtime_shared_mem_per_block_optin_bytes=101376;l2_residency_policy=normal;l2_address_layout=contiguous;logical_input_bytes=0;physical_input_bytes=0;global_block_stride_bytes=0;global_block_stride_guard_bytes=0;shared_pair_kernel_revision=matched_shared_addr_v1;measurement_interval_clock=steady_clock_anchored_epoch;"
shared_scalar_load_only_1784032110157_r0,0,1,shared_scalar_load_only,64,8,32,82,14321218,7160609,10.182483875,3538852490,1784032099969,1784032110151,3541972613,3120.123,932.603250938,2187.51974906,0,0,0,8192,8,1,4,1,0,0,0,0,0,38480769056768,0,0,0,2624,0,0,0,0,0,0,0,0,0,true,1890,9501,81,rtx3090,ampere_ga10x,ga102,8.6,82,6,128,100,"implemented:fp16_wmma;hardware_optional:tf32,bf16,int8,int4,sparsity",nvml_total_energy,total_energy_mj_delta,gpu_device_total_energy_counter,shared,expected_shared_bytes_static,true,one_sec_average,false,false,22594,347877,0,0,591.86,13.590.57,"regime=shared_resident;feasibility_reason=W_SM + B KiB fits rtx3090 shared memory capacity; full-GPU working set also fits nominal L2;target_profile=rtx3090;architecture_family=ampere_ga10x;chip=ga102;target_full_sm=82;target_l2_mib=6;target_unified_l1_shared_kib_per_sm=128;target_shared_kib_per_sm=100;target_max_shared_kib_per_block=99;external_memory_technology=GDDR6X;external_memory_topology=off_package_board;external_memory_coefficient_scope=effective_gpu_device_external_read_path;input_data_pattern=splitmix64_uniform_fp16_v1;nvml_power_usage_semantics=one_sec_average;tensor_modes=implemented:fp16_wmma;hardware_optional:tf32,bf16,int8,int4,sparsity;shared_resident=1;l2_candidate=1;dram_candidate=0;row_scope=per_gpu;logical_op=warp_m16n16k16;wmma_fallback=1;reuse_factor=1;load_repeat=4;store_repeat=1;global_warmup_passes=1;l2_residency_policy=normal;l2_address_layout=contiguous;reg_payload_bytes_per_block=0;reg_payload_regs_per_thread=0;reg_payload_bytes_per_sm=0;expected_reg_pressure_ops=0;expected_reg_operand_ops=0;expected_shared_bytes=38480769056768;expected_l1_bytes=0;expected_l2_bytes=0;expected_dram_bytes=0;expected_store_bytes=2624;expected_addr_ops=0;measurement_scope=gpu_device_total_energy_counter;mode_family=shared;denominator_level=expected_shared_bytes_static;gpu_active=1;shared_init_included=1;energy_source=nvml_total_energy;power_mw=22594;nvml_field_api_unavailable=no_nvml_header;power_limit_mw=370000;ecc_unavailable=Not Supported;energy_source=nvml_total_energy;power_mw=347877;nvml_field_api_unavailable=no_nvml_header;power_limit_mw=370000;ecc_unavailable=Not Supported;smid_unique=82;smid_total_blocks=656;smid_max_blocks_on_sm=8;runtime_device_name=NVIDIA GeForce RTX 3090;runtime_compute_capability=8.6;runtime_sm_count=82;runtime_l2_bytes=6291456;runtime_persisting_l2_max_bytes=4325376;runtime_access_policy_max_window_bytes=134213632;runtime_shared_mem_per_block_optin_bytes=101376;l2_residency_policy=normal;l2_address_layout=contiguous;logical_input_bytes=0;physical_input_bytes=0;global_block_stride_bytes=0;global_block_stride_guard_bytes=0;shared_pair_kernel_revision=matched_shared_addr_v1;measurement_interval_clock=steady_clock_anchored_epoch;"
shared_scalar_addr_only_1784032128069_r0,0,1,shared_scalar_addr_only,64,8,32,82,14321218,0,9.881391271,3542930437,1784032120471,1784032130352,3545791443,2861.006,891.562577334,1969.44342267,0,0,0,8192,8,1,4,1,0,0,0,0,0,0,0,0,0,2624,37578876032,0,0,0,0,0,0,0,0,true,1905,9501,79,rtx3090,ampere_ga10x,ga102,8.6,82,6,128,100,"implemented:fp16_wmma;hardware_optional:tf32,bf16,int8,int4,sparsity",nvml_total_energy,total_energy_mj_delta,gpu_device_total_energy_counter,shared_address_control,expected_addr_ops,true,one_sec_average,false,false,21929,308331,0,0,591.86,13.590.57,"regime=shared_resident;feasibility_reason=W_SM + B KiB fits rtx3090 shared memory capacity; full-GPU working set also fits nominal L2;target_profile=rtx3090;architecture_family=ampere_ga10x;chip=ga102;target_full_sm=82;target_l2_mib=6;target_unified_l1_shared_kib_per_sm=128;target_shared_kib_per_sm=100;target_max_shared_kib_per_block=99;external_memory_technology=GDDR6X;external_memory_topology=off_package_board;external_memory_coefficient_scope=effective_gpu_device_external_read_path;input_data_pattern=splitmix64_uniform_fp16_v1;nvml_power_usage_semantics=one_sec_average;tensor_modes=implemented:fp16_wmma;hardware_optional:tf32,bf16,int8,int4,sparsity;shared_resident=1;l2_candidate=1;dram_candidate=0;row_scope=per_gpu;logical_op=warp_m16n16k16;wmma_fallback=1;reuse_factor=1;load_repeat=4;store_repeat=1;global_warmup_passes=1;l2_residency_policy=normal;l2_address_layout=contiguous;reg_payload_bytes_per_block=0;reg_payload_regs_per_thread=0;reg_payload_bytes_per_sm=0;expected_reg_pressure_ops=0;expected_reg_operand_ops=0;expected_shared_bytes=0;expected_l1_bytes=0;expected_l2_bytes=0;expected_dram_bytes=0;expected_store_bytes=2624;expected_addr_ops=37578876032;measurement_scope=gpu_device_total_energy_counter;mode_family=shared_address_control;denominator_level=expected_addr_ops;gpu_active=1;energy_source=nvml_total_energy;power_mw=21929;nvml_field_api_unavailable=no_nvml_header;power_limit_mw=370000;ecc_unavailable=Not Supported;energy_source=nvml_total_energy;power_mw=308331;nvml_field_api_unavailable=no_nvml_header;power_limit_mw=370000;ecc_unavailable=Not Supported;smid_unique=82;smid_total_blocks=656;smid_max_blocks_on_sm=8;runtime_device_name=NVIDIA GeForce RTX 3090;runtime_compute_capability=8.6;runtime_sm_count=82;runtime_l2_bytes=6291456;runtime_persisting_l2_max_bytes=4325376;runtime_access_policy_max_window_bytes=134213632;runtime_shared_mem_per_block_optin_bytes=101376;l2_residency_policy=normal;l2_address_layout=contiguous;logical_input_bytes=0;physical_input_bytes=0;global_block_stride_bytes=0;global_block_stride_guard_bytes=0;shared_pair_kernel_revision=matched_shared_addr_v1;measurement_interval_clock=steady_clock_anchored_epoch;"
shared_scalar_addr_only_1784032148434_r0,0,1,shared_scalar_addr_only,64,8,32,82,3747475,0,10.029087499,3546757819,1784032138359,1784032148388,3549615185,2857.366,939.766235125,1917.59976488,0,0,0,8192,8,1,16,1,0,0,0,0,0,0,0,0,0,2624,39333497600,0,0,0,0,0,0,0,0,true,1920,9501,80,rtx3090,ampere_ga10x,ga102,8.6,82,6,128,100,"implemented:fp16_wmma;hardware_optional:tf32,bf16,int8,int4,sparsity",nvml_total_energy,total_energy_mj_delta,gpu_device_total_energy_counter,shared_address_control,expected_addr_ops,true,one_sec_average,false,false,23062,290633,0,0,591.86,13.590.57,"regime=shared_resident;feasibility_reason=W_SM + B KiB fits rtx3090 shared memory capacity; full-GPU working set also fits nominal L2;target_profile=rtx3090;architecture_family=ampere_ga10x;chip=ga102;target_full_sm=82;target_l2_mib=6;target_unified_l1_shared_kib_per_sm=128;target_shared_kib_per_sm=100;target_max_shared_kib_per_block=99;external_memory_technology=GDDR6X;external_memory_topology=off_package_board;external_memory_coefficient_scope=effective_gpu_device_external_read_path;input_data_pattern=splitmix64_uniform_fp16_v1;nvml_power_usage_semantics=one_sec_average;tensor_modes=implemented:fp16_wmma;hardware_optional:tf32,bf16,int8,int4,sparsity;shared_resident=1;l2_candidate=1;dram_candidate=0;row_scope=per_gpu;logical_op=warp_m16n16k16;wmma_fallback=1;reuse_factor=1;load_repeat=16;store_repeat=1;global_warmup_passes=1;l2_residency_policy=normal;l2_address_layout=contiguous;reg_payload_bytes_per_block=0;reg_payload_regs_per_thread=0;reg_payload_bytes_per_sm=0;expected_reg_pressure_ops=0;expected_reg_operand_ops=0;expected_shared_bytes=0;expected_l1_bytes=0;expected_l2_bytes=0;expected_dram_bytes=0;expected_store_bytes=2624;expected_addr_ops=39333497600;measurement_scope=gpu_device_total_energy_counter;mode_family=shared_address_control;denominator_level=expected_addr_ops;gpu_active=1;energy_source=nvml_total_energy;power_mw=23062;nvml_field_api_unavailable=no_nvml_header;power_limit_mw=370000;ecc_unavailable=Not Supported;energy_source=nvml_total_energy;power_mw=290633;nvml_field_api_unavailable=no_nvml_header;power_limit_mw=370000;ecc_unavailable=Not Supported;smid_unique=82;smid_total_blocks=656;smid_max_blocks_on_sm=8;runtime_device_name=NVIDIA GeForce RTX 3090;runtime_compute_capability=8.6;runtime_sm_count=82;runtime_l2_bytes=6291456;runtime_persisting_l2_max_bytes=4325376;runtime_access_policy_max_window_bytes=134213632;runtime_shared_mem_per_block_optin_bytes=101376;l2_residency_policy=normal;l2_address_layout=contiguous;logical_input_bytes=0;physical_input_bytes=0;global_block_stride_bytes=0;global_block_stride_guard_bytes=0;shared_pair_kernel_revision=matched_shared_addr_v1;measurement_interval_clock=steady_clock_anchored_epoch;"
shared_scalar_load_only_1784032166503_r0,0,1,shared_scalar_load_only,64,8,32,82,3747475,7494950,10.210467177,3550502672,1784032158705,1784032168915,3553611322,3108.65,860.112249004,2248.537751,0,0,0,8192,8,1,16,1,0,0,0,0,0,40277501542400,0,0,0,2624,0,0,0,0,0,0,0,0,0,true,1905,9501,81,rtx3090,ampere_ga10x,ga102,8.6,82,6,128,100,"implemented:fp16_wmma;hardware_optional:tf32,bf16,int8,int4,sparsity",nvml_total_energy,total_energy_mj_delta,gpu_device_total_energy_counter,shared,expected_shared_bytes_static,true,one_sec_average,false,false,22483,338794,0,0,591.86,13.590.57,"regime=shared_resident;feasibility_reason=W_SM + B KiB fits rtx3090 shared memory capacity; full-GPU working set also fits nominal L2;target_profile=rtx3090;architecture_family=ampere_ga10x;chip=ga102;target_full_sm=82;target_l2_mib=6;target_unified_l1_shared_kib_per_sm=128;target_shared_kib_per_sm=100;target_max_shared_kib_per_block=99;external_memory_technology=GDDR6X;external_memory_topology=off_package_board;external_memory_coefficient_scope=effective_gpu_device_external_read_path;input_data_pattern=splitmix64_uniform_fp16_v1;nvml_power_usage_semantics=one_sec_average;tensor_modes=implemented:fp16_wmma;hardware_optional:tf32,bf16,int8,int4,sparsity;shared_resident=1;l2_candidate=1;dram_candidate=0;row_scope=per_gpu;logical_op=warp_m16n16k16;wmma_fallback=1;reuse_factor=1;load_repeat=16;store_repeat=1;global_warmup_passes=1;l2_residency_policy=normal;l2_address_layout=contiguous;reg_payload_bytes_per_block=0;reg_payload_regs_per_thread=0;reg_payload_bytes_per_sm=0;expected_reg_pressure_ops=0;expected_reg_operand_ops=0;expected_shared_bytes=40277501542400;expected_l1_bytes=0;expected_l2_bytes=0;expected_dram_bytes=0;expected_store_bytes=2624;expected_addr_ops=0;measurement_scope=gpu_device_total_energy_counter;mode_family=shared;denominator_level=expected_shared_bytes_static;gpu_active=1;shared_init_included=1;energy_source=nvml_total_energy;power_mw=22483;nvml_field_api_unavailable=no_nvml_header;power_limit_mw=370000;ecc_unavailable=Not Supported;energy_source=nvml_total_energy;power_mw=338794;nvml_field_api_unavailable=no_nvml_header;power_limit_mw=370000;ecc_unavailable=Not Supported;smid_unique=82;smid_total_blocks=656;smid_max_blocks_on_sm=8;runtime_device_name=NVIDIA GeForce RTX 3090;runtime_compute_capability=8.6;runtime_sm_count=82;runtime_l2_bytes=6291456;runtime_persisting_l2_max_bytes=4325376;runtime_access_policy_max_window_bytes=134213632;runtime_shared_mem_per_block_optin_bytes=101376;l2_residency_policy=normal;l2_address_layout=contiguous;logical_input_bytes=0;physical_input_bytes=0;global_block_stride_bytes=0;global_block_stride_guard_bytes=0;shared_pair_kernel_revision=matched_shared_addr_v1;measurement_interval_clock=steady_clock_anchored_epoch;"
shared_scalar_addr_only_1784032186745_r0,0,1,shared_scalar_addr_only,64,8,32,82,14321218,0,9.947731827,3554586980,1784032176789,1784032186737,3557450043,2863.063,940.87202506,1922.19097494,0,0,0,8192,8,1,4,1,0,0,0,0,0,0,0,0,0,2624,37578876032,0,0,0,0,0,0,0,0,true,1905,9501,79,rtx3090,ampere_ga10x,ga102,8.6,82,6,128,100,"implemented:fp16_wmma;hardware_optional:tf32,bf16,int8,int4,sparsity",nvml_total_energy,total_energy_mj_delta,gpu_device_total_energy_counter,shared_address_control,expected_addr_ops,true,one_sec_average,false,false,22978,307755,0,0,591.86,13.590.57,"regime=shared_resident;feasibility_reason=W_SM + B KiB fits rtx3090 shared memory capacity; full-GPU working set also fits nominal L2;target_profile=rtx3090;architecture_family=ampere_ga10x;chip=ga102;target_full_sm=82;target_l2_mib=6;target_unified_l1_shared_kib_per_sm=128;target_shared_kib_per_sm=100;target_max_shared_kib_per_block=99;external_memory_technology=GDDR6X;external_memory_topology=off_package_board;external_memory_coefficient_scope=effective_gpu_device_external_read_path;input_data_pattern=splitmix64_uniform_fp16_v1;nvml_power_usage_semantics=one_sec_average;tensor_modes=implemented:fp16_wmma;hardware_optional:tf32,bf16,int8,int4,sparsity;shared_resident=1;l2_candidate=1;dram_candidate=0;row_scope=per_gpu;logical_op=warp_m16n16k16;wmma_fallback=1;reuse_factor=1;load_repeat=4;store_repeat=1;global_warmup_passes=1;l2_residency_policy=normal;l2_address_layout=contiguous;reg_payload_bytes_per_block=0;reg_payload_regs_per_thread=0;reg_payload_bytes_per_sm=0;expected_reg_pressure_ops=0;expected_reg_operand_ops=0;expected_shared_bytes=0;expected_l1_bytes=0;expected_l2_bytes=0;expected_dram_bytes=0;expected_store_bytes=2624;expected_addr_ops=37578876032;measurement_scope=gpu_device_total_energy_counter;mode_family=shared_address_control;denominator_level=expected_addr_ops;gpu_active=1;energy_source=nvml_total_energy;power_mw=22978;nvml_field_api_unavailable=no_nvml_header;power_limit_mw=370000;ecc_unavailable=Not Supported;energy_source=nvml_total_energy;power_mw=307755;nvml_field_api_unavailable=no_nvml_header;power_limit_mw=370000;ecc_unavailable=Not Supported;smid_unique=82;smid_total_blocks=656;smid_max_blocks_on_sm=8;runtime_device_name=NVIDIA GeForce RTX 3090;runtime_compute_capability=8.6;runtime_sm_count=82;runtime_l2_bytes=6291456;runtime_persisting_l2_max_bytes=4325376;runtime_access_policy_max_window_bytes=134213632;runtime_shared_mem_per_block_optin_bytes=101376;l2_residency_policy=normal;l2_address_layout=contiguous;logical_input_bytes=0;physical_input_bytes=0;global_block_stride_bytes=0;global_block_stride_guard_bytes=0;shared_pair_kernel_revision=matched_shared_addr_v1;measurement_interval_clock=steady_clock_anchored_epoch;"
shared_scalar_load_only_1784032204925_r0,0,1,shared_scalar_load_only,64,8,32,82,14321218,7160609,10.204234449,3558363998,1784032194715,1784032204919,3561484442,3120.444,884.683606428,2235.76039357,0,0,0,8192,8,1,4,1,0,0,0,0,0,38480769056768,0,0,0,2624,0,0,0,0,0,0,0,0,0,true,1905,9501,81,rtx3090,ampere_ga10x,ga102,8.6,82,6,128,100,"implemented:fp16_wmma;hardware_optional:tf32,bf16,int8,int4,sparsity",nvml_total_energy,total_energy_mj_delta,gpu_device_total_energy_counter,shared,expected_shared_bytes_static,true,one_sec_average,false,false,22066,348866,0,0,591.86,13.590.57,"regime=shared_resident;feasibility_reason=W_SM + B KiB fits rtx3090 shared memory capacity; full-GPU working set also fits nominal L2;target_profile=rtx3090;architecture_family=ampere_ga10x;chip=ga102;target_full_sm=82;target_l2_mib=6;target_unified_l1_shared_kib_per_sm=128;target_shared_kib_per_sm=100;target_max_shared_kib_per_block=99;external_memory_technology=GDDR6X;external_memory_topology=off_package_board;external_memory_coefficient_scope=effective_gpu_device_external_read_path;input_data_pattern=splitmix64_uniform_fp16_v1;nvml_power_usage_semantics=one_sec_average;tensor_modes=implemented:fp16_wmma;hardware_optional:tf32,bf16,int8,int4,sparsity;shared_resident=1;l2_candidate=1;dram_candidate=0;row_scope=per_gpu;logical_op=warp_m16n16k16;wmma_fallback=1;reuse_factor=1;load_repeat=4;store_repeat=1;global_warmup_passes=1;l2_residency_policy=normal;l2_address_layout=contiguous;reg_payload_bytes_per_block=0;reg_payload_regs_per_thread=0;reg_payload_bytes_per_sm=0;expected_reg_pressure_ops=0;expected_reg_operand_ops=0;expected_shared_bytes=38480769056768;expected_l1_bytes=0;expected_l2_bytes=0;expected_dram_bytes=0;expected_store_bytes=2624;expected_addr_ops=0;measurement_scope=gpu_device_total_energy_counter;mode_family=shared;denominator_level=expected_shared_bytes_static;gpu_active=1;shared_init_included=1;energy_source=nvml_total_energy;power_mw=22066;nvml_field_api_unavailable=no_nvml_header;power_limit_mw=370000;ecc_unavailable=Not Supported;energy_source=nvml_total_energy;power_mw=348866;nvml_field_api_unavailable=no_nvml_header;power_limit_mw=370000;ecc_unavailable=Not Supported;smid_unique=82;smid_total_blocks=656;smid_max_blocks_on_sm=8;runtime_device_name=NVIDIA GeForce RTX 3090;runtime_compute_capability=8.6;runtime_sm_count=82;runtime_l2_bytes=6291456;runtime_persisting_l2_max_bytes=4325376;runtime_access_policy_max_window_bytes=134213632;runtime_shared_mem_per_block_optin_bytes=101376;l2_residency_policy=normal;l2_address_layout=contiguous;logical_input_bytes=0;physical_input_bytes=0;global_block_stride_bytes=0;global_block_stride_guard_bytes=0;shared_pair_kernel_revision=matched_shared_addr_v1;measurement_interval_clock=steady_clock_anchored_epoch;"
shared_scalar_load_only_1784032224267_r0,0,1,shared_scalar_load_only,64,8,32,82,8299264,8299264,11.441560973,3562415046,1784032215245,1784032226687,3565920344,3505.298,995.956187141,2509.34181286,0,0,0,8192,8,1,8,1,0,0,0,0,0,44599846371328,0,0,0,2624,0,0,0,0,0,0,0,0,0,true,1905,9501,81,rtx3090,ampere_ga10x,ga102,8.6,82,6,128,100,"implemented:fp16_wmma;hardware_optional:tf32,bf16,int8,int4,sparsity",nvml_total_energy,total_energy_mj_delta,gpu_device_total_energy_counter,shared,expected_shared_bytes_static,true,one_sec_average,false,false,21503,346751,0,0,591.86,13.590.57,"regime=shared_resident;feasibility_reason=W_SM + B KiB fits rtx3090 shared memory capacity; full-GPU working set also fits nominal L2;target_profile=rtx3090;architecture_family=ampere_ga10x;chip=ga102;target_full_sm=82;target_l2_mib=6;target_unified_l1_shared_kib_per_sm=128;target_shared_kib_per_sm=100;target_max_shared_kib_per_block=99;external_memory_technology=GDDR6X;external_memory_topology=off_package_board;external_memory_coefficient_scope=effective_gpu_device_external_read_path;input_data_pattern=splitmix64_uniform_fp16_v1;nvml_power_usage_semantics=one_sec_average;tensor_modes=implemented:fp16_wmma;hardware_optional:tf32,bf16,int8,int4,sparsity;shared_resident=1;l2_candidate=1;dram_candidate=0;row_scope=per_gpu;logical_op=warp_m16n16k16;wmma_fallback=1;reuse_factor=1;load_repeat=8;store_repeat=1;global_warmup_passes=1;l2_residency_policy=normal;l2_address_layout=contiguous;reg_payload_bytes_per_block=0;reg_payload_regs_per_thread=0;reg_payload_bytes_per_sm=0;expected_reg_pressure_ops=0;expected_reg_operand_ops=0;expected_shared_bytes=44599846371328;expected_l1_bytes=0;expected_l2_bytes=0;expected_dram_bytes=0;expected_store_bytes=2624;expected_addr_ops=0;measurement_scope=gpu_device_total_energy_counter;mode_family=shared;denominator_level=expected_shared_bytes_static;gpu_active=1;shared_init_included=1;energy_source=nvml_total_energy;power_mw=21503;nvml_field_api_unavailable=no_nvml_header;power_limit_mw=370000;ecc_unavailable=Not Supported;energy_source=nvml_total_energy;power_mw=346751;nvml_field_api_unavailable=no_nvml_header;power_limit_mw=370000;ecc_unavailable=Not Supported;smid_unique=82;smid_total_blocks=656;smid_max_blocks_on_sm=8;runtime_device_name=NVIDIA GeForce RTX 3090;runtime_compute_capability=8.6;runtime_sm_count=82;runtime_l2_bytes=6291456;runtime_persisting_l2_max_bytes=4325376;runtime_access_policy_max_window_bytes=134213632;runtime_shared_mem_per_block_optin_bytes=101376;l2_residency_policy=normal;l2_address_layout=contiguous;logical_input_bytes=0;physical_input_bytes=0;global_block_stride_bytes=0;global_block_stride_guard_bytes=0;shared_pair_kernel_revision=matched_shared_addr_v1;measurement_interval_clock=steady_clock_anchored_epoch;"
shared_scalar_addr_only_1784032245570_r0,0,1,shared_scalar_addr_only,64,8,32,82,8299264,0,11.009245415,3566825282,1784032234528,1784032245537,3570035445,3210.163,955.508190847,2254.65480915,0,0,0,8192,8,1,8,1,0,0,0,0,0,0,0,0,0,2624,43554537472,0,0,0,0,0,0,0,0,true,1905,9501,80,rtx3090,ampere_ga10x,ga102,8.6,82,6,128,100,"implemented:fp16_wmma;hardware_optional:tf32,bf16,int8,int4,sparsity",nvml_total_energy,total_energy_mj_delta,gpu_device_total_energy_counter,shared_address_control,expected_addr_ops,true,one_sec_average,false,false,21611,308056,0,0,591.86,13.590.57,"regime=shared_resident;feasibility_reason=W_SM + B KiB fits rtx3090 shared memory capacity; full-GPU working set also fits nominal L2;target_profile=rtx3090;architecture_family=ampere_ga10x;chip=ga102;target_full_sm=82;target_l2_mib=6;target_unified_l1_shared_kib_per_sm=128;target_shared_kib_per_sm=100;target_max_shared_kib_per_block=99;external_memory_technology=GDDR6X;external_memory_topology=off_package_board;external_memory_coefficient_scope=effective_gpu_device_external_read_path;input_data_pattern=splitmix64_uniform_fp16_v1;nvml_power_usage_semantics=one_sec_average;tensor_modes=implemented:fp16_wmma;hardware_optional:tf32,bf16,int8,int4,sparsity;shared_resident=1;l2_candidate=1;dram_candidate=0;row_scope=per_gpu;logical_op=warp_m16n16k16;wmma_fallback=1;reuse_factor=1;load_repeat=8;store_repeat=1;global_warmup_passes=1;l2_residency_policy=normal;l2_address_layout=contiguous;reg_payload_bytes_per_block=0;reg_payload_regs_per_thread=0;reg_payload_bytes_per_sm=0;expected_reg_pressure_ops=0;expected_reg_operand_ops=0;expected_shared_bytes=0;expected_l1_bytes=0;expected_l2_bytes=0;expected_dram_bytes=0;expected_store_bytes=2624;expected_addr_ops=43554537472;measurement_scope=gpu_device_total_energy_counter;mode_family=shared_address_control;denominator_level=expected_addr_ops;gpu_active=1;energy_source=nvml_total_energy;power_mw=21611;nvml_field_api_unavailable=no_nvml_header;power_limit_mw=370000;ecc_unavailable=Not Supported;energy_source=nvml_total_energy;power_mw=308056;nvml_field_api_unavailable=no_nvml_header;power_limit_mw=370000;ecc_unavailable=Not Supported;smid_unique=82;smid_total_blocks=656;smid_max_blocks_on_sm=8;runtime_device_name=NVIDIA GeForce RTX 3090;runtime_compute_capability=8.6;runtime_sm_count=82;runtime_l2_bytes=6291456;runtime_persisting_l2_max_bytes=4325376;runtime_access_policy_max_window_bytes=134213632;runtime_shared_mem_per_block_optin_bytes=101376;l2_residency_policy=normal;l2_address_layout=contiguous;logical_input_bytes=0;physical_input_bytes=0;global_block_stride_bytes=0;global_block_stride_guard_bytes=0;shared_pair_kernel_revision=matched_shared_addr_v1;measurement_interval_clock=steady_clock_anchored_epoch;"
shared_scalar_load_only_1784032263815_r0,0,1,shared_scalar_load_only,64,8,32,82,14321218,7160609,10.266394486,3570956011,1784032253540,1784032263806,3574103536,3147.525,913.879171872,2233.64582813,0,0,0,8192,8,1,4,1,0,0,0,0,0,38480769056768,0,0,0,2624,0,0,0,0,0,0,0,0,0,true,1890,9501,81,rtx3090,ampere_ga10x,ga102,8.6,82,6,128,100,"implemented:fp16_wmma;hardware_optional:tf32,bf16,int8,int4,sparsity",nvml_total_energy,total_energy_mj_delta,gpu_device_total_energy_counter,shared,expected_shared_bytes_static,true,one_sec_average,false,false,23682,340495,0,0,591.86,13.590.57,"regime=shared_resident;feasibility_reason=W_SM + B KiB fits rtx3090 shared memory capacity; full-GPU working set also fits nominal L2;target_profile=rtx3090;architecture_family=ampere_ga10x;chip=ga102;target_full_sm=82;target_l2_mib=6;target_unified_l1_shared_kib_per_sm=128;target_shared_kib_per_sm=100;target_max_shared_kib_per_block=99;external_memory_technology=GDDR6X;external_memory_topology=off_package_board;external_memory_coefficient_scope=effective_gpu_device_external_read_path;input_data_pattern=splitmix64_uniform_fp16_v1;nvml_power_usage_semantics=one_sec_average;tensor_modes=implemented:fp16_wmma;hardware_optional:tf32,bf16,int8,int4,sparsity;shared_resident=1;l2_candidate=1;dram_candidate=0;row_scope=per_gpu;logical_op=warp_m16n16k16;wmma_fallback=1;reuse_factor=1;load_repeat=4;store_repeat=1;global_warmup_passes=1;l2_residency_policy=normal;l2_address_layout=contiguous;reg_payload_bytes_per_block=0;reg_payload_regs_per_thread=0;reg_payload_bytes_per_sm=0;expected_reg_pressure_ops=0;expected_reg_operand_ops=0;expected_shared_bytes=38480769056768;expected_l1_bytes=0;expected_l2_bytes=0;expected_dram_bytes=0;expected_store_bytes=2624;expected_addr_ops=0;measurement_scope=gpu_device_total_energy_counter;mode_family=shared;denominator_level=expected_shared_bytes_static;gpu_active=1;shared_init_included=1;energy_source=nvml_total_energy;power_mw=23682;nvml_field_api_unavailable=no_nvml_header;power_limit_mw=370000;ecc_unavailable=Not Supported;energy_source=nvml_total_energy;power_mw=340495;nvml_field_api_unavailable=no_nvml_header;power_limit_mw=370000;ecc_unavailable=Not Supported;smid_unique=82;smid_total_blocks=656;smid_max_blocks_on_sm=8;runtime_device_name=NVIDIA GeForce RTX 3090;runtime_compute_capability=8.6;runtime_sm_count=82;runtime_l2_bytes=6291456;runtime_persisting_l2_max_bytes=4325376;runtime_access_policy_max_window_bytes=134213632;runtime_shared_mem_per_block_optin_bytes=101376;l2_residency_policy=normal;l2_address_layout=contiguous;logical_input_bytes=0;physical_input_bytes=0;global_block_stride_bytes=0;global_block_stride_guard_bytes=0;shared_pair_kernel_revision=matched_shared_addr_v1;measurement_interval_clock=steady_clock_anchored_epoch;"
shared_scalar_addr_only_1784032281486_r0,0,1,shared_scalar_addr_only,64,8,32,82,14321218,0,9.811331381,3575010246,1784032274103,1784032283914,3577858429,2848.183,859.499595311,1988.68340469,0,0,0,8192,8,1,4,1,0,0,0,0,0,0,0,0,0,2624,37578876032,0,0,0,0,0,0,0,0,true,1905,9501,80,rtx3090,ampere_ga10x,ga102,8.6,82,6,128,100,"implemented:fp16_wmma;hardware_optional:tf32,bf16,int8,int4,sparsity",nvml_total_energy,total_energy_mj_delta,gpu_device_total_energy_counter,shared_address_control,expected_addr_ops,true,one_sec_average,false,false,22826,316020,0,0,591.86,13.590.57,"regime=shared_resident;feasibility_reason=W_SM + B KiB fits rtx3090 shared memory capacity; full-GPU working set also fits nominal L2;target_profile=rtx3090;architecture_family=ampere_ga10x;chip=ga102;target_full_sm=82;target_l2_mib=6;target_unified_l1_shared_kib_per_sm=128;target_shared_kib_per_sm=100;target_max_shared_kib_per_block=99;external_memory_technology=GDDR6X;external_memory_topology=off_package_board;external_memory_coefficient_scope=effective_gpu_device_external_read_path;input_data_pattern=splitmix64_uniform_fp16_v1;nvml_power_usage_semantics=one_sec_average;tensor_modes=implemented:fp16_wmma;hardware_optional:tf32,bf16,int8,int4,sparsity;shared_resident=1;l2_candidate=1;dram_candidate=0;row_scope=per_gpu;logical_op=warp_m16n16k16;wmma_fallback=1;reuse_factor=1;load_repeat=4;store_repeat=1;global_warmup_passes=1;l2_residency_policy=normal;l2_address_layout=contiguous;reg_payload_bytes_per_block=0;reg_payload_regs_per_thread=0;reg_payload_bytes_per_sm=0;expected_reg_pressure_ops=0;expected_reg_operand_ops=0;expected_shared_bytes=0;expected_l1_bytes=0;expected_l2_bytes=0;expected_dram_bytes=0;expected_store_bytes=2624;expected_addr_ops=37578876032;measurement_scope=gpu_device_total_energy_counter;mode_family=shared_address_control;denominator_level=expected_addr_ops;gpu_active=1;energy_source=nvml_total_energy;power_mw=22826;nvml_field_api_unavailable=no_nvml_header;power_limit_mw=370000;ecc_unavailable=Not Supported;energy_source=nvml_total_energy;power_mw=316020;nvml_field_api_unavailable=no_nvml_header;power_limit_mw=370000;ecc_unavailable=Not Supported;smid_unique=82;smid_total_blocks=656;smid_max_blocks_on_sm=8;runtime_device_name=NVIDIA GeForce RTX 3090;runtime_compute_capability=8.6;runtime_sm_count=82;runtime_l2_bytes=6291456;runtime_persisting_l2_max_bytes=4325376;runtime_access_policy_max_window_bytes=134213632;runtime_shared_mem_per_block_optin_bytes=101376;l2_residency_policy=normal;l2_address_layout=contiguous;logical_input_bytes=0;physical_input_bytes=0;global_block_stride_bytes=0;global_block_stride_guard_bytes=0;shared_pair_kernel_revision=matched_shared_addr_v1;measurement_interval_clock=steady_clock_anchored_epoch;"
shared_scalar_addr_only_1784032302836_r0,0,1,shared_scalar_addr_only,64,8,32,82,8299264,0,11.033867973,3578808294,1784032291785,1784032302819,3582042690,3234.396,1013.29413323,2221.10186677,0,0,0,8192,8,1,8,1,0,0,0,0,0,0,0,0,0,2624,43554537472,0,0,0,0,0,0,0,0,true,1905,9501,76,rtx3090,ampere_ga10x,ga102,8.6,82,6,128,100,"implemented:fp16_wmma;hardware_optional:tf32,bf16,int8,int4,sparsity",nvml_total_energy,total_energy_mj_delta,gpu_device_total_energy_counter,shared_address_control,expected_addr_ops,true,one_sec_average,false,false,22204,295705,0,0,591.86,13.590.57,"regime=shared_resident;feasibility_reason=W_SM + B KiB fits rtx3090 shared memory capacity; full-GPU working set also fits nominal L2;target_profile=rtx3090;architecture_family=ampere_ga10x;chip=ga102;target_full_sm=82;target_l2_mib=6;target_unified_l1_shared_kib_per_sm=128;target_shared_kib_per_sm=100;target_max_shared_kib_per_block=99;external_memory_technology=GDDR6X;external_memory_topology=off_package_board;external_memory_coefficient_scope=effective_gpu_device_external_read_path;input_data_pattern=splitmix64_uniform_fp16_v1;nvml_power_usage_semantics=one_sec_average;tensor_modes=implemented:fp16_wmma;hardware_optional:tf32,bf16,int8,int4,sparsity;shared_resident=1;l2_candidate=1;dram_candidate=0;row_scope=per_gpu;logical_op=warp_m16n16k16;wmma_fallback=1;reuse_factor=1;load_repeat=8;store_repeat=1;global_warmup_passes=1;l2_residency_policy=normal;l2_address_layout=contiguous;reg_payload_bytes_per_block=0;reg_payload_regs_per_thread=0;reg_payload_bytes_per_sm=0;expected_reg_pressure_ops=0;expected_reg_operand_ops=0;expected_shared_bytes=0;expected_l1_bytes=0;expected_l2_bytes=0;expected_dram_bytes=0;expected_store_bytes=2624;expected_addr_ops=43554537472;measurement_scope=gpu_device_total_energy_counter;mode_family=shared_address_control;denominator_level=expected_addr_ops;gpu_active=1;energy_source=nvml_total_energy;power_mw=22204;nvml_field_api_unavailable=no_nvml_header;power_limit_mw=370000;ecc_unavailable=Not Supported;energy_source=nvml_total_energy;power_mw=295705;nvml_field_api_unavailable=no_nvml_header;power_limit_mw=370000;ecc_unavailable=Not Supported;smid_unique=82;smid_total_blocks=656;smid_max_blocks_on_sm=8;runtime_device_name=NVIDIA GeForce RTX 3090;runtime_compute_capability=8.6;runtime_sm_count=82;runtime_l2_bytes=6291456;runtime_persisting_l2_max_bytes=4325376;runtime_access_policy_max_window_bytes=134213632;runtime_shared_mem_per_block_optin_bytes=101376;l2_residency_policy=normal;l2_address_layout=contiguous;logical_input_bytes=0;physical_input_bytes=0;global_block_stride_bytes=0;global_block_stride_guard_bytes=0;shared_pair_kernel_revision=matched_shared_addr_v1;measurement_interval_clock=steady_clock_anchored_epoch;"
shared_scalar_load_only_1784032322192_r0,0,1,shared_scalar_load_only,64,8,32,82,8299264,8299264,11.408374711,3583011602,1784032310778,1784032322186,3586516494,3504.892,1071.78626975,2433.10573025,0,0,0,8192,8,1,8,1,0,0,0,0,0,44599846371328,0,0,0,2624,0,0,0,0,0,0,0,0,0,true,1890,9501,81,rtx3090,ampere_ga10x,ga102,8.6,82,6,128,100,"implemented:fp16_wmma;hardware_optional:tf32,bf16,int8,int4,sparsity",nvml_total_energy,total_energy_mj_delta,gpu_device_total_energy_counter,shared,expected_shared_bytes_static,true,one_sec_average,false,false,23849,346303,0,0,591.86,13.590.57,"regime=shared_resident;feasibility_reason=W_SM + B KiB fits rtx3090 shared memory capacity; full-GPU working set also fits nominal L2;target_profile=rtx3090;architecture_family=ampere_ga10x;chip=ga102;target_full_sm=82;target_l2_mib=6;target_unified_l1_shared_kib_per_sm=128;target_shared_kib_per_sm=100;target_max_shared_kib_per_block=99;external_memory_technology=GDDR6X;external_memory_topology=off_package_board;external_memory_coefficient_scope=effective_gpu_device_external_read_path;input_data_pattern=splitmix64_uniform_fp16_v1;nvml_power_usage_semantics=one_sec_average;tensor_modes=implemented:fp16_wmma;hardware_optional:tf32,bf16,int8,int4,sparsity;shared_resident=1;l2_candidate=1;dram_candidate=0;row_scope=per_gpu;logical_op=warp_m16n16k16;wmma_fallback=1;reuse_factor=1;load_repeat=8;store_repeat=1;global_warmup_passes=1;l2_residency_policy=normal;l2_address_layout=contiguous;reg_payload_bytes_per_block=0;reg_payload_regs_per_thread=0;reg_payload_bytes_per_sm=0;expected_reg_pressure_ops=0;expected_reg_operand_ops=0;expected_shared_bytes=44599846371328;expected_l1_bytes=0;expected_l2_bytes=0;expected_dram_bytes=0;expected_store_bytes=2624;expected_addr_ops=0;measurement_scope=gpu_device_total_energy_counter;mode_family=shared;denominator_level=expected_shared_bytes_static;gpu_active=1;shared_init_included=1;energy_source=nvml_total_energy;power_mw=23849;nvml_field_api_unavailable=no_nvml_header;power_limit_mw=370000;ecc_unavailable=Not Supported;energy_source=nvml_total_energy;power_mw=346303;nvml_field_api_unavailable=no_nvml_header;power_limit_mw=370000;ecc_unavailable=Not Supported;smid_unique=82;smid_total_blocks=656;smid_max_blocks_on_sm=8;runtime_device_name=NVIDIA GeForce RTX 3090;runtime_compute_capability=8.6;runtime_sm_count=82;runtime_l2_bytes=6291456;runtime_persisting_l2_max_bytes=4325376;runtime_access_policy_max_window_bytes=134213632;runtime_shared_mem_per_block_optin_bytes=101376;l2_residency_policy=normal;l2_address_layout=contiguous;logical_input_bytes=0;physical_input_bytes=0;global_block_stride_bytes=0;global_block_stride_guard_bytes=0;shared_pair_kernel_revision=matched_shared_addr_v1;measurement_interval_clock=steady_clock_anchored_epoch;"
shared_scalar_load_only_1784032340380_r0,0,1,shared_scalar_load_only,64,8,32,82,3747475,7494950,10.247024439,3587487825,1784032332485,1784032342732,3590598057,3110.232,941.601022794,2168.63097721,0,0,0,8192,8,1,16,1,0,0,0,0,0,40277501542400,0,0,0,2624,0,0,0,0,0,0,0,0,0,true,1890,9501,81,rtx3090,ampere_ga10x,ga102,8.6,82,6,128,100,"implemented:fp16_wmma;hardware_optional:tf32,bf16,int8,int4,sparsity",nvml_total_energy,total_energy_mj_delta,gpu_device_total_energy_counter,shared,expected_shared_bytes_static,true,one_sec_average,false,false,23439,341036,0,0,591.86,13.590.57,"regime=shared_resident;feasibility_reason=W_SM + B KiB fits rtx3090 shared memory capacity; full-GPU working set also fits nominal L2;target_profile=rtx3090;architecture_family=ampere_ga10x;chip=ga102;target_full_sm=82;target_l2_mib=6;target_unified_l1_shared_kib_per_sm=128;target_shared_kib_per_sm=100;target_max_shared_kib_per_block=99;external_memory_technology=GDDR6X;external_memory_topology=off_package_board;external_memory_coefficient_scope=effective_gpu_device_external_read_path;input_data_pattern=splitmix64_uniform_fp16_v1;nvml_power_usage_semantics=one_sec_average;tensor_modes=implemented:fp16_wmma;hardware_optional:tf32,bf16,int8,int4,sparsity;shared_resident=1;l2_candidate=1;dram_candidate=0;row_scope=per_gpu;logical_op=warp_m16n16k16;wmma_fallback=1;reuse_factor=1;load_repeat=16;store_repeat=1;global_warmup_passes=1;l2_residency_policy=normal;l2_address_layout=contiguous;reg_payload_bytes_per_block=0;reg_payload_regs_per_thread=0;reg_payload_bytes_per_sm=0;expected_reg_pressure_ops=0;expected_reg_operand_ops=0;expected_shared_bytes=40277501542400;expected_l1_bytes=0;expected_l2_bytes=0;expected_dram_bytes=0;expected_store_bytes=2624;expected_addr_ops=0;measurement_scope=gpu_device_total_energy_counter;mode_family=shared;denominator_level=expected_shared_bytes_static;gpu_active=1;shared_init_included=1;energy_source=nvml_total_energy;power_mw=23439;nvml_field_api_unavailable=no_nvml_header;power_limit_mw=370000;ecc_unavailable=Not Supported;energy_source=nvml_total_energy;power_mw=341036;nvml_field_api_unavailable=no_nvml_header;power_limit_mw=370000;ecc_unavailable=Not Supported;smid_unique=82;smid_total_blocks=656;smid_max_blocks_on_sm=8;runtime_device_name=NVIDIA GeForce RTX 3090;runtime_compute_capability=8.6;runtime_sm_count=82;runtime_l2_bytes=6291456;runtime_persisting_l2_max_bytes=4325376;runtime_access_policy_max_window_bytes=134213632;runtime_shared_mem_per_block_optin_bytes=101376;l2_residency_policy=normal;l2_address_layout=contiguous;logical_input_bytes=0;physical_input_bytes=0;global_block_stride_bytes=0;global_block_stride_guard_bytes=0;shared_pair_kernel_revision=matched_shared_addr_v1;measurement_interval_clock=steady_clock_anchored_epoch;"
shared_scalar_addr_only_1784032360716_r0,0,1,shared_scalar_addr_only,64,8,32,82,3747475,0,10.009447325,3591555662,1784032350701,1784032360710,3594436658,2880.996,927.924092451,1953.07190755,0,0,0,8192,8,1,16,1,0,0,0,0,0,0,0,0,0,2624,39333497600,0,0,0,0,0,0,0,0,true,1905,9501,74,rtx3090,ampere_ga10x,ga102,8.6,82,6,128,100,"implemented:fp16_wmma;hardware_optional:tf32,bf16,int8,int4,sparsity",nvml_total_energy,total_energy_mj_delta,gpu_device_total_energy_counter,shared_address_control,expected_addr_ops,true,one_sec_average,false,false,22717,278157,0,0,591.86,13.590.57,"regime=shared_resident;feasibility_reason=W_SM + B KiB fits rtx3090 shared memory capacity; full-GPU working set also fits nominal L2;target_profile=rtx3090;architecture_family=ampere_ga10x;chip=ga102;target_full_sm=82;target_l2_mib=6;target_unified_l1_shared_kib_per_sm=128;target_shared_kib_per_sm=100;target_max_shared_kib_per_block=99;external_memory_technology=GDDR6X;external_memory_topology=off_package_board;external_memory_coefficient_scope=effective_gpu_device_external_read_path;input_data_pattern=splitmix64_uniform_fp16_v1;nvml_power_usage_semantics=one_sec_average;tensor_modes=implemented:fp16_wmma;hardware_optional:tf32,bf16,int8,int4,sparsity;shared_resident=1;l2_candidate=1;dram_candidate=0;row_scope=per_gpu;logical_op=warp_m16n16k16;wmma_fallback=1;reuse_factor=1;load_repeat=16;store_repeat=1;global_warmup_passes=1;l2_residency_policy=normal;l2_address_layout=contiguous;reg_payload_bytes_per_block=0;reg_payload_regs_per_thread=0;reg_payload_bytes_per_sm=0;expected_reg_pressure_ops=0;expected_reg_operand_ops=0;expected_shared_bytes=0;expected_l1_bytes=0;expected_l2_bytes=0;expected_dram_bytes=0;expected_store_bytes=2624;expected_addr_ops=39333497600;measurement_scope=gpu_device_total_energy_counter;mode_family=shared_address_control;denominator_level=expected_addr_ops;gpu_active=1;energy_source=nvml_total_energy;power_mw=22717;nvml_field_api_unavailable=no_nvml_header;power_limit_mw=370000;ecc_unavailable=Not Supported;energy_source=nvml_total_energy;power_mw=278157;nvml_field_api_unavailable=no_nvml_header;power_limit_mw=370000;ecc_unavailable=Not Supported;smid_unique=82;smid_total_blocks=656;smid_max_blocks_on_sm=8;runtime_device_name=NVIDIA GeForce RTX 3090;runtime_compute_capability=8.6;runtime_sm_count=82;runtime_l2_bytes=6291456;runtime_persisting_l2_max_bytes=4325376;runtime_access_policy_max_window_bytes=134213632;runtime_shared_mem_per_block_optin_bytes=101376;l2_residency_policy=normal;l2_address_layout=contiguous;logical_input_bytes=0;physical_input_bytes=0;global_block_stride_bytes=0;global_block_stride_guard_bytes=0;shared_pair_kernel_revision=matched_shared_addr_v1;measurement_interval_clock=steady_clock_anchored_epoch;"
shared_scalar_load_only_1784032379974_r0,0,1,shared_scalar_load_only,64,8,32,82,8299264,8299264,11.339496546,3595401576,1784032371021,1784032382360,3598916436,3514.86,1062.29494606,2452.56505394,0,0,0,8192,8,1,8,1,0,0,0,0,0,44599846371328,0,0,0,2624,0,0,0,0,0,0,0,0,0,true,1890,9501,81,rtx3090,ampere_ga10x,ga102,8.6,82,6,128,100,"implemented:fp16_wmma;hardware_optional:tf32,bf16,int8,int4,sparsity",nvml_total_energy,total_energy_mj_delta,gpu_device_total_energy_counter,shared,expected_shared_bytes_static,true,one_sec_average,false,false,22457,346222,0,0,591.86,13.590.57,"regime=shared_resident;feasibility_reason=W_SM + B KiB fits rtx3090 shared memory capacity; full-GPU working set also fits nominal L2;target_profile=rtx3090;architecture_family=ampere_ga10x;chip=ga102;target_full_sm=82;target_l2_mib=6;target_unified_l1_shared_kib_per_sm=128;target_shared_kib_per_sm=100;target_max_shared_kib_per_block=99;external_memory_technology=GDDR6X;external_memory_topology=off_package_board;external_memory_coefficient_scope=effective_gpu_device_external_read_path;input_data_pattern=splitmix64_uniform_fp16_v1;nvml_power_usage_semantics=one_sec_average;tensor_modes=implemented:fp16_wmma;hardware_optional:tf32,bf16,int8,int4,sparsity;shared_resident=1;l2_candidate=1;dram_candidate=0;row_scope=per_gpu;logical_op=warp_m16n16k16;wmma_fallback=1;reuse_factor=1;load_repeat=8;store_repeat=1;global_warmup_passes=1;l2_residency_policy=normal;l2_address_layout=contiguous;reg_payload_bytes_per_block=0;reg_payload_regs_per_thread=0;reg_payload_bytes_per_sm=0;expected_reg_pressure_ops=0;expected_reg_operand_ops=0;expected_shared_bytes=44599846371328;expected_l1_bytes=0;expected_l2_bytes=0;expected_dram_bytes=0;expected_store_bytes=2624;expected_addr_ops=0;measurement_scope=gpu_device_total_energy_counter;mode_family=shared;denominator_level=expected_shared_bytes_static;gpu_active=1;shared_init_included=1;energy_source=nvml_total_energy;power_mw=22457;nvml_field_api_unavailable=no_nvml_header;power_limit_mw=370000;ecc_unavailable=Not Supported;energy_source=nvml_total_energy;power_mw=346222;nvml_field_api_unavailable=no_nvml_header;power_limit_mw=370000;ecc_unavailable=Not Supported;smid_unique=82;smid_total_blocks=656;smid_max_blocks_on_sm=8;runtime_device_name=NVIDIA GeForce RTX 3090;runtime_compute_capability=8.6;runtime_sm_count=82;runtime_l2_bytes=6291456;runtime_persisting_l2_max_bytes=4325376;runtime_access_policy_max_window_bytes=134213632;runtime_shared_mem_per_block_optin_bytes=101376;l2_residency_policy=normal;l2_address_layout=contiguous;logical_input_bytes=0;physical_input_bytes=0;global_block_stride_bytes=0;global_block_stride_guard_bytes=0;shared_pair_kernel_revision=matched_shared_addr_v1;measurement_interval_clock=steady_clock_anchored_epoch;"
shared_scalar_addr_only_1784032401291_r0,0,1,shared_scalar_addr_only,64,8,32,82,8299264,0,10.989126865,3599896434,1784032390296,1784032401285,3603117097,3220.663,1015.34336059,2205.31963941,0,0,0,8192,8,1,8,1,0,0,0,0,0,0,0,0,0,2624,43554537472,0,0,0,0,0,0,0,0,true,1905,9501,80,rtx3090,ampere_ga10x,ga102,8.6,82,6,128,100,"implemented:fp16_wmma;hardware_optional:tf32,bf16,int8,int4,sparsity",nvml_total_energy,total_energy_mj_delta,gpu_device_total_energy_counter,shared_address_control,expected_addr_ops,true,one_sec_average,false,false,23095,311137,0,0,591.86,13.590.57,"regime=shared_resident;feasibility_reason=W_SM + B KiB fits rtx3090 shared memory capacity; full-GPU working set also fits nominal L2;target_profile=rtx3090;architecture_family=ampere_ga10x;chip=ga102;target_full_sm=82;target_l2_mib=6;target_unified_l1_shared_kib_per_sm=128;target_shared_kib_per_sm=100;target_max_shared_kib_per_block=99;external_memory_technology=GDDR6X;external_memory_topology=off_package_board;external_memory_coefficient_scope=effective_gpu_device_external_read_path;input_data_pattern=splitmix64_uniform_fp16_v1;nvml_power_usage_semantics=one_sec_average;tensor_modes=implemented:fp16_wmma;hardware_optional:tf32,bf16,int8,int4,sparsity;shared_resident=1;l2_candidate=1;dram_candidate=0;row_scope=per_gpu;logical_op=warp_m16n16k16;wmma_fallback=1;reuse_factor=1;load_repeat=8;store_repeat=1;global_warmup_passes=1;l2_residency_policy=normal;l2_address_layout=contiguous;reg_payload_bytes_per_block=0;reg_payload_regs_per_thread=0;reg_payload_bytes_per_sm=0;expected_reg_pressure_ops=0;expected_reg_operand_ops=0;expected_shared_bytes=0;expected_l1_bytes=0;expected_l2_bytes=0;expected_dram_bytes=0;expected_store_bytes=2624;expected_addr_ops=43554537472;measurement_scope=gpu_device_total_energy_counter;mode_family=shared_address_control;denominator_level=expected_addr_ops;gpu_active=1;energy_source=nvml_total_energy;power_mw=23095;nvml_field_api_unavailable=no_nvml_header;power_limit_mw=370000;ecc_unavailable=Not Supported;energy_source=nvml_total_energy;power_mw=311137;nvml_field_api_unavailable=no_nvml_header;power_limit_mw=370000;ecc_unavailable=Not Supported;smid_unique=82;smid_total_blocks=656;smid_max_blocks_on_sm=8;runtime_device_name=NVIDIA GeForce RTX 3090;runtime_compute_capability=8.6;runtime_sm_count=82;runtime_l2_bytes=6291456;runtime_persisting_l2_max_bytes=4325376;runtime_access_policy_max_window_bytes=134213632;runtime_shared_mem_per_block_optin_bytes=101376;l2_residency_policy=normal;l2_address_layout=contiguous;logical_input_bytes=0;physical_input_bytes=0;global_block_stride_bytes=0;global_block_stride_guard_bytes=0;shared_pair_kernel_revision=matched_shared_addr_v1;measurement_interval_clock=steady_clock_anchored_epoch;"
shared_scalar_addr_only_1784032419238_r0,0,1,shared_scalar_addr_only,64,8,32,82,3747475,0,10.01996811,3604103177,1784032409208,1784032419228,3606986857,2883.68,958.14788568,1925.53211432,0,0,0,8192,8,1,16,1,0,0,0,0,0,0,0,0,0,2624,39333497600,0,0,0,0,0,0,0,0,true,1905,9501,80,rtx3090,ampere_ga10x,ga102,8.6,82,6,128,100,"implemented:fp16_wmma;hardware_optional:tf32,bf16,int8,int4,sparsity",nvml_total_energy,total_energy_mj_delta,gpu_device_total_energy_counter,shared_address_control,expected_addr_ops,true,one_sec_average,false,false,24131,289608,0,0,591.86,13.590.57,"regime=shared_resident;feasibility_reason=W_SM + B KiB fits rtx3090 shared memory capacity; full-GPU working set also fits nominal L2;target_profile=rtx3090;architecture_family=ampere_ga10x;chip=ga102;target_full_sm=82;target_l2_mib=6;target_unified_l1_shared_kib_per_sm=128;target_shared_kib_per_sm=100;target_max_shared_kib_per_block=99;external_memory_technology=GDDR6X;external_memory_topology=off_package_board;external_memory_coefficient_scope=effective_gpu_device_external_read_path;input_data_pattern=splitmix64_uniform_fp16_v1;nvml_power_usage_semantics=one_sec_average;tensor_modes=implemented:fp16_wmma;hardware_optional:tf32,bf16,int8,int4,sparsity;shared_resident=1;l2_candidate=1;dram_candidate=0;row_scope=per_gpu;logical_op=warp_m16n16k16;wmma_fallback=1;reuse_factor=1;load_repeat=16;store_repeat=1;global_warmup_passes=1;l2_residency_policy=normal;l2_address_layout=contiguous;reg_payload_bytes_per_block=0;reg_payload_regs_per_thread=0;reg_payload_bytes_per_sm=0;expected_reg_pressure_ops=0;expected_reg_operand_ops=0;expected_shared_bytes=0;expected_l1_bytes=0;expected_l2_bytes=0;expected_dram_bytes=0;expected_store_bytes=2624;expected_addr_ops=39333497600;measurement_scope=gpu_device_total_energy_counter;mode_family=shared_address_control;denominator_level=expected_addr_ops;gpu_active=1;energy_source=nvml_total_energy;power_mw=24131;nvml_field_api_unavailable=no_nvml_header;power_limit_mw=370000;ecc_unavailable=Not Supported;energy_source=nvml_total_energy;power_mw=289608;nvml_field_api_unavailable=no_nvml_header;power_limit_mw=370000;ecc_unavailable=Not Supported;smid_unique=82;smid_total_blocks=656;smid_max_blocks_on_sm=8;runtime_device_name=NVIDIA GeForce RTX 3090;runtime_compute_capability=8.6;runtime_sm_count=82;runtime_l2_bytes=6291456;runtime_persisting_l2_max_bytes=4325376;runtime_access_policy_max_window_bytes=134213632;runtime_shared_mem_per_block_optin_bytes=101376;l2_residency_policy=normal;l2_address_layout=contiguous;logical_input_bytes=0;physical_input_bytes=0;global_block_stride_bytes=0;global_block_stride_guard_bytes=0;shared_pair_kernel_revision=matched_shared_addr_v1;measurement_interval_clock=steady_clock_anchored_epoch;"
shared_scalar_load_only_1784032437194_r0,0,1,shared_scalar_load_only,64,8,32,82,3747475,7494950,10.093365563,3607896256,1784032429497,1784032439590,3611007234,3110.978,887.950062066,2223.02793793,0,0,0,8192,8,1,16,1,0,0,0,0,0,40277501542400,0,0,0,2624,0,0,0,0,0,0,0,0,0,true,1890,9501,81,rtx3090,ampere_ga10x,ga102,8.6,82,6,128,100,"implemented:fp16_wmma;hardware_optional:tf32,bf16,int8,int4,sparsity",nvml_total_energy,total_energy_mj_delta,gpu_device_total_energy_counter,shared,expected_shared_bytes_static,true,one_sec_average,false,false,22544,341846,0,0,591.86,13.590.57,"regime=shared_resident;feasibility_reason=W_SM + B KiB fits rtx3090 shared memory capacity; full-GPU working set also fits nominal L2;target_profile=rtx3090;architecture_family=ampere_ga10x;chip=ga102;target_full_sm=82;target_l2_mib=6;target_unified_l1_shared_kib_per_sm=128;target_shared_kib_per_sm=100;target_max_shared_kib_per_block=99;external_memory_technology=GDDR6X;external_memory_topology=off_package_board;external_memory_coefficient_scope=effective_gpu_device_external_read_path;input_data_pattern=splitmix64_uniform_fp16_v1;nvml_power_usage_semantics=one_sec_average;tensor_modes=implemented:fp16_wmma;hardware_optional:tf32,bf16,int8,int4,sparsity;shared_resident=1;l2_candidate=1;dram_candidate=0;row_scope=per_gpu;logical_op=warp_m16n16k16;wmma_fallback=1;reuse_factor=1;load_repeat=16;store_repeat=1;global_warmup_passes=1;l2_residency_policy=normal;l2_address_layout=contiguous;reg_payload_bytes_per_block=0;reg_payload_regs_per_thread=0;reg_payload_bytes_per_sm=0;expected_reg_pressure_ops=0;expected_reg_operand_ops=0;expected_shared_bytes=40277501542400;expected_l1_bytes=0;expected_l2_bytes=0;expected_dram_bytes=0;expected_store_bytes=2624;expected_addr_ops=0;measurement_scope=gpu_device_total_energy_counter;mode_family=shared;denominator_level=expected_shared_bytes_static;gpu_active=1;shared_init_included=1;energy_source=nvml_total_energy;power_mw=22544;nvml_field_api_unavailable=no_nvml_header;power_limit_mw=370000;ecc_unavailable=Not Supported;energy_source=nvml_total_energy;power_mw=341846;nvml_field_api_unavailable=no_nvml_header;power_limit_mw=370000;ecc_unavailable=Not Supported;smid_unique=82;smid_total_blocks=656;smid_max_blocks_on_sm=8;runtime_device_name=NVIDIA GeForce RTX 3090;runtime_compute_capability=8.6;runtime_sm_count=82;runtime_l2_bytes=6291456;runtime_persisting_l2_max_bytes=4325376;runtime_access_policy_max_window_bytes=134213632;runtime_shared_mem_per_block_optin_bytes=101376;l2_residency_policy=normal;l2_address_layout=contiguous;logical_input_bytes=0;physical_input_bytes=0;global_block_stride_bytes=0;global_block_stride_guard_bytes=0;shared_pair_kernel_revision=matched_shared_addr_v1;measurement_interval_clock=steady_clock_anchored_epoch;"
shared_scalar_addr_only_1784032457341_r0,0,1,shared_scalar_addr_only,64,8,32,82,14321218,0,9.825902303,3611927449,1784032447510,1784032457336,3614763413,2835.964,856.792143644,1979.17185636,0,0,0,8192,8,1,4,1,0,0,0,0,0,0,0,0,0,2624,37578876032,0,0,0,0,0,0,0,0,true,1905,9501,80,rtx3090,ampere_ga10x,ga102,8.6,82,6,128,100,"implemented:fp16_wmma;hardware_optional:tf32,bf16,int8,int4,sparsity",nvml_total_energy,total_energy_mj_delta,gpu_device_total_energy_counter,shared_address_control,expected_addr_ops,true,one_sec_average,false,false,22793,319342,0,0,591.86,13.590.57,"regime=shared_resident;feasibility_reason=W_SM + B KiB fits rtx3090 shared memory capacity; full-GPU working set also fits nominal L2;target_profile=rtx3090;architecture_family=ampere_ga10x;chip=ga102;target_full_sm=82;target_l2_mib=6;target_unified_l1_shared_kib_per_sm=128;target_shared_kib_per_sm=100;target_max_shared_kib_per_block=99;external_memory_technology=GDDR6X;external_memory_topology=off_package_board;external_memory_coefficient_scope=effective_gpu_device_external_read_path;input_data_pattern=splitmix64_uniform_fp16_v1;nvml_power_usage_semantics=one_sec_average;tensor_modes=implemented:fp16_wmma;hardware_optional:tf32,bf16,int8,int4,sparsity;shared_resident=1;l2_candidate=1;dram_candidate=0;row_scope=per_gpu;logical_op=warp_m16n16k16;wmma_fallback=1;reuse_factor=1;load_repeat=4;store_repeat=1;global_warmup_passes=1;l2_residency_policy=normal;l2_address_layout=contiguous;reg_payload_bytes_per_block=0;reg_payload_regs_per_thread=0;reg_payload_bytes_per_sm=0;expected_reg_pressure_ops=0;expected_reg_operand_ops=0;expected_shared_bytes=0;expected_l1_bytes=0;expected_l2_bytes=0;expected_dram_bytes=0;expected_store_bytes=2624;expected_addr_ops=37578876032;measurement_scope=gpu_device_total_energy_counter;mode_family=shared_address_control;denominator_level=expected_addr_ops;gpu_active=1;energy_source=nvml_total_energy;power_mw=22793;nvml_field_api_unavailable=no_nvml_header;power_limit_mw=370000;ecc_unavailable=Not Supported;energy_source=nvml_total_energy;power_mw=319342;nvml_field_api_unavailable=no_nvml_header;power_limit_mw=370000;ecc_unavailable=Not Supported;smid_unique=82;smid_total_blocks=656;smid_max_blocks_on_sm=8;runtime_device_name=NVIDIA GeForce RTX 3090;runtime_compute_capability=8.6;runtime_sm_count=82;runtime_l2_bytes=6291456;runtime_persisting_l2_max_bytes=4325376;runtime_access_policy_max_window_bytes=134213632;runtime_shared_mem_per_block_optin_bytes=101376;l2_residency_policy=normal;l2_address_layout=contiguous;logical_input_bytes=0;physical_input_bytes=0;global_block_stride_bytes=0;global_block_stride_guard_bytes=0;shared_pair_kernel_revision=matched_shared_addr_v1;measurement_interval_clock=steady_clock_anchored_epoch;"
shared_scalar_load_only_1784032475523_r0,0,1,shared_scalar_load_only,64,8,32,82,14321218,7160609,10.244137353,3615721436,1784032465273,1784032475517,3618856553,3135.117,933.234266766,2201.88273323,0,0,0,8192,8,1,4,1,0,0,0,0,0,38480769056768,0,0,0,2624,0,0,0,0,0,0,0,0,0,true,1905,9501,81,rtx3090,ampere_ga10x,ga102,8.6,82,6,128,100,"implemented:fp16_wmma;hardware_optional:tf32,bf16,int8,int4,sparsity",nvml_total_energy,total_energy_mj_delta,gpu_device_total_energy_counter,shared,expected_shared_bytes_static,true,one_sec_average,false,false,22707,349893,0,0,591.86,13.590.57,"regime=shared_resident;feasibility_reason=W_SM + B KiB fits rtx3090 shared memory capacity; full-GPU working set also fits nominal L2;target_profile=rtx3090;architecture_family=ampere_ga10x;chip=ga102;target_full_sm=82;target_l2_mib=6;target_unified_l1_shared_kib_per_sm=128;target_shared_kib_per_sm=100;target_max_shared_kib_per_block=99;external_memory_technology=GDDR6X;external_memory_topology=off_package_board;external_memory_coefficient_scope=effective_gpu_device_external_read_path;input_data_pattern=splitmix64_uniform_fp16_v1;nvml_power_usage_semantics=one_sec_average;tensor_modes=implemented:fp16_wmma;hardware_optional:tf32,bf16,int8,int4,sparsity;shared_resident=1;l2_candidate=1;dram_candidate=0;row_scope=per_gpu;logical_op=warp_m16n16k16;wmma_fallback=1;reuse_factor=1;load_repeat=4;store_repeat=1;global_warmup_passes=1;l2_residency_policy=normal;l2_address_layout=contiguous;reg_payload_bytes_per_block=0;reg_payload_regs_per_thread=0;reg_payload_bytes_per_sm=0;expected_reg_pressure_ops=0;expected_reg_operand_ops=0;expected_shared_bytes=38480769056768;expected_l1_bytes=0;expected_l2_bytes=0;expected_dram_bytes=0;expected_store_bytes=2624;expected_addr_ops=0;measurement_scope=gpu_device_total_energy_counter;mode_family=shared;denominator_level=expected_shared_bytes_static;gpu_active=1;shared_init_included=1;energy_source=nvml_total_energy;power_mw=22707;nvml_field_api_unavailable=no_nvml_header;power_limit_mw=370000;ecc_unavailable=Not Supported;energy_source=nvml_total_energy;power_mw=349893;nvml_field_api_unavailable=no_nvml_header;power_limit_mw=370000;ecc_unavailable=Not Supported;smid_unique=82;smid_total_blocks=656;smid_max_blocks_on_sm=8;runtime_device_name=NVIDIA GeForce RTX 3090;runtime_compute_capability=8.6;runtime_sm_count=82;runtime_l2_bytes=6291456;runtime_persisting_l2_max_bytes=4325376;runtime_access_policy_max_window_bytes=134213632;runtime_shared_mem_per_block_optin_bytes=101376;l2_residency_policy=normal;l2_address_layout=contiguous;logical_input_bytes=0;physical_input_bytes=0;global_block_stride_bytes=0;global_block_stride_guard_bytes=0;shared_pair_kernel_revision=matched_shared_addr_v1;measurement_interval_clock=steady_clock_anchored_epoch;"
