run_id,gpu_id,n_gpu_active,mode,W_SM_KiB,blocks_per_SM,threads_per_block,active_SM,ITER,sweeps,elapsed_s,E_before_mJ,E_after_mJ,delta_E_J,idle_baseline_J,net_E_J,N_MMA,FLOP,input_bits,w_block_bytes,tiles_per_block,reuse_factor,load_repeat,store_repeat,expected_reg_operand_ops,expected_shared_bytes,expected_l2_bytes,expected_dram_bytes,expected_store_bytes,pJ_per_FLOP,pJ_per_input_bit,ncu_tensor_inst,ncu_shared_bytes,ncu_l2_bytes,ncu_dram_bytes,ncu_spill_bytes,smid_histogram_ok,clock_sm_mhz,clock_mem_mhz,temp_C,profile_name,architecture_family,chip,compute_capability,sm_count,l2_mib,shared_kib_per_sm,tensor_modes,energy_source,energy_integration_method,nvml_total_energy_supported,nvml_power_usage_semantics,nvml_field_power_instant_supported,nvml_field_power_average_supported,power_before_mw,power_after_mw,power_sample_count,power_sample_period_ms,driver_version,nvml_version,notes
reg_mma_1782987888101_r0,0,1,reg_mma,32,1,32,82,153337753,0,10.412408576,26681660069,26683304983,1644.914,814.246726662,830.667273338,12573695746,103003715551232,103003715551232,32768,32,1,1,1,12573695746,0,0,0,83968,8.06443989805,8.06443989805,0,0,0,0,0,true,1965,9501,59,rtx3090,ampere_ga10x,ga102,8.6,82,6,100,"fp16_wmma,tf32,bf16,int8,int4,sparsity",nvml_total_energy,total_energy_mj_delta,true,one_sec_average,false,false,22506,167943,0,0,591.86,13.590.57,"regime=shared_resident;feasibility_reason=W_SM + B KiB fits rtx3090 shared memory capacity; full-GPU working set also fits nominal L2;target_profile=rtx3090;architecture_family=ampere_ga10x;chip=ga102;target_full_sm=82;target_l2_mib=6;target_shared_kib_per_sm=100;target_max_shared_kib_per_block=99;nvml_power_usage_semantics=one_sec_average;tensor_modes=fp16_wmma,tf32,bf16,int8,int4,sparsity;shared_resident=1;l2_candidate=1;dram_candidate=0;row_scope=per_gpu;logical_op=warp_m16n16k16;wmma_fallback=1;reuse_factor=1;load_repeat=1;store_repeat=1;expected_reg_operand_ops=12573695746;expected_shared_bytes=0;expected_l2_bytes=0;expected_dram_bytes=0;expected_store_bytes=83968;gpu_active=1;energy_source=nvml_total_energy;power_mw=22506;nvml_field_api_unavailable=no_nvml_header;power_limit_mw=370000;ecc_unavailable=Not Supported;energy_source=nvml_total_energy;power_mw=167943;nvml_field_api_unavailable=no_nvml_header;power_limit_mw=370000;ecc_unavailable=Not Supported;smid_unique=82;smid_total_blocks=82;smid_max_blocks_on_sm=1;runtime_device_name=NVIDIA GeForce RTX 3090;runtime_compute_capability=8.6;runtime_sm_count=82;runtime_l2_bytes=6291456;runtime_shared_mem_per_block_optin_bytes=101376;"
reg_mma_1782988117068_r0,0,1,reg_mma,32,1,32,82,78617172,0,11.123335362,26709328967,26711111049,1782.082,965.068885079,817.013114921,12893216208,105621227175936,105621227175936,32768,32,2,1,1,12893216208,0,0,0,83968,7.73531170547,7.73531170547,0,0,0,0,0,true,1950,9501,61,rtx3090,ampere_ga10x,ga102,8.6,82,6,100,"fp16_wmma,tf32,bf16,int8,int4,sparsity",nvml_total_energy,total_energy_mj_delta,true,one_sec_average,false,false,23650,167288,0,0,591.86,13.590.57,"regime=shared_resident;feasibility_reason=W_SM + B KiB fits rtx3090 shared memory capacity; full-GPU working set also fits nominal L2;target_profile=rtx3090;architecture_family=ampere_ga10x;chip=ga102;target_full_sm=82;target_l2_mib=6;target_shared_kib_per_sm=100;target_max_shared_kib_per_block=99;nvml_power_usage_semantics=one_sec_average;tensor_modes=fp16_wmma,tf32,bf16,int8,int4,sparsity;shared_resident=1;l2_candidate=1;dram_candidate=0;row_scope=per_gpu;logical_op=warp_m16n16k16;wmma_fallback=1;reuse_factor=2;load_repeat=1;store_repeat=1;expected_reg_operand_ops=12893216208;expected_shared_bytes=0;expected_l2_bytes=0;expected_dram_bytes=0;expected_store_bytes=83968;gpu_active=1;energy_source=nvml_total_energy;power_mw=23650;nvml_field_api_unavailable=no_nvml_header;power_limit_mw=370000;ecc_unavailable=Not Supported;energy_source=nvml_total_energy;power_mw=167288;nvml_field_api_unavailable=no_nvml_header;power_limit_mw=370000;ecc_unavailable=Not Supported;smid_unique=82;smid_total_blocks=82;smid_max_blocks_on_sm=1;runtime_device_name=NVIDIA GeForce RTX 3090;runtime_compute_capability=8.6;runtime_sm_count=82;runtime_l2_bytes=6291456;runtime_shared_mem_per_block_optin_bytes=101376;"
reg_mma_1782988331832_r0,0,1,reg_mma,32,1,32,82,49736930,0,11.158207337,26734413935,26736203716,1789.781,962.250962845,827.530037155,16313713040,133641937223680,133641937223680,32768,32,4,1,1,16313713040,0,0,0,83968,6.19214338213,6.19214338213,0,0,0,0,0,true,1950,9501,62,rtx3090,ampere_ga10x,ga102,8.6,82,6,100,"fp16_wmma,tf32,bf16,int8,int4,sparsity",nvml_total_energy,total_energy_mj_delta,true,one_sec_average,false,false,23519,168949,0,0,591.86,13.590.57,"regime=shared_resident;feasibility_reason=W_SM + B KiB fits rtx3090 shared memory capacity; full-GPU working set also fits nominal L2;target_profile=rtx3090;architecture_family=ampere_ga10x;chip=ga102;target_full_sm=82;target_l2_mib=6;target_shared_kib_per_sm=100;target_max_shared_kib_per_block=99;nvml_power_usage_semantics=one_sec_average;tensor_modes=fp16_wmma,tf32,bf16,int8,int4,sparsity;shared_resident=1;l2_candidate=1;dram_candidate=0;row_scope=per_gpu;logical_op=warp_m16n16k16;wmma_fallback=1;reuse_factor=4;load_repeat=1;store_repeat=1;expected_reg_operand_ops=16313713040;expected_shared_bytes=0;expected_l2_bytes=0;expected_dram_bytes=0;expected_store_bytes=83968;gpu_active=1;energy_source=nvml_total_energy;power_mw=23519;nvml_field_api_unavailable=no_nvml_header;power_limit_mw=370000;ecc_unavailable=Not Supported;energy_source=nvml_total_energy;power_mw=168949;nvml_field_api_unavailable=no_nvml_header;power_limit_mw=370000;ecc_unavailable=Not Supported;smid_unique=82;smid_total_blocks=82;smid_max_blocks_on_sm=1;runtime_device_name=NVIDIA GeForce RTX 3090;runtime_compute_capability=8.6;runtime_sm_count=82;runtime_l2_bytes=6291456;runtime_shared_mem_per_block_optin_bytes=101376;"
reg_mma_1782988530575_r0,0,1,reg_mma,32,1,32,82,30093036,0,11.200357174,26757003115,26758770363,1767.248,947.036580835,820.211419165,19741031616,161718530998272,161718530998272,32768,32,8,1,1,19741031616,0,0,0,83968,5.07184559557,5.07184559557,0,0,0,0,0,true,1950,9501,62,rtx3090,ampere_ga10x,ga102,8.6,82,6,100,"fp16_wmma,tf32,bf16,int8,int4,sparsity",nvml_total_energy,total_energy_mj_delta,true,one_sec_average,false,false,23395,166971,0,0,591.86,13.590.57,"regime=shared_resident;feasibility_reason=W_SM + B KiB fits rtx3090 shared memory capacity; full-GPU working set also fits nominal L2;target_profile=rtx3090;architecture_family=ampere_ga10x;chip=ga102;target_full_sm=82;target_l2_mib=6;target_shared_kib_per_sm=100;target_max_shared_kib_per_block=99;nvml_power_usage_semantics=one_sec_average;tensor_modes=fp16_wmma,tf32,bf16,int8,int4,sparsity;shared_resident=1;l2_candidate=1;dram_candidate=0;row_scope=per_gpu;logical_op=warp_m16n16k16;wmma_fallback=1;reuse_factor=8;load_repeat=1;store_repeat=1;expected_reg_operand_ops=19741031616;expected_shared_bytes=0;expected_l2_bytes=0;expected_dram_bytes=0;expected_store_bytes=83968;gpu_active=1;energy_source=nvml_total_energy;power_mw=23395;nvml_field_api_unavailable=no_nvml_header;power_limit_mw=370000;ecc_unavailable=Not Supported;energy_source=nvml_total_energy;power_mw=166971;nvml_field_api_unavailable=no_nvml_header;power_limit_mw=370000;ecc_unavailable=Not Supported;smid_unique=82;smid_total_blocks=82;smid_max_blocks_on_sm=1;runtime_device_name=NVIDIA GeForce RTX 3090;runtime_compute_capability=8.6;runtime_sm_count=82;runtime_l2_bytes=6291456;runtime_shared_mem_per_block_optin_bytes=101376;"
reg_mma_1782988726516_r0,0,1,reg_mma,32,2,32,82,162541222,0,10.998258605,26779075089,26781029713,1954.624,924.539294084,1030.08470592,26656760408,218372181262336,218372181262336,16384,16,1,1,1,26656760408,0,0,0,167936,4.71710590589,4.71710590589,0,0,0,0,0,true,1950,9501,64,rtx3090,ampere_ga10x,ga102,8.6,82,6,100,"fp16_wmma,tf32,bf16,int8,int4,sparsity",nvml_total_energy,total_energy_mj_delta,true,one_sec_average,false,false,23186,187033,0,0,591.86,13.590.57,"regime=shared_resident;feasibility_reason=W_SM + B KiB fits rtx3090 shared memory capacity; full-GPU working set also fits nominal L2;target_profile=rtx3090;architecture_family=ampere_ga10x;chip=ga102;target_full_sm=82;target_l2_mib=6;target_shared_kib_per_sm=100;target_max_shared_kib_per_block=99;nvml_power_usage_semantics=one_sec_average;tensor_modes=fp16_wmma,tf32,bf16,int8,int4,sparsity;shared_resident=1;l2_candidate=1;dram_candidate=0;row_scope=per_gpu;logical_op=warp_m16n16k16;wmma_fallback=1;reuse_factor=1;load_repeat=1;store_repeat=1;expected_reg_operand_ops=26656760408;expected_shared_bytes=0;expected_l2_bytes=0;expected_dram_bytes=0;expected_store_bytes=167936;gpu_active=1;energy_source=nvml_total_energy;power_mw=23186;nvml_field_api_unavailable=no_nvml_header;power_limit_mw=370000;ecc_unavailable=Not Supported;energy_source=nvml_total_energy;power_mw=187033;nvml_field_api_unavailable=no_nvml_header;power_limit_mw=370000;ecc_unavailable=Not Supported;smid_unique=82;smid_total_blocks=164;smid_max_blocks_on_sm=2;runtime_device_name=NVIDIA GeForce RTX 3090;runtime_compute_capability=8.6;runtime_sm_count=82;runtime_l2_bytes=6291456;runtime_shared_mem_per_block_optin_bytes=101376;"
reg_mma_1782988963871_r0,0,1,reg_mma,32,2,32,82,79350339,0,11.432139875,26810619395,26812573786,1954.391,1029.97900973,924.411990269,26026911192,213212456484864,213212456484864,16384,16,2,1,1,26026911192,0,0,0,167936,4.33563782112,4.33563782112,0,0,0,0,0,true,1950,9501,65,rtx3090,ampere_ga10x,ga102,8.6,82,6,100,"fp16_wmma,tf32,bf16,int8,int4,sparsity",nvml_total_energy,total_energy_mj_delta,true,one_sec_average,false,false,24503,181924,0,0,591.86,13.590.57,"regime=shared_resident;feasibility_reason=W_SM + B KiB fits rtx3090 shared memory capacity; full-GPU working set also fits nominal L2;target_profile=rtx3090;architecture_family=ampere_ga10x;chip=ga102;target_full_sm=82;target_l2_mib=6;target_shared_kib_per_sm=100;target_max_shared_kib_per_block=99;nvml_power_usage_semantics=one_sec_average;tensor_modes=fp16_wmma,tf32,bf16,int8,int4,sparsity;shared_resident=1;l2_candidate=1;dram_candidate=0;row_scope=per_gpu;logical_op=warp_m16n16k16;wmma_fallback=1;reuse_factor=2;load_repeat=1;store_repeat=1;expected_reg_operand_ops=26026911192;expected_shared_bytes=0;expected_l2_bytes=0;expected_dram_bytes=0;expected_store_bytes=167936;gpu_active=1;energy_source=nvml_total_energy;power_mw=24503;nvml_field_api_unavailable=no_nvml_header;power_limit_mw=370000;ecc_unavailable=Not Supported;energy_source=nvml_total_energy;power_mw=181924;nvml_field_api_unavailable=no_nvml_header;power_limit_mw=370000;ecc_unavailable=Not Supported;smid_unique=82;smid_total_blocks=164;smid_max_blocks_on_sm=2;runtime_device_name=NVIDIA GeForce RTX 3090;runtime_compute_capability=8.6;runtime_sm_count=82;runtime_l2_bytes=6291456;runtime_shared_mem_per_block_optin_bytes=101376;"
reg_mma_1782989179561_r0,0,1,reg_mma,32,2,32,82,48537469,0,11.021101637,26837439892,26839362874,1922.982,975.372232679,947.609767321,31840579664,260838028607488,260838028607488,16384,16,4,1,1,31840579664,0,0,0,167936,3.63294329581,3.63294329581,0,0,0,0,0,true,1950,9501,65,rtx3090,ampere_ga10x,ga102,8.6,82,6,100,"fp16_wmma,tf32,bf16,int8,int4,sparsity",nvml_total_energy,total_energy_mj_delta,true,one_sec_average,false,false,23776,184459,0,0,591.86,13.590.57,"regime=shared_resident;feasibility_reason=W_SM + B KiB fits rtx3090 shared memory capacity; full-GPU working set also fits nominal L2;target_profile=rtx3090;architecture_family=ampere_ga10x;chip=ga102;target_full_sm=82;target_l2_mib=6;target_shared_kib_per_sm=100;target_max_shared_kib_per_block=99;nvml_power_usage_semantics=one_sec_average;tensor_modes=fp16_wmma,tf32,bf16,int8,int4,sparsity;shared_resident=1;l2_candidate=1;dram_candidate=0;row_scope=per_gpu;logical_op=warp_m16n16k16;wmma_fallback=1;reuse_factor=4;load_repeat=1;store_repeat=1;expected_reg_operand_ops=31840579664;expected_shared_bytes=0;expected_l2_bytes=0;expected_dram_bytes=0;expected_store_bytes=167936;gpu_active=1;energy_source=nvml_total_energy;power_mw=23776;nvml_field_api_unavailable=no_nvml_header;power_limit_mw=370000;ecc_unavailable=Not Supported;energy_source=nvml_total_energy;power_mw=184459;nvml_field_api_unavailable=no_nvml_header;power_limit_mw=370000;ecc_unavailable=Not Supported;smid_unique=82;smid_total_blocks=164;smid_max_blocks_on_sm=2;runtime_device_name=NVIDIA GeForce RTX 3090;runtime_compute_capability=8.6;runtime_sm_count=82;runtime_l2_bytes=6291456;runtime_shared_mem_per_block_optin_bytes=101376;"
reg_mma_1782989379917_r0,0,1,reg_mma,32,2,32,82,29754992,0,11.090034384,26861669317,26863591464,1922.147,992.373495056,929.773504944,39038549504,319803797536768,319803797536768,16384,16,8,1,1,39038549504,0,0,0,167936,2.90732477884,2.90732477884,0,0,0,0,0,true,1950,9501,65,rtx3090,ampere_ga10x,ga102,8.6,82,6,100,"fp16_wmma,tf32,bf16,int8,int4,sparsity",nvml_total_energy,total_energy_mj_delta,true,one_sec_average,false,false,23676,183071,0,0,591.86,13.590.57,"regime=shared_resident;feasibility_reason=W_SM + B KiB fits rtx3090 shared memory capacity; full-GPU working set also fits nominal L2;target_profile=rtx3090;architecture_family=ampere_ga10x;chip=ga102;target_full_sm=82;target_l2_mib=6;target_shared_kib_per_sm=100;target_max_shared_kib_per_block=99;nvml_power_usage_semantics=one_sec_average;tensor_modes=fp16_wmma,tf32,bf16,int8,int4,sparsity;shared_resident=1;l2_candidate=1;dram_candidate=0;row_scope=per_gpu;logical_op=warp_m16n16k16;wmma_fallback=1;reuse_factor=8;load_repeat=1;store_repeat=1;expected_reg_operand_ops=39038549504;expected_shared_bytes=0;expected_l2_bytes=0;expected_dram_bytes=0;expected_store_bytes=167936;gpu_active=1;energy_source=nvml_total_energy;power_mw=23676;nvml_field_api_unavailable=no_nvml_header;power_limit_mw=370000;ecc_unavailable=Not Supported;energy_source=nvml_total_energy;power_mw=183071;nvml_field_api_unavailable=no_nvml_header;power_limit_mw=370000;ecc_unavailable=Not Supported;smid_unique=82;smid_total_blocks=164;smid_max_blocks_on_sm=2;runtime_device_name=NVIDIA GeForce RTX 3090;runtime_compute_capability=8.6;runtime_sm_count=82;runtime_l2_bytes=6291456;runtime_shared_mem_per_block_optin_bytes=101376;"
reg_mma_1782989578724_r0,0,1,reg_mma,32,4,32,82,163359279,0,11.24483311,26885267664,26887577847,2310.183,959.812550056,1350.37044994,53581843512,438942462050304,438942462050304,8192,8,1,1,1,53581843512,0,0,0,335872,3.07641790597,3.07641790597,0,0,0,0,0,true,1935,9501,68,rtx3090,ampere_ga10x,ga102,8.6,82,6,100,"fp16_wmma,tf32,bf16,int8,int4,sparsity",nvml_total_energy,total_energy_mj_delta,true,one_sec_average,false,false,23689,214502,0,0,591.86,13.590.57,"regime=shared_resident;feasibility_reason=W_SM + B KiB fits rtx3090 shared memory capacity; full-GPU working set also fits nominal L2;target_profile=rtx3090;architecture_family=ampere_ga10x;chip=ga102;target_full_sm=82;target_l2_mib=6;target_shared_kib_per_sm=100;target_max_shared_kib_per_block=99;nvml_power_usage_semantics=one_sec_average;tensor_modes=fp16_wmma,tf32,bf16,int8,int4,sparsity;shared_resident=1;l2_candidate=1;dram_candidate=0;row_scope=per_gpu;logical_op=warp_m16n16k16;wmma_fallback=1;reuse_factor=1;load_repeat=1;store_repeat=1;expected_reg_operand_ops=53581843512;expected_shared_bytes=0;expected_l2_bytes=0;expected_dram_bytes=0;expected_store_bytes=335872;gpu_active=1;energy_source=nvml_total_energy;power_mw=23689;nvml_field_api_unavailable=no_nvml_header;power_limit_mw=370000;ecc_unavailable=Not Supported;energy_source=nvml_total_energy;power_mw=214502;nvml_field_api_unavailable=no_nvml_header;power_limit_mw=370000;ecc_unavailable=Not Supported;smid_unique=82;smid_total_blocks=328;smid_max_blocks_on_sm=4;runtime_device_name=NVIDIA GeForce RTX 3090;runtime_compute_capability=8.6;runtime_sm_count=82;runtime_l2_bytes=6291456;runtime_shared_mem_per_block_optin_bytes=101376;"
reg_mma_1782989817044_r0,0,1,reg_mma,32,4,32,82,76430746,0,10.932577564,26920741565,26922901482,2159.917,935.935678698,1223.9813213,50138569376,410735160328192,410735160328192,8192,8,2,1,1,50138569376,0,0,0,335872,2.97997697671,2.97997697671,0,0,0,0,0,true,1935,9501,69,rtx3090,ampere_ga10x,ga102,8.6,82,6,100,"fp16_wmma,tf32,bf16,int8,int4,sparsity",nvml_total_energy,total_energy_mj_delta,true,one_sec_average,false,false,24655,206738,0,0,591.86,13.590.57,"regime=shared_resident;feasibility_reason=W_SM + B KiB fits rtx3090 shared memory capacity; full-GPU working set also fits nominal L2;target_profile=rtx3090;architecture_family=ampere_ga10x;chip=ga102;target_full_sm=82;target_l2_mib=6;target_shared_kib_per_sm=100;target_max_shared_kib_per_block=99;nvml_power_usage_semantics=one_sec_average;tensor_modes=fp16_wmma,tf32,bf16,int8,int4,sparsity;shared_resident=1;l2_candidate=1;dram_candidate=0;row_scope=per_gpu;logical_op=warp_m16n16k16;wmma_fallback=1;reuse_factor=2;load_repeat=1;store_repeat=1;expected_reg_operand_ops=50138569376;expected_shared_bytes=0;expected_l2_bytes=0;expected_dram_bytes=0;expected_store_bytes=335872;gpu_active=1;energy_source=nvml_total_energy;power_mw=24655;nvml_field_api_unavailable=no_nvml_header;power_limit_mw=370000;ecc_unavailable=Not Supported;energy_source=nvml_total_energy;power_mw=206738;nvml_field_api_unavailable=no_nvml_header;power_limit_mw=370000;ecc_unavailable=Not Supported;smid_unique=82;smid_total_blocks=328;smid_max_blocks_on_sm=4;runtime_device_name=NVIDIA GeForce RTX 3090;runtime_compute_capability=8.6;runtime_sm_count=82;runtime_l2_bytes=6291456;runtime_shared_mem_per_block_optin_bytes=101376;"
reg_mma_1782990033331_r0,0,1,reg_mma,32,4,32,82,48634898,0,11.071311388,26950139104,26952345031,2205.927,1002.99252395,1202.93447605,63808986176,522723214753792,522723214753792,8192,8,4,1,1,63808986176,0,0,0,335872,2.30128381923,2.30128381923,0,0,0,0,0,true,1920,9501,69,rtx3090,ampere_ga10x,ga102,8.6,82,6,100,"fp16_wmma,tf32,bf16,int8,int4,sparsity",nvml_total_energy,total_energy_mj_delta,true,one_sec_average,false,false,25456,212564,0,0,591.86,13.590.57,"regime=shared_resident;feasibility_reason=W_SM + B KiB fits rtx3090 shared memory capacity; full-GPU working set also fits nominal L2;target_profile=rtx3090;architecture_family=ampere_ga10x;chip=ga102;target_full_sm=82;target_l2_mib=6;target_shared_kib_per_sm=100;target_max_shared_kib_per_block=99;nvml_power_usage_semantics=one_sec_average;tensor_modes=fp16_wmma,tf32,bf16,int8,int4,sparsity;shared_resident=1;l2_candidate=1;dram_candidate=0;row_scope=per_gpu;logical_op=warp_m16n16k16;wmma_fallback=1;reuse_factor=4;load_repeat=1;store_repeat=1;expected_reg_operand_ops=63808986176;expected_shared_bytes=0;expected_l2_bytes=0;expected_dram_bytes=0;expected_store_bytes=335872;gpu_active=1;energy_source=nvml_total_energy;power_mw=25456;nvml_field_api_unavailable=no_nvml_header;power_limit_mw=370000;ecc_unavailable=Not Supported;energy_source=nvml_total_energy;power_mw=212564;nvml_field_api_unavailable=no_nvml_header;power_limit_mw=370000;ecc_unavailable=Not Supported;smid_unique=82;smid_total_blocks=328;smid_max_blocks_on_sm=4;runtime_device_name=NVIDIA GeForce RTX 3090;runtime_compute_capability=8.6;runtime_sm_count=82;runtime_l2_bytes=6291456;runtime_shared_mem_per_block_optin_bytes=101376;"
reg_mma_1782990236191_r0,0,1,reg_mma,32,4,32,82,29255209,0,11.067093333,26976826729,26979010997,2184.268,990.237279591,1194.03072041,76765668416,628864355663872,628864355663872,8192,8,8,1,1,76765668416,0,0,0,335872,1.89870949062,1.89870949062,0,0,0,0,0,true,1935,9501,69,rtx3090,ampere_ga10x,ga102,8.6,82,6,100,"fp16_wmma,tf32,bf16,int8,int4,sparsity",nvml_total_energy,total_energy_mj_delta,true,one_sec_average,false,false,23882,209822,0,0,591.86,13.590.57,"regime=shared_resident;feasibility_reason=W_SM + B KiB fits rtx3090 shared memory capacity; full-GPU working set also fits nominal L2;target_profile=rtx3090;architecture_family=ampere_ga10x;chip=ga102;target_full_sm=82;target_l2_mib=6;target_shared_kib_per_sm=100;target_max_shared_kib_per_block=99;nvml_power_usage_semantics=one_sec_average;tensor_modes=fp16_wmma,tf32,bf16,int8,int4,sparsity;shared_resident=1;l2_candidate=1;dram_candidate=0;row_scope=per_gpu;logical_op=warp_m16n16k16;wmma_fallback=1;reuse_factor=8;load_repeat=1;store_repeat=1;expected_reg_operand_ops=76765668416;expected_shared_bytes=0;expected_l2_bytes=0;expected_dram_bytes=0;expected_store_bytes=335872;gpu_active=1;energy_source=nvml_total_energy;power_mw=23882;nvml_field_api_unavailable=no_nvml_header;power_limit_mw=370000;ecc_unavailable=Not Supported;energy_source=nvml_total_energy;power_mw=209822;nvml_field_api_unavailable=no_nvml_header;power_limit_mw=370000;ecc_unavailable=Not Supported;smid_unique=82;smid_total_blocks=328;smid_max_blocks_on_sm=4;runtime_device_name=NVIDIA GeForce RTX 3090;runtime_compute_capability=8.6;runtime_sm_count=82;runtime_l2_bytes=6291456;runtime_shared_mem_per_block_optin_bytes=101376;"
reg_mma_1782990441131_r0,0,1,reg_mma,32,8,32,82,140247772,0,11.05635058,27003575888,27006338896,2763.008,974.332292956,1788.67570704,92002538432,753684794834944,753684794834944,4096,4,1,1,1,92002538432,0,0,0,671744,2.37324106749,2.37324106749,0,0,0,0,0,true,1920,9501,74,rtx3090,ampere_ga10x,ga102,8.6,82,6,100,"fp16_wmma,tf32,bf16,int8,int4,sparsity",nvml_total_energy,total_energy_mj_delta,true,one_sec_average,false,false,24216,263632,0,0,591.86,13.590.57,"regime=shared_resident;feasibility_reason=W_SM + B KiB fits rtx3090 shared memory capacity; full-GPU working set also fits nominal L2;target_profile=rtx3090;architecture_family=ampere_ga10x;chip=ga102;target_full_sm=82;target_l2_mib=6;target_shared_kib_per_sm=100;target_max_shared_kib_per_block=99;nvml_power_usage_semantics=one_sec_average;tensor_modes=fp16_wmma,tf32,bf16,int8,int4,sparsity;shared_resident=1;l2_candidate=1;dram_candidate=0;row_scope=per_gpu;logical_op=warp_m16n16k16;wmma_fallback=1;reuse_factor=1;load_repeat=1;store_repeat=1;expected_reg_operand_ops=92002538432;expected_shared_bytes=0;expected_l2_bytes=0;expected_dram_bytes=0;expected_store_bytes=671744;gpu_active=1;energy_source=nvml_total_energy;power_mw=24216;nvml_field_api_unavailable=no_nvml_header;power_limit_mw=370000;ecc_unavailable=Not Supported;energy_source=nvml_total_energy;power_mw=263632;nvml_field_api_unavailable=no_nvml_header;power_limit_mw=370000;ecc_unavailable=Not Supported;smid_unique=82;smid_total_blocks=656;smid_max_blocks_on_sm=8;runtime_device_name=NVIDIA GeForce RTX 3090;runtime_compute_capability=8.6;runtime_sm_count=82;runtime_l2_bytes=6291456;runtime_shared_mem_per_block_optin_bytes=101376;"
reg_mma_1782990688338_r0,0,1,reg_mma,32,8,32,82,47266602,0,11.121965345,27045750046,27048070187,2320.141,981.413396788,1338.72760321,62013781824,508016900702208,508016900702208,4096,4,2,1,1,62013781824,0,0,0,671744,2.63520288668,2.63520288668,0,0,0,0,0,true,1935,9501,70,rtx3090,ampere_ga10x,ga102,8.6,82,6,100,"fp16_wmma,tf32,bf16,int8,int4,sparsity",nvml_total_energy,total_energy_mj_delta,true,one_sec_average,false,false,24400,208460,0,0,591.86,13.590.57,"regime=shared_resident;feasibility_reason=W_SM + B KiB fits rtx3090 shared memory capacity; full-GPU working set also fits nominal L2;target_profile=rtx3090;architecture_family=ampere_ga10x;chip=ga102;target_full_sm=82;target_l2_mib=6;target_shared_kib_per_sm=100;target_max_shared_kib_per_block=99;nvml_power_usage_semantics=one_sec_average;tensor_modes=fp16_wmma,tf32,bf16,int8,int4,sparsity;shared_resident=1;l2_candidate=1;dram_candidate=0;row_scope=per_gpu;logical_op=warp_m16n16k16;wmma_fallback=1;reuse_factor=2;load_repeat=1;store_repeat=1;expected_reg_operand_ops=62013781824;expected_shared_bytes=0;expected_l2_bytes=0;expected_dram_bytes=0;expected_store_bytes=671744;gpu_active=1;energy_source=nvml_total_energy;power_mw=24400;nvml_field_api_unavailable=no_nvml_header;power_limit_mw=370000;ecc_unavailable=Not Supported;energy_source=nvml_total_energy;power_mw=208460;nvml_field_api_unavailable=no_nvml_header;power_limit_mw=370000;ecc_unavailable=Not Supported;smid_unique=82;smid_total_blocks=656;smid_max_blocks_on_sm=8;runtime_device_name=NVIDIA GeForce RTX 3090;runtime_compute_capability=8.6;runtime_sm_count=82;runtime_l2_bytes=6291456;runtime_shared_mem_per_block_optin_bytes=101376;"
reg_mma_1782990907751_r0,0,1,reg_mma,32,8,32,82,36922096,0,11.123734979,27076999090,27079528970,2529.88,1014.08413162,1515.79586838,96883579904,793670286573568,793670286573568,4096,4,4,1,1,96883579904,0,0,0,671744,1.90985588603,1.90985588603,0,0,0,0,0,true,1920,9501,72,rtx3090,ampere_ga10x,ga102,8.6,82,6,100,"fp16_wmma,tf32,bf16,int8,int4,sparsity",nvml_total_energy,total_energy_mj_delta,true,one_sec_average,false,false,24824,239198,0,0,591.86,13.590.57,"regime=shared_resident;feasibility_reason=W_SM + B KiB fits rtx3090 shared memory capacity; full-GPU working set also fits nominal L2;target_profile=rtx3090;architecture_family=ampere_ga10x;chip=ga102;target_full_sm=82;target_l2_mib=6;target_shared_kib_per_sm=100;target_max_shared_kib_per_block=99;nvml_power_usage_semantics=one_sec_average;tensor_modes=fp16_wmma,tf32,bf16,int8,int4,sparsity;shared_resident=1;l2_candidate=1;dram_candidate=0;row_scope=per_gpu;logical_op=warp_m16n16k16;wmma_fallback=1;reuse_factor=4;load_repeat=1;store_repeat=1;expected_reg_operand_ops=96883579904;expected_shared_bytes=0;expected_l2_bytes=0;expected_dram_bytes=0;expected_store_bytes=671744;gpu_active=1;energy_source=nvml_total_energy;power_mw=24824;nvml_field_api_unavailable=no_nvml_header;power_limit_mw=370000;ecc_unavailable=Not Supported;energy_source=nvml_total_energy;power_mw=239198;nvml_field_api_unavailable=no_nvml_header;power_limit_mw=370000;ecc_unavailable=Not Supported;smid_unique=82;smid_total_blocks=656;smid_max_blocks_on_sm=8;runtime_device_name=NVIDIA GeForce RTX 3090;runtime_compute_capability=8.6;runtime_sm_count=82;runtime_l2_bytes=6291456;runtime_shared_mem_per_block_optin_bytes=101376;"
reg_mma_1782991124946_r0,0,1,reg_mma,32,8,32,82,19027385,0,11.480869263,27108601984,27110994506,2392.522,1054.06134542,1338.46065458,99855716480,818018029404160,818018029404160,4096,4,8,1,1,99855716480,0,0,0,671744,1.63622390519,1.63622390519,0,0,0,0,0,true,1920,9501,70,rtx3090,ampere_ga10x,ga102,8.6,82,6,100,"fp16_wmma,tf32,bf16,int8,int4,sparsity",nvml_total_energy,total_energy_mj_delta,true,one_sec_average,false,false,24634,223254,0,0,591.86,13.590.57,"regime=shared_resident;feasibility_reason=W_SM + B KiB fits rtx3090 shared memory capacity; full-GPU working set also fits nominal L2;target_profile=rtx3090;architecture_family=ampere_ga10x;chip=ga102;target_full_sm=82;target_l2_mib=6;target_shared_kib_per_sm=100;target_max_shared_kib_per_block=99;nvml_power_usage_semantics=one_sec_average;tensor_modes=fp16_wmma,tf32,bf16,int8,int4,sparsity;shared_resident=1;l2_candidate=1;dram_candidate=0;row_scope=per_gpu;logical_op=warp_m16n16k16;wmma_fallback=1;reuse_factor=8;load_repeat=1;store_repeat=1;expected_reg_operand_ops=99855716480;expected_shared_bytes=0;expected_l2_bytes=0;expected_dram_bytes=0;expected_store_bytes=671744;gpu_active=1;energy_source=nvml_total_energy;power_mw=24634;nvml_field_api_unavailable=no_nvml_header;power_limit_mw=370000;ecc_unavailable=Not Supported;energy_source=nvml_total_energy;power_mw=223254;nvml_field_api_unavailable=no_nvml_header;power_limit_mw=370000;ecc_unavailable=Not Supported;smid_unique=82;smid_total_blocks=656;smid_max_blocks_on_sm=8;runtime_device_name=NVIDIA GeForce RTX 3090;runtime_compute_capability=8.6;runtime_sm_count=82;runtime_l2_bytes=6291456;runtime_shared_mem_per_block_optin_bytes=101376;"
reg_mma_1782991338395_r0,0,1,reg_mma,32,16,32,82,64848702,0,10.916583526,27138222490,27140897766,2675.276,972.638615758,1702.63738424,85081497024,696987623620608,696987623620608,2048,2,1,1,1,85081497024,0,0,0,1343488,2.44285167561,2.44285167561,0,0,0,0,0,true,1905,9501,69,rtx3090,ampere_ga10x,ga102,8.6,82,6,100,"fp16_wmma,tf32,bf16,int8,int4,sparsity",nvml_total_energy,total_energy_mj_delta,true,one_sec_average,false,false,23660,217841,0,0,591.86,13.590.57,"regime=shared_resident;feasibility_reason=W_SM + B KiB fits rtx3090 shared memory capacity; full-GPU working set also fits nominal L2;target_profile=rtx3090;architecture_family=ampere_ga10x;chip=ga102;target_full_sm=82;target_l2_mib=6;target_shared_kib_per_sm=100;target_max_shared_kib_per_block=99;nvml_power_usage_semantics=one_sec_average;tensor_modes=fp16_wmma,tf32,bf16,int8,int4,sparsity;shared_resident=1;l2_candidate=1;dram_candidate=0;row_scope=per_gpu;logical_op=warp_m16n16k16;wmma_fallback=1;reuse_factor=1;load_repeat=1;store_repeat=1;expected_reg_operand_ops=85081497024;expected_shared_bytes=0;expected_l2_bytes=0;expected_dram_bytes=0;expected_store_bytes=1343488;gpu_active=1;energy_source=nvml_total_energy;power_mw=23660;nvml_field_api_unavailable=no_nvml_header;power_limit_mw=370000;ecc_unavailable=Not Supported;energy_source=nvml_total_energy;power_mw=217841;nvml_field_api_unavailable=no_nvml_header;power_limit_mw=370000;ecc_unavailable=Not Supported;smid_unique=82;smid_total_blocks=1312;smid_max_blocks_on_sm=16;runtime_device_name=NVIDIA GeForce RTX 3090;runtime_compute_capability=8.6;runtime_sm_count=82;runtime_l2_bytes=6291456;runtime_shared_mem_per_block_optin_bytes=101376;"
reg_mma_1782991574425_r0,0,1,reg_mma,32,16,32,82,24728251,0,11.146669672,27177683998,27180022780,2338.782,1052.94101282,1285.84098718,64886930624,531553735671808,531553735671808,2048,2,2,1,1,64886930624,0,0,0,1343488,2.41902351708,2.41902351708,0,0,0,0,0,true,1920,9501,70,rtx3090,ampere_ga10x,ga102,8.6,82,6,100,"fp16_wmma,tf32,bf16,int8,int4,sparsity",nvml_total_energy,total_energy_mj_delta,true,one_sec_average,false,false,25653,210050,0,0,591.86,13.590.57,"regime=shared_resident;feasibility_reason=W_SM + B KiB fits rtx3090 shared memory capacity; full-GPU working set also fits nominal L2;target_profile=rtx3090;architecture_family=ampere_ga10x;chip=ga102;target_full_sm=82;target_l2_mib=6;target_shared_kib_per_sm=100;target_max_shared_kib_per_block=99;nvml_power_usage_semantics=one_sec_average;tensor_modes=fp16_wmma,tf32,bf16,int8,int4,sparsity;shared_resident=1;l2_candidate=1;dram_candidate=0;row_scope=per_gpu;logical_op=warp_m16n16k16;wmma_fallback=1;reuse_factor=2;load_repeat=1;store_repeat=1;expected_reg_operand_ops=64886930624;expected_shared_bytes=0;expected_l2_bytes=0;expected_dram_bytes=0;expected_store_bytes=1343488;gpu_active=1;energy_source=nvml_total_energy;power_mw=25653;nvml_field_api_unavailable=no_nvml_header;power_limit_mw=370000;ecc_unavailable=Not Supported;energy_source=nvml_total_energy;power_mw=210050;nvml_field_api_unavailable=no_nvml_header;power_limit_mw=370000;ecc_unavailable=Not Supported;smid_unique=82;smid_total_blocks=1312;smid_max_blocks_on_sm=16;runtime_device_name=NVIDIA GeForce RTX 3090;runtime_compute_capability=8.6;runtime_sm_count=82;runtime_l2_bytes=6291456;runtime_shared_mem_per_block_optin_bytes=101376;"
reg_mma_1782991797646_r0,0,1,reg_mma,32,16,32,82,18594457,0,11.203909633,27209767040,27212324870,2557.83,1056.54377724,1501.28622276,97583710336,799405755072512,799405755072512,2048,2,4,1,1,97583710336,0,0,0,1343488,1.87800277048,1.87800277048,0,0,0,0,0,true,1920,9501,72,rtx3090,ampere_ga10x,ga102,8.6,82,6,100,"fp16_wmma,tf32,bf16,int8,int4,sparsity",nvml_total_energy,total_energy_mj_delta,true,one_sec_average,false,false,24743,239511,0,0,591.86,13.590.57,"regime=shared_resident;feasibility_reason=W_SM + B KiB fits rtx3090 shared memory capacity; full-GPU working set also fits nominal L2;target_profile=rtx3090;architecture_family=ampere_ga10x;chip=ga102;target_full_sm=82;target_l2_mib=6;target_shared_kib_per_sm=100;target_max_shared_kib_per_block=99;nvml_power_usage_semantics=one_sec_average;tensor_modes=fp16_wmma,tf32,bf16,int8,int4,sparsity;shared_resident=1;l2_candidate=1;dram_candidate=0;row_scope=per_gpu;logical_op=warp_m16n16k16;wmma_fallback=1;reuse_factor=4;load_repeat=1;store_repeat=1;expected_reg_operand_ops=97583710336;expected_shared_bytes=0;expected_l2_bytes=0;expected_dram_bytes=0;expected_store_bytes=1343488;gpu_active=1;energy_source=nvml_total_energy;power_mw=24743;nvml_field_api_unavailable=no_nvml_header;power_limit_mw=370000;ecc_unavailable=Not Supported;energy_source=nvml_total_energy;power_mw=239511;nvml_field_api_unavailable=no_nvml_header;power_limit_mw=370000;ecc_unavailable=Not Supported;smid_unique=82;smid_total_blocks=1312;smid_max_blocks_on_sm=16;runtime_device_name=NVIDIA GeForce RTX 3090;runtime_compute_capability=8.6;runtime_sm_count=82;runtime_l2_bytes=6291456;runtime_shared_mem_per_block_optin_bytes=101376;"
reg_mma_1782992015752_r0,0,1,reg_mma,32,16,32,82,9527327,0,11.55246953,27241405116,27243842853,2437.737,987.788148479,1449.94885152,99998824192,819190367780864,819190367780864,2048,2,8,1,1,99998824192,0,0,0,1343488,1.76997790568,1.76997790568,0,0,0,0,0,true,1920,9501,69,rtx3090,ampere_ga10x,ga102,8.6,82,6,100,"fp16_wmma,tf32,bf16,int8,int4,sparsity",nvml_total_energy,total_energy_mj_delta,true,one_sec_average,false,false,24641,223405,0,0,591.86,13.590.57,"regime=shared_resident;feasibility_reason=W_SM + B KiB fits rtx3090 shared memory capacity; full-GPU working set also fits nominal L2;target_profile=rtx3090;architecture_family=ampere_ga10x;chip=ga102;target_full_sm=82;target_l2_mib=6;target_shared_kib_per_sm=100;target_max_shared_kib_per_block=99;nvml_power_usage_semantics=one_sec_average;tensor_modes=fp16_wmma,tf32,bf16,int8,int4,sparsity;shared_resident=1;l2_candidate=1;dram_candidate=0;row_scope=per_gpu;logical_op=warp_m16n16k16;wmma_fallback=1;reuse_factor=8;load_repeat=1;store_repeat=1;expected_reg_operand_ops=99998824192;expected_shared_bytes=0;expected_l2_bytes=0;expected_dram_bytes=0;expected_store_bytes=1343488;gpu_active=1;energy_source=nvml_total_energy;power_mw=24641;nvml_field_api_unavailable=no_nvml_header;power_limit_mw=370000;ecc_unavailable=Not Supported;energy_source=nvml_total_energy;power_mw=223405;nvml_field_api_unavailable=no_nvml_header;power_limit_mw=370000;ecc_unavailable=Not Supported;smid_unique=82;smid_total_blocks=1312;smid_max_blocks_on_sm=16;runtime_device_name=NVIDIA GeForce RTX 3090;runtime_compute_capability=8.6;runtime_sm_count=82;runtime_l2_bytes=6291456;runtime_shared_mem_per_block_optin_bytes=101376;"
