run_id,gpu_id,n_gpu_active,mode,W_SM_KiB,blocks_per_SM,threads_per_block,active_SM,ITER,sweeps,elapsed_s,E_before_mJ,E_after_mJ,delta_E_J,idle_baseline_J,net_E_J,N_MMA,FLOP,input_bits,w_block_bytes,tiles_per_block,reuse_factor,load_repeat,store_repeat,reg_payload_bytes_per_block,reg_payload_regs_per_thread,reg_payload_bytes_per_sm,expected_reg_pressure_ops,expected_reg_operand_ops,expected_shared_bytes,expected_l1_bytes,expected_l2_bytes,expected_dram_bytes,expected_store_bytes,expected_addr_ops,pJ_per_FLOP,pJ_per_input_bit,ncu_tensor_inst,ncu_shared_bytes,ncu_l1_bytes,ncu_l2_bytes,ncu_dram_bytes,ncu_spill_bytes,smid_histogram_ok,clock_sm_mhz,clock_mem_mhz,temp_C,profile_name,architecture_family,chip,compute_capability,sm_count,l2_mib,shared_kib_per_sm,tensor_modes,energy_source,energy_integration_method,mode_family,denominator_level,nvml_total_energy_supported,nvml_power_usage_semantics,nvml_field_power_instant_supported,nvml_field_power_average_supported,power_before_mw,power_after_mw,power_sample_count,power_sample_period_ms,driver_version,nvml_version,notes
empty_1783198557819_r0,0,1,empty,64,16,32,82,1000000,0,3.412313118,2038647535,2039019403,371.868,374.298978239,-2.43097823896,0,0,0,4096,4,1,4,1,0,0,0,0,0,0,0,0,0,5248,0,0,0,0,0,0,0,0,0,true,1740,9501,54,rtx3090,ampere_ga10x,ga102,8.6,82,6,100,"fp16_wmma,tf32,bf16,int8,int4,sparsity",nvml_total_energy,total_energy_mj_delta,control,none,true,one_sec_average,false,false,111442,109068,0,0,591.86,13.590.57,"regime=shared_resident;feasibility_reason=W_SM + B KiB fits rtx3090 shared memory capacity; full-GPU working set also fits nominal L2;target_profile=rtx3090;architecture_family=ampere_ga10x;chip=ga102;target_full_sm=82;target_l2_mib=6;target_shared_kib_per_sm=100;target_max_shared_kib_per_block=99;nvml_power_usage_semantics=one_sec_average;tensor_modes=fp16_wmma,tf32,bf16,int8,int4,sparsity;shared_resident=1;l2_candidate=1;dram_candidate=0;row_scope=per_gpu;logical_op=warp_m16n16k16;wmma_fallback=1;reuse_factor=1;load_repeat=4;store_repeat=1;reg_payload_bytes_per_block=0;reg_payload_regs_per_thread=0;reg_payload_bytes_per_sm=0;expected_reg_pressure_ops=0;expected_reg_operand_ops=0;expected_shared_bytes=0;expected_l1_bytes=0;expected_l2_bytes=0;expected_dram_bytes=0;expected_store_bytes=5248;expected_addr_ops=0;mode_family=control;denominator_level=none;gpu_active=1;energy_source=nvml_total_energy;power_mw=111442;nvml_field_api_unavailable=no_nvml_header;power_limit_mw=370000;ecc_unavailable=Not Supported;energy_source=nvml_total_energy;power_mw=109068;nvml_field_api_unavailable=no_nvml_header;power_limit_mw=370000;ecc_unavailable=Not Supported;smid_unique=82;smid_total_blocks=1312;smid_max_blocks_on_sm=16;runtime_device_name=NVIDIA GeForce RTX 3090;runtime_compute_capability=8.6;runtime_sm_count=82;runtime_l2_bytes=6291456;runtime_shared_mem_per_block_optin_bytes=101376;"
clocked_empty_1783198564400_r0,0,1,clocked_empty,64,16,32,82,1000000,0,4.059792537,2039250944,2039834364,583.42,430.349665987,153.070334013,0,0,0,4096,4,1,4,1,0,0,0,0,0,0,0,0,0,5248,0,0,0,0,0,0,0,0,0,true,1935,9501,66,rtx3090,ampere_ga10x,ga102,8.6,82,6,100,"fp16_wmma,tf32,bf16,int8,int4,sparsity",nvml_total_energy,total_energy_mj_delta,control,none,true,one_sec_average,false,false,101455,234165,0,0,591.86,13.590.57,"regime=shared_resident;feasibility_reason=W_SM + B KiB fits rtx3090 shared memory capacity; full-GPU working set also fits nominal L2;target_profile=rtx3090;architecture_family=ampere_ga10x;chip=ga102;target_full_sm=82;target_l2_mib=6;target_shared_kib_per_sm=100;target_max_shared_kib_per_block=99;nvml_power_usage_semantics=one_sec_average;tensor_modes=fp16_wmma,tf32,bf16,int8,int4,sparsity;shared_resident=1;l2_candidate=1;dram_candidate=0;row_scope=per_gpu;logical_op=warp_m16n16k16;wmma_fallback=1;reuse_factor=1;load_repeat=4;store_repeat=1;reg_payload_bytes_per_block=0;reg_payload_regs_per_thread=0;reg_payload_bytes_per_sm=0;expected_reg_pressure_ops=0;expected_reg_operand_ops=0;expected_shared_bytes=0;expected_l1_bytes=0;expected_l2_bytes=0;expected_dram_bytes=0;expected_store_bytes=5248;expected_addr_ops=0;mode_family=control;denominator_level=none;gpu_active=1;energy_source=nvml_total_energy;power_mw=101455;nvml_field_api_unavailable=no_nvml_header;power_limit_mw=370000;ecc_unavailable=Not Supported;energy_source=nvml_total_energy;power_mw=234165;nvml_field_api_unavailable=no_nvml_header;power_limit_mw=370000;ecc_unavailable=Not Supported;smid_unique=82;smid_total_blocks=1312;smid_max_blocks_on_sm=16;runtime_device_name=NVIDIA GeForce RTX 3090;runtime_compute_capability=8.6;runtime_sm_count=82;runtime_l2_bytes=6291456;runtime_shared_mem_per_block_optin_bytes=101376;"
addr_only_1783198570740_r0,0,1,addr_only,64,16,32,82,100000,0,3.782977281,2040172279,2040622273,449.994,486.884216169,-36.8902161695,0,0,0,4096,4,1,4,1,0,0,0,0,0,0,0,0,0,5248,524800000,0,0,0,0,0,0,0,0,true,1935,9501,53,rtx3090,ampere_ga10x,ga102,8.6,82,6,100,"fp16_wmma,tf32,bf16,int8,int4,sparsity",nvml_total_energy,total_energy_mj_delta,address_control,expected_addr_ops,true,one_sec_average,false,false,115810,150810,0,0,591.86,13.590.57,"regime=shared_resident;feasibility_reason=W_SM + B KiB fits rtx3090 shared memory capacity; full-GPU working set also fits nominal L2;target_profile=rtx3090;architecture_family=ampere_ga10x;chip=ga102;target_full_sm=82;target_l2_mib=6;target_shared_kib_per_sm=100;target_max_shared_kib_per_block=99;nvml_power_usage_semantics=one_sec_average;tensor_modes=fp16_wmma,tf32,bf16,int8,int4,sparsity;shared_resident=1;l2_candidate=1;dram_candidate=0;row_scope=per_gpu;logical_op=warp_m16n16k16;wmma_fallback=1;reuse_factor=1;load_repeat=4;store_repeat=1;reg_payload_bytes_per_block=0;reg_payload_regs_per_thread=0;reg_payload_bytes_per_sm=0;expected_reg_pressure_ops=0;expected_reg_operand_ops=0;expected_shared_bytes=0;expected_l1_bytes=0;expected_l2_bytes=0;expected_dram_bytes=0;expected_store_bytes=5248;expected_addr_ops=524800000;mode_family=address_control;denominator_level=expected_addr_ops;gpu_active=1;energy_source=nvml_total_energy;power_mw=115810;nvml_field_api_unavailable=no_nvml_header;power_limit_mw=370000;ecc_unavailable=Not Supported;energy_source=nvml_total_energy;power_mw=150810;nvml_field_api_unavailable=no_nvml_header;power_limit_mw=370000;ecc_unavailable=Not Supported;smid_unique=82;smid_total_blocks=1312;smid_max_blocks_on_sm=16;runtime_device_name=NVIDIA GeForce RTX 3090;runtime_compute_capability=8.6;runtime_sm_count=82;runtime_l2_bytes=6291456;runtime_shared_mem_per_block_optin_bytes=101376;"
reg_fragment_only_1783198576586_r0,0,1,reg_fragment_only,2048,4,32,82,100000,0,3.354875445,2040953985,2041327007,373.022,398.791144124,-25.769144124,0,0,0,524288,512,1,4,1,0,0,0,0,0,0,0,0,0,335872,0,0,0,0,0,0,0,0,0,true,1740,9501,53,rtx3090,ampere_ga10x,ga102,8.6,82,6,100,"fp16_wmma,tf32,bf16,int8,int4,sparsity",nvml_total_energy,total_energy_mj_delta,register_tensor,none,true,one_sec_average,false,false,121965,110609,0,0,591.86,13.590.57,"regime=dram_mixed_streaming;feasibility_reason=full-GPU working set exceeds the nominal L2 size;target_profile=rtx3090;architecture_family=ampere_ga10x;chip=ga102;target_full_sm=82;target_l2_mib=6;target_shared_kib_per_sm=100;target_max_shared_kib_per_block=99;nvml_power_usage_semantics=one_sec_average;tensor_modes=fp16_wmma,tf32,bf16,int8,int4,sparsity;shared_resident=0;l2_candidate=0;dram_candidate=1;row_scope=per_gpu;logical_op=warp_m16n16k16;wmma_fallback=1;reuse_factor=1;load_repeat=4;store_repeat=1;reg_payload_bytes_per_block=0;reg_payload_regs_per_thread=0;reg_payload_bytes_per_sm=0;expected_reg_pressure_ops=0;expected_reg_operand_ops=0;expected_shared_bytes=0;expected_l1_bytes=0;expected_l2_bytes=0;expected_dram_bytes=0;expected_store_bytes=335872;expected_addr_ops=0;mode_family=register_tensor;denominator_level=none;gpu_active=1;energy_source=nvml_total_energy;power_mw=121965;nvml_field_api_unavailable=no_nvml_header;power_limit_mw=370000;ecc_unavailable=Not Supported;energy_source=nvml_total_energy;power_mw=110609;nvml_field_api_unavailable=no_nvml_header;power_limit_mw=370000;ecc_unavailable=Not Supported;smid_unique=82;smid_total_blocks=328;smid_max_blocks_on_sm=4;runtime_device_name=NVIDIA GeForce RTX 3090;runtime_compute_capability=8.6;runtime_sm_count=82;runtime_l2_bytes=6291456;runtime_shared_mem_per_block_optin_bytes=101376;"
reg_operand_only_1783198582472_r0,0,1,reg_operand_only,2048,4,32,82,100000,0,3.378913913,2041500665,2041873681,373.016,361.419418742,11.5965812578,0,0,0,524288,512,1,4,1,0,0,0,0,32800000,0,0,0,0,335872,0,0,0,0,0,0,0,0,0,true,1740,9501,53,rtx3090,ampere_ga10x,ga102,8.6,82,6,100,"fp16_wmma,tf32,bf16,int8,int4,sparsity",nvml_total_energy,total_energy_mj_delta,register_tensor,logical_register_operand,true,one_sec_average,false,false,103922,111331,0,0,591.86,13.590.57,"regime=dram_mixed_streaming;feasibility_reason=full-GPU working set exceeds the nominal L2 size;target_profile=rtx3090;architecture_family=ampere_ga10x;chip=ga102;target_full_sm=82;target_l2_mib=6;target_shared_kib_per_sm=100;target_max_shared_kib_per_block=99;nvml_power_usage_semantics=one_sec_average;tensor_modes=fp16_wmma,tf32,bf16,int8,int4,sparsity;shared_resident=0;l2_candidate=0;dram_candidate=1;row_scope=per_gpu;logical_op=warp_m16n16k16;wmma_fallback=1;reuse_factor=1;load_repeat=4;store_repeat=1;reg_payload_bytes_per_block=0;reg_payload_regs_per_thread=0;reg_payload_bytes_per_sm=0;expected_reg_pressure_ops=0;expected_reg_operand_ops=32800000;expected_shared_bytes=0;expected_l1_bytes=0;expected_l2_bytes=0;expected_dram_bytes=0;expected_store_bytes=335872;expected_addr_ops=0;mode_family=register_tensor;denominator_level=logical_register_operand;gpu_active=1;energy_source=nvml_total_energy;power_mw=103922;nvml_field_api_unavailable=no_nvml_header;power_limit_mw=370000;ecc_unavailable=Not Supported;energy_source=nvml_total_energy;power_mw=111331;nvml_field_api_unavailable=no_nvml_header;power_limit_mw=370000;ecc_unavailable=Not Supported;smid_unique=82;smid_total_blocks=328;smid_max_blocks_on_sm=4;runtime_device_name=NVIDIA GeForce RTX 3090;runtime_compute_capability=8.6;runtime_sm_count=82;runtime_l2_bytes=6291456;runtime_shared_mem_per_block_optin_bytes=101376;"
reg_mma_1783198588430_r0,0,1,reg_mma,2048,4,32,82,100000,0,3.436749923,2042055916,2042425133,369.217,363.11597239,6.1010276098,32800000,268697600000,268697600000,524288,512,1,4,1,0,0,0,0,32800000,0,0,0,0,335872,0,22.7059252103,22.7059252103,0,0,0,0,0,0,true,1740,9501,52,rtx3090,ampere_ga10x,ga102,8.6,82,6,100,"fp16_wmma,tf32,bf16,int8,int4,sparsity",nvml_total_energy,total_energy_mj_delta,register_tensor,FLOP,true,one_sec_average,false,false,103404,107617,0,0,591.86,13.590.57,"regime=dram_mixed_streaming;feasibility_reason=full-GPU working set exceeds the nominal L2 size;target_profile=rtx3090;architecture_family=ampere_ga10x;chip=ga102;target_full_sm=82;target_l2_mib=6;target_shared_kib_per_sm=100;target_max_shared_kib_per_block=99;nvml_power_usage_semantics=one_sec_average;tensor_modes=fp16_wmma,tf32,bf16,int8,int4,sparsity;shared_resident=0;l2_candidate=0;dram_candidate=1;row_scope=per_gpu;logical_op=warp_m16n16k16;wmma_fallback=1;reuse_factor=1;load_repeat=4;store_repeat=1;reg_payload_bytes_per_block=0;reg_payload_regs_per_thread=0;reg_payload_bytes_per_sm=0;expected_reg_pressure_ops=0;expected_reg_operand_ops=32800000;expected_shared_bytes=0;expected_l1_bytes=0;expected_l2_bytes=0;expected_dram_bytes=0;expected_store_bytes=335872;expected_addr_ops=0;mode_family=register_tensor;denominator_level=FLOP;gpu_active=1;energy_source=nvml_total_energy;power_mw=103404;nvml_field_api_unavailable=no_nvml_header;power_limit_mw=370000;ecc_unavailable=Not Supported;energy_source=nvml_total_energy;power_mw=107617;nvml_field_api_unavailable=no_nvml_header;power_limit_mw=370000;ecc_unavailable=Not Supported;smid_unique=82;smid_total_blocks=328;smid_max_blocks_on_sm=4;runtime_device_name=NVIDIA GeForce RTX 3090;runtime_compute_capability=8.6;runtime_sm_count=82;runtime_l2_bytes=6291456;runtime_shared_mem_per_block_optin_bytes=101376;"
shared_load_only_1783198599671_r0,0,1,shared_load_only,64,16,32,82,100000,100000,8.679239729,2042619380,2044886057,2266.677,923.284151361,1343.39284864,0,0,0,4096,4,1,4,1,0,0,0,0,0,537395200000,0,0,0,1343488,0,0,0,0,0,0,0,0,0,true,1905,9501,72,rtx3090,ampere_ga10x,ga102,8.6,82,6,100,"fp16_wmma,tf32,bf16,int8,int4,sparsity",nvml_total_energy,total_energy_mj_delta,shared,expected_shared_bytes_static,true,one_sec_average,false,false,104337,348311,0,0,591.86,13.590.57,"regime=shared_resident;feasibility_reason=W_SM + B KiB fits rtx3090 shared memory capacity; full-GPU working set also fits nominal L2;target_profile=rtx3090;architecture_family=ampere_ga10x;chip=ga102;target_full_sm=82;target_l2_mib=6;target_shared_kib_per_sm=100;target_max_shared_kib_per_block=99;nvml_power_usage_semantics=one_sec_average;tensor_modes=fp16_wmma,tf32,bf16,int8,int4,sparsity;shared_resident=1;l2_candidate=1;dram_candidate=0;row_scope=per_gpu;logical_op=warp_m16n16k16;wmma_fallback=1;reuse_factor=1;load_repeat=4;store_repeat=1;reg_payload_bytes_per_block=0;reg_payload_regs_per_thread=0;reg_payload_bytes_per_sm=0;expected_reg_pressure_ops=0;expected_reg_operand_ops=0;expected_shared_bytes=537395200000;expected_l1_bytes=0;expected_l2_bytes=0;expected_dram_bytes=0;expected_store_bytes=1343488;expected_addr_ops=0;mode_family=shared;denominator_level=expected_shared_bytes_static;gpu_active=1;shared_init_included=1;energy_source=nvml_total_energy;power_mw=104337;nvml_field_api_unavailable=no_nvml_header;power_limit_mw=370000;ecc_unavailable=Not Supported;energy_source=nvml_total_energy;power_mw=348311;nvml_field_api_unavailable=no_nvml_header;power_limit_mw=370000;ecc_unavailable=Not Supported;smid_unique=82;smid_total_blocks=1312;smid_max_blocks_on_sm=16;runtime_device_name=NVIDIA GeForce RTX 3090;runtime_compute_capability=8.6;runtime_sm_count=82;runtime_l2_bytes=6291456;runtime_shared_mem_per_block_optin_bytes=101376;"
shared_mma_1783198606944_r0,0,1,shared_mma,64,16,32,82,100000,100000,4.722359067,2045215942,2046072961,857.019,573.053867518,283.965132482,131200000,1074790400000,1074790400000,4096,4,1,4,1,0,0,0,0,0,537395200000,0,0,0,1343488,0,264.205125467,264.205125467,0,0,0,0,0,0,true,1920,9501,70,rtx3090,ampere_ga10x,ga102,8.6,82,6,100,"fp16_wmma,tf32,bf16,int8,int4,sparsity",nvml_total_energy,total_energy_mj_delta,shared,FLOP,true,one_sec_average,false,false,124648,359990,0,0,591.86,13.590.57,"regime=shared_resident;feasibility_reason=W_SM + B KiB fits rtx3090 shared memory capacity; full-GPU working set also fits nominal L2;target_profile=rtx3090;architecture_family=ampere_ga10x;chip=ga102;target_full_sm=82;target_l2_mib=6;target_shared_kib_per_sm=100;target_max_shared_kib_per_block=99;nvml_power_usage_semantics=one_sec_average;tensor_modes=fp16_wmma,tf32,bf16,int8,int4,sparsity;shared_resident=1;l2_candidate=1;dram_candidate=0;row_scope=per_gpu;logical_op=warp_m16n16k16;wmma_fallback=1;reuse_factor=1;load_repeat=4;store_repeat=1;reg_payload_bytes_per_block=0;reg_payload_regs_per_thread=0;reg_payload_bytes_per_sm=0;expected_reg_pressure_ops=0;expected_reg_operand_ops=0;expected_shared_bytes=537395200000;expected_l1_bytes=0;expected_l2_bytes=0;expected_dram_bytes=0;expected_store_bytes=1343488;expected_addr_ops=0;mode_family=shared;denominator_level=FLOP;gpu_active=1;shared_init_included=1;energy_source=nvml_total_energy;power_mw=124648;nvml_field_api_unavailable=no_nvml_header;power_limit_mw=370000;ecc_unavailable=Not Supported;energy_source=nvml_total_energy;power_mw=359990;nvml_field_api_unavailable=no_nvml_header;power_limit_mw=370000;ecc_unavailable=Not Supported;smid_unique=82;smid_total_blocks=1312;smid_max_blocks_on_sm=16;runtime_device_name=NVIDIA GeForce RTX 3090;runtime_compute_capability=8.6;runtime_sm_count=82;runtime_l2_bytes=6291456;runtime_shared_mem_per_block_optin_bytes=101376;"
global_l1_load_only_1783198613529_r0,0,1,global_l1_load_only,16,16,32,82,100000,400000,4.081509835,2046402069,2047015779,613.71,485.622906981,128.087093019,0,0,0,1024,1,1,4,1,0,0,0,0,0,0,537395200000,0,0,1343488,0,0,0,0,0,0,0,0,0,true,1905,9501,66,rtx3090,ampere_ga10x,ga102,8.6,82,6,100,"fp16_wmma,tf32,bf16,int8,int4,sparsity",nvml_total_energy,total_energy_mj_delta,global_l1,expected_l1_bytes_static,true,one_sec_average,false,false,121432,268503,0,0,591.86,13.590.57,"regime=shared_resident;feasibility_reason=W_SM + B KiB fits rtx3090 shared memory capacity; full-GPU working set also fits nominal L2;target_profile=rtx3090;architecture_family=ampere_ga10x;chip=ga102;target_full_sm=82;target_l2_mib=6;target_shared_kib_per_sm=100;target_max_shared_kib_per_block=99;nvml_power_usage_semantics=one_sec_average;tensor_modes=fp16_wmma,tf32,bf16,int8,int4,sparsity;shared_resident=1;l2_candidate=1;dram_candidate=0;row_scope=per_gpu;logical_op=warp_m16n16k16;wmma_fallback=1;reuse_factor=1;load_repeat=4;store_repeat=1;reg_payload_bytes_per_block=0;reg_payload_regs_per_thread=0;reg_payload_bytes_per_sm=0;expected_reg_pressure_ops=0;expected_reg_operand_ops=0;expected_shared_bytes=0;expected_l1_bytes=537395200000;expected_l2_bytes=0;expected_dram_bytes=0;expected_store_bytes=1343488;expected_addr_ops=0;mode_family=global_l1;denominator_level=expected_l1_bytes_static;gpu_active=1;energy_source=nvml_total_energy;power_mw=121432;nvml_field_api_unavailable=no_nvml_header;power_limit_mw=370000;ecc_unavailable=Not Supported;energy_source=nvml_total_energy;power_mw=268503;nvml_field_api_unavailable=no_nvml_header;power_limit_mw=370000;ecc_unavailable=Not Supported;smid_unique=82;smid_total_blocks=1312;smid_max_blocks_on_sm=16;runtime_device_name=NVIDIA GeForce RTX 3090;runtime_compute_capability=8.6;runtime_sm_count=82;runtime_l2_bytes=6291456;runtime_shared_mem_per_block_optin_bytes=101376;"
l2_load_only_1783198620276_r0,0,1,l2_load_only,64,16,32,82,100000,100000,4.192370001,2047341850,2047980327,638.477,489.478545464,148.998454536,0,0,0,4096,4,1,4,1,0,0,0,0,0,0,0,537395200000,0,1343488,0,0,0,0,0,0,0,0,0,true,1935,9501,68,rtx3090,ampere_ga10x,ga102,8.6,82,6,100,"fp16_wmma,tf32,bf16,int8,int4,sparsity",nvml_total_energy,total_energy_mj_delta,global_l2,expected_l2_bytes_static,true,one_sec_average,false,false,120809,269206,0,0,591.86,13.590.57,"regime=shared_resident;feasibility_reason=W_SM + B KiB fits rtx3090 shared memory capacity; full-GPU working set also fits nominal L2;target_profile=rtx3090;architecture_family=ampere_ga10x;chip=ga102;target_full_sm=82;target_l2_mib=6;target_shared_kib_per_sm=100;target_max_shared_kib_per_block=99;nvml_power_usage_semantics=one_sec_average;tensor_modes=fp16_wmma,tf32,bf16,int8,int4,sparsity;shared_resident=1;l2_candidate=1;dram_candidate=0;row_scope=per_gpu;logical_op=warp_m16n16k16;wmma_fallback=1;reuse_factor=1;load_repeat=4;store_repeat=1;reg_payload_bytes_per_block=0;reg_payload_regs_per_thread=0;reg_payload_bytes_per_sm=0;expected_reg_pressure_ops=0;expected_reg_operand_ops=0;expected_shared_bytes=0;expected_l1_bytes=0;expected_l2_bytes=537395200000;expected_dram_bytes=0;expected_store_bytes=1343488;expected_addr_ops=0;mode_family=global_l2;denominator_level=expected_l2_bytes_static;gpu_active=1;energy_source=nvml_total_energy;power_mw=120809;nvml_field_api_unavailable=no_nvml_header;power_limit_mw=370000;ecc_unavailable=Not Supported;energy_source=nvml_total_energy;power_mw=269206;nvml_field_api_unavailable=no_nvml_header;power_limit_mw=370000;ecc_unavailable=Not Supported;smid_unique=82;smid_total_blocks=1312;smid_max_blocks_on_sm=16;runtime_device_name=NVIDIA GeForce RTX 3090;runtime_compute_capability=8.6;runtime_sm_count=82;runtime_l2_bytes=6291456;runtime_shared_mem_per_block_optin_bytes=101376;"
l2_cg_load_only_1783198627334_r0,0,1,l2_cg_load_only,64,16,32,82,100000,100000,4.476499391,2048321276,2049085006,763.73,527.322052251,236.407947749,0,0,0,4096,4,1,4,1,0,0,0,0,0,0,0,537395200000,0,0,0,0,0,0,0,0,0,0,0,true,1920,9501,71,rtx3090,ampere_ga10x,ga102,8.6,82,6,100,"fp16_wmma,tf32,bf16,int8,int4,sparsity",nvml_total_energy,total_energy_mj_delta,global_l2,expected_l2_bytes_static,true,one_sec_average,false,false,121329,342380,0,0,591.86,13.590.57,"regime=shared_resident;feasibility_reason=W_SM + B KiB fits rtx3090 shared memory capacity; full-GPU working set also fits nominal L2;target_profile=rtx3090;architecture_family=ampere_ga10x;chip=ga102;target_full_sm=82;target_l2_mib=6;target_shared_kib_per_sm=100;target_max_shared_kib_per_block=99;nvml_power_usage_semantics=one_sec_average;tensor_modes=fp16_wmma,tf32,bf16,int8,int4,sparsity;shared_resident=1;l2_candidate=1;dram_candidate=0;row_scope=per_gpu;logical_op=warp_m16n16k16;wmma_fallback=1;reuse_factor=1;load_repeat=4;store_repeat=1;reg_payload_bytes_per_block=0;reg_payload_regs_per_thread=0;reg_payload_bytes_per_sm=0;expected_reg_pressure_ops=0;expected_reg_operand_ops=0;expected_shared_bytes=0;expected_l1_bytes=0;expected_l2_bytes=537395200000;expected_dram_bytes=0;expected_store_bytes=0;expected_addr_ops=0;mode_family=global_l2;denominator_level=expected_l2_bytes_static;gpu_active=1;energy_source=nvml_total_energy;power_mw=121329;nvml_field_api_unavailable=no_nvml_header;power_limit_mw=370000;ecc_unavailable=Not Supported;energy_source=nvml_total_energy;power_mw=342380;nvml_field_api_unavailable=no_nvml_header;power_limit_mw=370000;ecc_unavailable=Not Supported;smid_unique=82;smid_total_blocks=1312;smid_max_blocks_on_sm=16;runtime_device_name=NVIDIA GeForce RTX 3090;runtime_compute_capability=8.6;runtime_sm_count=82;runtime_l2_bytes=6291456;runtime_shared_mem_per_block_optin_bytes=101376;"
l2_mma_1783198633672_r0,0,1,l2_mma,64,16,32,82,100000,100000,3.781851491,2049411647,2049888332,476.685,445.490318892,31.1946811081,131200000,1074790400000,1074790400000,4096,4,1,4,1,0,0,0,0,0,0,0,537395200000,0,1343488,0,29.0239670061,29.0239670061,0,0,0,0,0,0,true,1950,9501,54,rtx3090,ampere_ga10x,ga102,8.6,82,6,100,"fp16_wmma,tf32,bf16,int8,int4,sparsity",nvml_total_energy,total_energy_mj_delta,global_l2,FLOP,true,one_sec_average,false,false,120652,162336,0,0,591.86,13.590.57,"regime=shared_resident;feasibility_reason=W_SM + B KiB fits rtx3090 shared memory capacity; full-GPU working set also fits nominal L2;target_profile=rtx3090;architecture_family=ampere_ga10x;chip=ga102;target_full_sm=82;target_l2_mib=6;target_shared_kib_per_sm=100;target_max_shared_kib_per_block=99;nvml_power_usage_semantics=one_sec_average;tensor_modes=fp16_wmma,tf32,bf16,int8,int4,sparsity;shared_resident=1;l2_candidate=1;dram_candidate=0;row_scope=per_gpu;logical_op=warp_m16n16k16;wmma_fallback=1;reuse_factor=1;load_repeat=4;store_repeat=1;reg_payload_bytes_per_block=0;reg_payload_regs_per_thread=0;reg_payload_bytes_per_sm=0;expected_reg_pressure_ops=0;expected_reg_operand_ops=0;expected_shared_bytes=0;expected_l1_bytes=0;expected_l2_bytes=537395200000;expected_dram_bytes=0;expected_store_bytes=1343488;expected_addr_ops=0;mode_family=global_l2;denominator_level=FLOP;gpu_active=1;energy_source=nvml_total_energy;power_mw=120652;nvml_field_api_unavailable=no_nvml_header;power_limit_mw=370000;ecc_unavailable=Not Supported;energy_source=nvml_total_energy;power_mw=162336;nvml_field_api_unavailable=no_nvml_header;power_limit_mw=370000;ecc_unavailable=Not Supported;smid_unique=82;smid_total_blocks=1312;smid_max_blocks_on_sm=16;runtime_device_name=NVIDIA GeForce RTX 3090;runtime_compute_capability=8.6;runtime_sm_count=82;runtime_l2_bytes=6291456;runtime_shared_mem_per_block_optin_bytes=101376;"
dram_load_only_1783198642710_r0,0,1,dram_load_only,8192,16,32,82,100000,782,6.498163838,2050217643,2051710895,1493.252,784.622281449,708.629718551,0,0,0,524288,512,1,4,1,0,0,0,0,0,0,0,0,537395200000,1343488,0,0,0,0,0,0,0,0,0,true,1905,9501,69,rtx3090,ampere_ga10x,ga102,8.6,82,6,100,"fp16_wmma,tf32,bf16,int8,int4,sparsity",nvml_total_energy,total_energy_mj_delta,global_dram,expected_dram_bytes_static,true,one_sec_average,false,false,124300,369521,0,0,591.86,13.590.57,"regime=dram_mixed_streaming;feasibility_reason=full-GPU working set exceeds the nominal L2 size;target_profile=rtx3090;architecture_family=ampere_ga10x;chip=ga102;target_full_sm=82;target_l2_mib=6;target_shared_kib_per_sm=100;target_max_shared_kib_per_block=99;nvml_power_usage_semantics=one_sec_average;tensor_modes=fp16_wmma,tf32,bf16,int8,int4,sparsity;shared_resident=0;l2_candidate=0;dram_candidate=1;row_scope=per_gpu;logical_op=warp_m16n16k16;wmma_fallback=1;reuse_factor=1;load_repeat=4;store_repeat=1;reg_payload_bytes_per_block=0;reg_payload_regs_per_thread=0;reg_payload_bytes_per_sm=0;expected_reg_pressure_ops=0;expected_reg_operand_ops=0;expected_shared_bytes=0;expected_l1_bytes=0;expected_l2_bytes=0;expected_dram_bytes=537395200000;expected_store_bytes=1343488;expected_addr_ops=0;mode_family=global_dram;denominator_level=expected_dram_bytes_static;gpu_active=1;energy_source=nvml_total_energy;power_mw=124300;nvml_field_api_unavailable=no_nvml_header;power_limit_mw=370000;ecc_unavailable=Not Supported;energy_source=nvml_total_energy;power_mw=369521;nvml_field_api_unavailable=no_nvml_header;power_limit_mw=370000;ecc_unavailable=Not Supported;smid_unique=82;smid_total_blocks=1312;smid_max_blocks_on_sm=16;runtime_device_name=NVIDIA GeForce RTX 3090;runtime_compute_capability=8.6;runtime_sm_count=82;runtime_l2_bytes=6291456;runtime_shared_mem_per_block_optin_bytes=101376;"
dram_cg_load_only_1783198651780_r0,0,1,dram_cg_load_only,8192,16,32,82,100000,782,6.503429289,2052066680,2053577672,1510.992,768.824833283,742.167166717,0,0,0,524288,512,1,4,1,0,0,0,0,0,0,0,0,537395200000,0,0,0,0,0,0,0,0,0,0,true,1905,9501,71,rtx3090,ampere_ga10x,ga102,8.6,82,6,100,"fp16_wmma,tf32,bf16,int8,int4,sparsity",nvml_total_energy,total_energy_mj_delta,global_dram,expected_dram_bytes_static,true,one_sec_average,false,false,122681,368853,0,0,591.86,13.590.57,"regime=dram_mixed_streaming;feasibility_reason=full-GPU working set exceeds the nominal L2 size;target_profile=rtx3090;architecture_family=ampere_ga10x;chip=ga102;target_full_sm=82;target_l2_mib=6;target_shared_kib_per_sm=100;target_max_shared_kib_per_block=99;nvml_power_usage_semantics=one_sec_average;tensor_modes=fp16_wmma,tf32,bf16,int8,int4,sparsity;shared_resident=0;l2_candidate=0;dram_candidate=1;row_scope=per_gpu;logical_op=warp_m16n16k16;wmma_fallback=1;reuse_factor=1;load_repeat=4;store_repeat=1;reg_payload_bytes_per_block=0;reg_payload_regs_per_thread=0;reg_payload_bytes_per_sm=0;expected_reg_pressure_ops=0;expected_reg_operand_ops=0;expected_shared_bytes=0;expected_l1_bytes=0;expected_l2_bytes=0;expected_dram_bytes=537395200000;expected_store_bytes=0;expected_addr_ops=0;mode_family=global_dram;denominator_level=expected_dram_bytes_static;gpu_active=1;energy_source=nvml_total_energy;power_mw=122681;nvml_field_api_unavailable=no_nvml_header;power_limit_mw=370000;ecc_unavailable=Not Supported;energy_source=nvml_total_energy;power_mw=368853;nvml_field_api_unavailable=no_nvml_header;power_limit_mw=370000;ecc_unavailable=Not Supported;smid_unique=82;smid_total_blocks=1312;smid_max_blocks_on_sm=16;runtime_device_name=NVIDIA GeForce RTX 3090;runtime_compute_capability=8.6;runtime_sm_count=82;runtime_l2_bytes=6291456;runtime_shared_mem_per_block_optin_bytes=101376;"
dram_mma_1783198658804_r0,0,1,dram_mma,8192,16,32,82,100000,782,4.450355823,2053922649,2054665278,742.629,514.106958902,228.522041098,131200000,1074790400000,1074790400000,524288,512,1,4,1,0,0,0,0,0,0,0,0,537395200000,1343488,0,212.620098857,212.620098857,0,0,0,0,0,0,true,1920,9501,70,rtx3090,ampere_ga10x,ga102,8.6,82,6,100,"fp16_wmma,tf32,bf16,int8,int4,sparsity",nvml_total_energy,total_energy_mj_delta,global_dram,FLOP,true,one_sec_average,false,false,120077,341082,0,0,591.86,13.590.57,"regime=dram_mixed_streaming;feasibility_reason=full-GPU working set exceeds the nominal L2 size;target_profile=rtx3090;architecture_family=ampere_ga10x;chip=ga102;target_full_sm=82;target_l2_mib=6;target_shared_kib_per_sm=100;target_max_shared_kib_per_block=99;nvml_power_usage_semantics=one_sec_average;tensor_modes=fp16_wmma,tf32,bf16,int8,int4,sparsity;shared_resident=0;l2_candidate=0;dram_candidate=1;row_scope=per_gpu;logical_op=warp_m16n16k16;wmma_fallback=1;reuse_factor=1;load_repeat=4;store_repeat=1;reg_payload_bytes_per_block=0;reg_payload_regs_per_thread=0;reg_payload_bytes_per_sm=0;expected_reg_pressure_ops=0;expected_reg_operand_ops=0;expected_shared_bytes=0;expected_l1_bytes=0;expected_l2_bytes=0;expected_dram_bytes=537395200000;expected_store_bytes=1343488;expected_addr_ops=0;mode_family=global_dram;denominator_level=FLOP;gpu_active=1;energy_source=nvml_total_energy;power_mw=120077;nvml_field_api_unavailable=no_nvml_header;power_limit_mw=370000;ecc_unavailable=Not Supported;energy_source=nvml_total_energy;power_mw=341082;nvml_field_api_unavailable=no_nvml_header;power_limit_mw=370000;ecc_unavailable=Not Supported;smid_unique=82;smid_total_blocks=1312;smid_max_blocks_on_sm=16;runtime_device_name=NVIDIA GeForce RTX 3090;runtime_compute_capability=8.6;runtime_sm_count=82;runtime_l2_bytes=6291456;runtime_shared_mem_per_block_optin_bytes=101376;"
store_only_1783198664728_r0,0,1,store_only,64,16,32,82,100000,0,3.419824974,2055002901,2055404181,401.28,407.100206483,-5.8202064829,0,0,0,4096,4,1,4,1,0,0,0,0,0,0,0,0,0,524800000,0,0,0,0,0,0,0,0,0,true,1740,9501,56,rtx3090,ampere_ga10x,ga102,8.6,82,6,100,"fp16_wmma,tf32,bf16,int8,int4,sparsity",nvml_total_energy,total_energy_mj_delta,store,expected_store_bytes_static,true,one_sec_average,false,false,122879,119629,0,0,591.86,13.590.57,"regime=shared_resident;feasibility_reason=W_SM + B KiB fits rtx3090 shared memory capacity; full-GPU working set also fits nominal L2;target_profile=rtx3090;architecture_family=ampere_ga10x;chip=ga102;target_full_sm=82;target_l2_mib=6;target_shared_kib_per_sm=100;target_max_shared_kib_per_block=99;nvml_power_usage_semantics=one_sec_average;tensor_modes=fp16_wmma,tf32,bf16,int8,int4,sparsity;shared_resident=1;l2_candidate=1;dram_candidate=0;row_scope=per_gpu;logical_op=warp_m16n16k16;wmma_fallback=1;reuse_factor=1;load_repeat=4;store_repeat=1;reg_payload_bytes_per_block=0;reg_payload_regs_per_thread=0;reg_payload_bytes_per_sm=0;expected_reg_pressure_ops=0;expected_reg_operand_ops=0;expected_shared_bytes=0;expected_l1_bytes=0;expected_l2_bytes=0;expected_dram_bytes=0;expected_store_bytes=524800000;expected_addr_ops=0;mode_family=store;denominator_level=expected_store_bytes_static;gpu_active=1;energy_source=nvml_total_energy;power_mw=122879;nvml_field_api_unavailable=no_nvml_header;power_limit_mw=370000;ecc_unavailable=Not Supported;energy_source=nvml_total_energy;power_mw=119629;nvml_field_api_unavailable=no_nvml_header;power_limit_mw=370000;ecc_unavailable=Not Supported;smid_unique=82;smid_total_blocks=1312;smid_max_blocks_on_sm=16;runtime_device_name=NVIDIA GeForce RTX 3090;runtime_compute_capability=8.6;runtime_sm_count=82;runtime_l2_bytes=6291456;runtime_shared_mem_per_block_optin_bytes=101376;"
