run_id,gpu_id,n_gpu_active,mode,W_SM_KiB,blocks_per_SM,threads_per_block,active_SM,ITER,sweeps,elapsed_s,E_before_mJ,E_after_mJ,delta_E_J,idle_baseline_J,net_E_J,N_MMA,FLOP,input_bits,w_block_bytes,tiles_per_block,reuse_factor,load_repeat,store_repeat,reg_payload_bytes_per_block,reg_payload_regs_per_thread,reg_payload_bytes_per_sm,expected_reg_pressure_ops,expected_reg_operand_ops,expected_shared_bytes,expected_l1_bytes,expected_l2_bytes,expected_dram_bytes,expected_store_bytes,expected_addr_ops,pJ_per_FLOP,pJ_per_input_bit,ncu_tensor_inst,ncu_shared_bytes,ncu_l1_bytes,ncu_l2_bytes,ncu_dram_bytes,ncu_spill_bytes,smid_histogram_ok,clock_sm_mhz,clock_mem_mhz,temp_C,profile_name,architecture_family,chip,compute_capability,sm_count,l2_mib,unified_l1_shared_kib_per_sm,shared_kib_per_sm,tensor_modes,energy_source,energy_integration_method,measurement_scope,mode_family,denominator_level,nvml_total_energy_supported,nvml_power_usage_semantics,nvml_field_power_instant_supported,nvml_field_power_average_supported,power_before_mw,power_after_mw,power_sample_count,power_sample_period_ms,driver_version,nvml_version,notes
clocked_empty_1783515653790_r0,0,1,clocked_empty,64,16,32,82,1000000,0,4.618888464,17245936345,17246432719,496.374,468.524369193,27.8496308072,0,0,0,4096,4,1,1,1,0,0,0,0,0,0,0,0,0,5248,0,0,0,0,0,0,0,0,0,true,1965,9501,53,rtx3090,ampere_ga10x,ga102,8.6,82,6,128,100,"implemented:fp16_wmma;hardware_optional:tf32,bf16,int8,int4,sparsity",nvml_total_energy,total_energy_mj_delta,gpu_device_total_energy_counter,control,none,true,one_sec_average,false,false,99331,142661,0,0,591.86,13.590.57,"regime=shared_resident;feasibility_reason=W_SM + B KiB fits rtx3090 shared memory capacity; full-GPU working set also fits nominal L2;target_profile=rtx3090;architecture_family=ampere_ga10x;chip=ga102;target_full_sm=82;target_l2_mib=6;target_unified_l1_shared_kib_per_sm=128;target_shared_kib_per_sm=100;target_max_shared_kib_per_block=99;nvml_power_usage_semantics=one_sec_average;tensor_modes=implemented:fp16_wmma;hardware_optional:tf32,bf16,int8,int4,sparsity;shared_resident=1;l2_candidate=1;dram_candidate=0;row_scope=per_gpu;logical_op=warp_m16n16k16;wmma_fallback=1;reuse_factor=1;load_repeat=1;store_repeat=1;reg_payload_bytes_per_block=0;reg_payload_regs_per_thread=0;reg_payload_bytes_per_sm=0;expected_reg_pressure_ops=0;expected_reg_operand_ops=0;expected_shared_bytes=0;expected_l1_bytes=0;expected_l2_bytes=0;expected_dram_bytes=0;expected_store_bytes=5248;expected_addr_ops=0;measurement_scope=gpu_device_total_energy_counter;mode_family=control;denominator_level=none;gpu_active=1;energy_source=nvml_total_energy;power_mw=99331;nvml_field_api_unavailable=no_nvml_header;power_limit_mw=370000;ecc_unavailable=Not Supported;energy_source=nvml_total_energy;power_mw=142661;nvml_field_api_unavailable=no_nvml_header;power_limit_mw=370000;ecc_unavailable=Not Supported;smid_unique=82;smid_total_blocks=1312;smid_max_blocks_on_sm=16;runtime_device_name=NVIDIA GeForce RTX 3090;runtime_compute_capability=8.6;runtime_sm_count=82;runtime_l2_bytes=6291456;runtime_shared_mem_per_block_optin_bytes=101376;"
reg_operand_only_1783515664195_r0,0,1,reg_operand_only,2048,4,32,82,100000,0,4.42349078,17246869097,17247314457,445.36,414.97973858,30.3802614199,0,0,0,524288,512,8,1,1,0,0,0,0,262400000,0,0,0,0,335872,0,0,0,0,0,0,0,0,0,true,1740,9501,48,rtx3090,ampere_ga10x,ga102,8.6,82,6,128,100,"implemented:fp16_wmma;hardware_optional:tf32,bf16,int8,int4,sparsity",nvml_total_energy,total_energy_mj_delta,gpu_device_total_energy_counter,register_tensor,logical_register_operand,true,one_sec_average,false,false,100673,114643,0,0,591.86,13.590.57,"regime=dram_mixed_streaming;feasibility_reason=full-GPU working set exceeds the nominal L2 size;target_profile=rtx3090;architecture_family=ampere_ga10x;chip=ga102;target_full_sm=82;target_l2_mib=6;target_unified_l1_shared_kib_per_sm=128;target_shared_kib_per_sm=100;target_max_shared_kib_per_block=99;nvml_power_usage_semantics=one_sec_average;tensor_modes=implemented:fp16_wmma;hardware_optional:tf32,bf16,int8,int4,sparsity;shared_resident=0;l2_candidate=0;dram_candidate=1;row_scope=per_gpu;logical_op=warp_m16n16k16;wmma_fallback=1;reuse_factor=8;load_repeat=1;store_repeat=1;reg_payload_bytes_per_block=0;reg_payload_regs_per_thread=0;reg_payload_bytes_per_sm=0;expected_reg_pressure_ops=0;expected_reg_operand_ops=262400000;expected_shared_bytes=0;expected_l1_bytes=0;expected_l2_bytes=0;expected_dram_bytes=0;expected_store_bytes=335872;expected_addr_ops=0;measurement_scope=gpu_device_total_energy_counter;mode_family=register_tensor;denominator_level=logical_register_operand;gpu_active=1;energy_source=nvml_total_energy;power_mw=100673;nvml_field_api_unavailable=no_nvml_header;power_limit_mw=370000;ecc_unavailable=Not Supported;energy_source=nvml_total_energy;power_mw=114643;nvml_field_api_unavailable=no_nvml_header;power_limit_mw=370000;ecc_unavailable=Not Supported;smid_unique=82;smid_total_blocks=328;smid_max_blocks_on_sm=4;runtime_device_name=NVIDIA GeForce RTX 3090;runtime_compute_capability=8.6;runtime_sm_count=82;runtime_l2_bytes=6291456;runtime_shared_mem_per_block_optin_bytes=101376;"
reg_mma_1783515672612_r0,0,1,reg_mma,2048,4,32,82,100000,0,4.43346855,17247725639,17248186372,460.733,412.333169216,48.3998307837,262400000,2149580800000,2149580800000,524288,512,8,1,1,0,0,0,0,262400000,0,0,0,0,335872,0,22.5159392862,22.5159392862,0,0,0,0,0,0,true,1950,9501,49,rtx3090,ampere_ga10x,ga102,8.6,82,6,128,100,"implemented:fp16_wmma;hardware_optional:tf32,bf16,int8,int4,sparsity",nvml_total_energy,total_energy_mj_delta,gpu_device_total_energy_counter,register_tensor,FLOP,true,one_sec_average,false,false,93179,121276,0,0,591.86,13.590.57,"regime=dram_mixed_streaming;feasibility_reason=full-GPU working set exceeds the nominal L2 size;target_profile=rtx3090;architecture_family=ampere_ga10x;chip=ga102;target_full_sm=82;target_l2_mib=6;target_unified_l1_shared_kib_per_sm=128;target_shared_kib_per_sm=100;target_max_shared_kib_per_block=99;nvml_power_usage_semantics=one_sec_average;tensor_modes=implemented:fp16_wmma;hardware_optional:tf32,bf16,int8,int4,sparsity;shared_resident=0;l2_candidate=0;dram_candidate=1;row_scope=per_gpu;logical_op=warp_m16n16k16;wmma_fallback=1;reuse_factor=8;load_repeat=1;store_repeat=1;reg_payload_bytes_per_block=0;reg_payload_regs_per_thread=0;reg_payload_bytes_per_sm=0;expected_reg_pressure_ops=0;expected_reg_operand_ops=262400000;expected_shared_bytes=0;expected_l1_bytes=0;expected_l2_bytes=0;expected_dram_bytes=0;expected_store_bytes=335872;expected_addr_ops=0;measurement_scope=gpu_device_total_energy_counter;mode_family=register_tensor;denominator_level=FLOP;gpu_active=1;energy_source=nvml_total_energy;power_mw=93179;nvml_field_api_unavailable=no_nvml_header;power_limit_mw=370000;ecc_unavailable=Not Supported;energy_source=nvml_total_energy;power_mw=121276;nvml_field_api_unavailable=no_nvml_header;power_limit_mw=370000;ecc_unavailable=Not Supported;smid_unique=82;smid_total_blocks=328;smid_max_blocks_on_sm=4;runtime_device_name=NVIDIA GeForce RTX 3090;runtime_compute_capability=8.6;runtime_sm_count=82;runtime_l2_bytes=6291456;runtime_shared_mem_per_block_optin_bytes=101376;"
reg_operand_only_1783515683345_r0,0,1,reg_operand_only,2048,4,32,82,100000,0,4.614065917,17248611973,17249088925,476.952,465.518615224,11.4333847761,0,0,0,524288,512,16,1,1,0,0,0,0,524800000,0,0,0,0,335872,0,0,0,0,0,0,0,0,0,true,1965,9501,50,rtx3090,ampere_ga10x,ga102,8.6,82,6,128,100,"implemented:fp16_wmma;hardware_optional:tf32,bf16,int8,int4,sparsity",nvml_total_energy,total_energy_mj_delta,gpu_device_total_energy_counter,register_tensor,logical_register_operand,true,one_sec_average,false,false,98552,124788,0,0,591.86,13.590.57,"regime=dram_mixed_streaming;feasibility_reason=full-GPU working set exceeds the nominal L2 size;target_profile=rtx3090;architecture_family=ampere_ga10x;chip=ga102;target_full_sm=82;target_l2_mib=6;target_unified_l1_shared_kib_per_sm=128;target_shared_kib_per_sm=100;target_max_shared_kib_per_block=99;nvml_power_usage_semantics=one_sec_average;tensor_modes=implemented:fp16_wmma;hardware_optional:tf32,bf16,int8,int4,sparsity;shared_resident=0;l2_candidate=0;dram_candidate=1;row_scope=per_gpu;logical_op=warp_m16n16k16;wmma_fallback=1;reuse_factor=16;load_repeat=1;store_repeat=1;reg_payload_bytes_per_block=0;reg_payload_regs_per_thread=0;reg_payload_bytes_per_sm=0;expected_reg_pressure_ops=0;expected_reg_operand_ops=524800000;expected_shared_bytes=0;expected_l1_bytes=0;expected_l2_bytes=0;expected_dram_bytes=0;expected_store_bytes=335872;expected_addr_ops=0;measurement_scope=gpu_device_total_energy_counter;mode_family=register_tensor;denominator_level=logical_register_operand;gpu_active=1;energy_source=nvml_total_energy;power_mw=98552;nvml_field_api_unavailable=no_nvml_header;power_limit_mw=370000;ecc_unavailable=Not Supported;energy_source=nvml_total_energy;power_mw=124788;nvml_field_api_unavailable=no_nvml_header;power_limit_mw=370000;ecc_unavailable=Not Supported;smid_unique=82;smid_total_blocks=328;smid_max_blocks_on_sm=4;runtime_device_name=NVIDIA GeForce RTX 3090;runtime_compute_capability=8.6;runtime_sm_count=82;runtime_l2_bytes=6291456;runtime_shared_mem_per_block_optin_bytes=101376;"
reg_mma_1783515693932_r0,0,1,reg_mma,2048,4,32,82,100000,0,4.611534027,17249510126,17249994427,484.301,425.724338819,58.5766611814,524800000,4299161600000,4299161600000,524288,512,16,1,1,0,0,0,0,524800000,0,0,0,0,335872,0,13.6251359292,13.6251359292,0,0,0,0,0,0,true,1965,9501,54,rtx3090,ampere_ga10x,ga102,8.6,82,6,128,100,"implemented:fp16_wmma;hardware_optional:tf32,bf16,int8,int4,sparsity",nvml_total_energy,total_energy_mj_delta,gpu_device_total_energy_counter,register_tensor,FLOP,true,one_sec_average,false,false,93957,132358,0,0,591.86,13.590.57,"regime=dram_mixed_streaming;feasibility_reason=full-GPU working set exceeds the nominal L2 size;target_profile=rtx3090;architecture_family=ampere_ga10x;chip=ga102;target_full_sm=82;target_l2_mib=6;target_unified_l1_shared_kib_per_sm=128;target_shared_kib_per_sm=100;target_max_shared_kib_per_block=99;nvml_power_usage_semantics=one_sec_average;tensor_modes=implemented:fp16_wmma;hardware_optional:tf32,bf16,int8,int4,sparsity;shared_resident=0;l2_candidate=0;dram_candidate=1;row_scope=per_gpu;logical_op=warp_m16n16k16;wmma_fallback=1;reuse_factor=16;load_repeat=1;store_repeat=1;reg_payload_bytes_per_block=0;reg_payload_regs_per_thread=0;reg_payload_bytes_per_sm=0;expected_reg_pressure_ops=0;expected_reg_operand_ops=524800000;expected_shared_bytes=0;expected_l1_bytes=0;expected_l2_bytes=0;expected_dram_bytes=0;expected_store_bytes=335872;expected_addr_ops=0;measurement_scope=gpu_device_total_energy_counter;mode_family=register_tensor;denominator_level=FLOP;gpu_active=1;energy_source=nvml_total_energy;power_mw=93957;nvml_field_api_unavailable=no_nvml_header;power_limit_mw=370000;ecc_unavailable=Not Supported;energy_source=nvml_total_energy;power_mw=132358;nvml_field_api_unavailable=no_nvml_header;power_limit_mw=370000;ecc_unavailable=Not Supported;smid_unique=82;smid_total_blocks=328;smid_max_blocks_on_sm=4;runtime_device_name=NVIDIA GeForce RTX 3090;runtime_compute_capability=8.6;runtime_sm_count=82;runtime_l2_bytes=6291456;runtime_shared_mem_per_block_optin_bytes=101376;"
shared_scalar_load_only_1783515718394_r0,0,1,shared_scalar_load_only,64,16,32,82,100000,100000,20.52255062,17250416430,17256328004,5911.574,2130.17392811,3781.40007189,0,0,0,4096,4,1,4,1,0,0,0,0,0,537395200000,0,0,0,5248,0,0,0,0,0,0,0,0,0,true,1935,9501,70,rtx3090,ampere_ga10x,ga102,8.6,82,6,128,100,"implemented:fp16_wmma;hardware_optional:tf32,bf16,int8,int4,sparsity",nvml_total_energy,total_energy_mj_delta,gpu_device_total_energy_counter,shared,expected_shared_bytes_static,true,one_sec_average,false,false,101839,284768,0,0,591.86,13.590.57,"regime=shared_resident;feasibility_reason=W_SM + B KiB fits rtx3090 shared memory capacity; full-GPU working set also fits nominal L2;target_profile=rtx3090;architecture_family=ampere_ga10x;chip=ga102;target_full_sm=82;target_l2_mib=6;target_unified_l1_shared_kib_per_sm=128;target_shared_kib_per_sm=100;target_max_shared_kib_per_block=99;nvml_power_usage_semantics=one_sec_average;tensor_modes=implemented:fp16_wmma;hardware_optional:tf32,bf16,int8,int4,sparsity;shared_resident=1;l2_candidate=1;dram_candidate=0;row_scope=per_gpu;logical_op=warp_m16n16k16;wmma_fallback=1;reuse_factor=1;load_repeat=4;store_repeat=1;reg_payload_bytes_per_block=0;reg_payload_regs_per_thread=0;reg_payload_bytes_per_sm=0;expected_reg_pressure_ops=0;expected_reg_operand_ops=0;expected_shared_bytes=537395200000;expected_l1_bytes=0;expected_l2_bytes=0;expected_dram_bytes=0;expected_store_bytes=5248;expected_addr_ops=0;measurement_scope=gpu_device_total_energy_counter;mode_family=shared;denominator_level=expected_shared_bytes_static;gpu_active=1;shared_init_included=1;energy_source=nvml_total_energy;power_mw=101839;nvml_field_api_unavailable=no_nvml_header;power_limit_mw=370000;ecc_unavailable=Not Supported;energy_source=nvml_total_energy;power_mw=284768;nvml_field_api_unavailable=no_nvml_header;power_limit_mw=370000;ecc_unavailable=Not Supported;smid_unique=82;smid_total_blocks=1312;smid_max_blocks_on_sm=16;runtime_device_name=NVIDIA GeForce RTX 3090;runtime_compute_capability=8.6;runtime_sm_count=82;runtime_l2_bytes=6291456;runtime_shared_mem_per_block_optin_bytes=101376;"
global_l1_load_only_1783515727234_r0,0,1,global_l1_load_only,16,16,32,82,100000,400000,5.004797784,17256888716,17257555179,666.463,494.129610069,172.333389931,0,0,0,1024,1,1,4,1,0,0,0,0,0,0,537395200000,0,0,1343488,0,0,0,0,0,0,0,0,0,true,1905,9501,68,rtx3090,ampere_ga10x,ga102,8.6,82,6,128,100,"implemented:fp16_wmma;hardware_optional:tf32,bf16,int8,int4,sparsity",nvml_total_energy,total_energy_mj_delta,gpu_device_total_energy_counter,global_l1,expected_l1_bytes_static,true,one_sec_average,false,false,105669,246085,0,0,591.86,13.590.57,"regime=shared_resident;feasibility_reason=W_SM + B KiB fits rtx3090 shared memory capacity; full-GPU working set also fits nominal L2;target_profile=rtx3090;architecture_family=ampere_ga10x;chip=ga102;target_full_sm=82;target_l2_mib=6;target_unified_l1_shared_kib_per_sm=128;target_shared_kib_per_sm=100;target_max_shared_kib_per_block=99;nvml_power_usage_semantics=one_sec_average;tensor_modes=implemented:fp16_wmma;hardware_optional:tf32,bf16,int8,int4,sparsity;shared_resident=1;l2_candidate=1;dram_candidate=0;row_scope=per_gpu;logical_op=warp_m16n16k16;wmma_fallback=1;reuse_factor=1;load_repeat=4;store_repeat=1;reg_payload_bytes_per_block=0;reg_payload_regs_per_thread=0;reg_payload_bytes_per_sm=0;expected_reg_pressure_ops=0;expected_reg_operand_ops=0;expected_shared_bytes=0;expected_l1_bytes=537395200000;expected_l2_bytes=0;expected_dram_bytes=0;expected_store_bytes=1343488;expected_addr_ops=0;measurement_scope=gpu_device_total_energy_counter;mode_family=global_l1;denominator_level=expected_l1_bytes_static;gpu_active=1;energy_source=nvml_total_energy;power_mw=105669;nvml_field_api_unavailable=no_nvml_header;power_limit_mw=370000;ecc_unavailable=Not Supported;energy_source=nvml_total_energy;power_mw=246085;nvml_field_api_unavailable=no_nvml_header;power_limit_mw=370000;ecc_unavailable=Not Supported;smid_unique=82;smid_total_blocks=1312;smid_max_blocks_on_sm=16;runtime_device_name=NVIDIA GeForce RTX 3090;runtime_compute_capability=8.6;runtime_sm_count=82;runtime_l2_bytes=6291456;runtime_shared_mem_per_block_optin_bytes=101376;"
l2_cg_load_only_1783515738646_r0,0,1,l2_cg_load_only,64,16,32,82,100000,100000,5.458311789,17258004205,17258819534,815.329,546.788518873,268.540481127,0,0,0,4096,4,1,4,1,0,0,0,0,0,0,0,537395200000,0,0,0,0,0,0,0,0,0,0,0,true,1920,9501,69,rtx3090,ampere_ga10x,ga102,8.6,82,6,128,100,"implemented:fp16_wmma;hardware_optional:tf32,bf16,int8,int4,sparsity",nvml_total_energy,total_energy_mj_delta,gpu_device_total_energy_counter,global_l2,expected_l2_bytes_static,true,one_sec_average,false,false,105012,344509,0,0,591.86,13.590.57,"regime=shared_resident;feasibility_reason=W_SM + B KiB fits rtx3090 shared memory capacity; full-GPU working set also fits nominal L2;target_profile=rtx3090;architecture_family=ampere_ga10x;chip=ga102;target_full_sm=82;target_l2_mib=6;target_unified_l1_shared_kib_per_sm=128;target_shared_kib_per_sm=100;target_max_shared_kib_per_block=99;nvml_power_usage_semantics=one_sec_average;tensor_modes=implemented:fp16_wmma;hardware_optional:tf32,bf16,int8,int4,sparsity;shared_resident=1;l2_candidate=1;dram_candidate=0;row_scope=per_gpu;logical_op=warp_m16n16k16;wmma_fallback=1;reuse_factor=1;load_repeat=4;store_repeat=1;reg_payload_bytes_per_block=0;reg_payload_regs_per_thread=0;reg_payload_bytes_per_sm=0;expected_reg_pressure_ops=0;expected_reg_operand_ops=0;expected_shared_bytes=0;expected_l1_bytes=0;expected_l2_bytes=537395200000;expected_dram_bytes=0;expected_store_bytes=0;expected_addr_ops=0;measurement_scope=gpu_device_total_energy_counter;mode_family=global_l2;denominator_level=expected_l2_bytes_static;gpu_active=1;energy_source=nvml_total_energy;power_mw=105012;nvml_field_api_unavailable=no_nvml_header;power_limit_mw=370000;ecc_unavailable=Not Supported;energy_source=nvml_total_energy;power_mw=344509;nvml_field_api_unavailable=no_nvml_header;power_limit_mw=370000;ecc_unavailable=Not Supported;smid_unique=82;smid_total_blocks=1312;smid_max_blocks_on_sm=16;runtime_device_name=NVIDIA GeForce RTX 3090;runtime_compute_capability=8.6;runtime_sm_count=82;runtime_l2_bytes=6291456;runtime_shared_mem_per_block_optin_bytes=101376;"
shared_scalar_load_only_1783515779538_r0,0,1,shared_scalar_load_only,64,16,32,82,100000,200000,37.056613634,17259249556,17270799908,11550.352,3597.02821922,7953.32378078,0,0,0,4096,4,1,8,1,0,0,0,0,0,1074790400000,0,0,0,5248,0,0,0,0,0,0,0,0,0,true,1905,9501,70,rtx3090,ampere_ga10x,ga102,8.6,82,6,128,100,"implemented:fp16_wmma;hardware_optional:tf32,bf16,int8,int4,sparsity",nvml_total_energy,total_energy_mj_delta,gpu_device_total_energy_counter,shared,expected_shared_bytes_static,true,one_sec_average,false,false,95818,227584,0,0,591.86,13.590.57,"regime=shared_resident;feasibility_reason=W_SM + B KiB fits rtx3090 shared memory capacity; full-GPU working set also fits nominal L2;target_profile=rtx3090;architecture_family=ampere_ga10x;chip=ga102;target_full_sm=82;target_l2_mib=6;target_unified_l1_shared_kib_per_sm=128;target_shared_kib_per_sm=100;target_max_shared_kib_per_block=99;nvml_power_usage_semantics=one_sec_average;tensor_modes=implemented:fp16_wmma;hardware_optional:tf32,bf16,int8,int4,sparsity;shared_resident=1;l2_candidate=1;dram_candidate=0;row_scope=per_gpu;logical_op=warp_m16n16k16;wmma_fallback=1;reuse_factor=1;load_repeat=8;store_repeat=1;reg_payload_bytes_per_block=0;reg_payload_regs_per_thread=0;reg_payload_bytes_per_sm=0;expected_reg_pressure_ops=0;expected_reg_operand_ops=0;expected_shared_bytes=1074790400000;expected_l1_bytes=0;expected_l2_bytes=0;expected_dram_bytes=0;expected_store_bytes=5248;expected_addr_ops=0;measurement_scope=gpu_device_total_energy_counter;mode_family=shared;denominator_level=expected_shared_bytes_static;gpu_active=1;shared_init_included=1;energy_source=nvml_total_energy;power_mw=95818;nvml_field_api_unavailable=no_nvml_header;power_limit_mw=370000;ecc_unavailable=Not Supported;energy_source=nvml_total_energy;power_mw=227584;nvml_field_api_unavailable=no_nvml_header;power_limit_mw=370000;ecc_unavailable=Not Supported;smid_unique=82;smid_total_blocks=1312;smid_max_blocks_on_sm=16;runtime_device_name=NVIDIA GeForce RTX 3090;runtime_compute_capability=8.6;runtime_sm_count=82;runtime_l2_bytes=6291456;runtime_shared_mem_per_block_optin_bytes=101376;"
global_l1_load_only_1783515789089_r0,0,1,global_l1_load_only,16,16,32,82,100000,800000,5.690596654,17271390376,17272287413,897.037,647.536422875,249.500577125,0,0,0,1024,1,1,8,1,0,0,0,0,0,0,1074790400000,0,0,1343488,0,0,0,0,0,0,0,0,0,true,1905,9501,74,rtx3090,ampere_ga10x,ga102,8.6,82,6,128,100,"implemented:fp16_wmma;hardware_optional:tf32,bf16,int8,int4,sparsity",nvml_total_energy,total_energy_mj_delta,gpu_device_total_energy_counter,global_l1,expected_l1_bytes_static,true,one_sec_average,false,false,111386,346116,0,0,591.86,13.590.57,"regime=shared_resident;feasibility_reason=W_SM + B KiB fits rtx3090 shared memory capacity; full-GPU working set also fits nominal L2;target_profile=rtx3090;architecture_family=ampere_ga10x;chip=ga102;target_full_sm=82;target_l2_mib=6;target_unified_l1_shared_kib_per_sm=128;target_shared_kib_per_sm=100;target_max_shared_kib_per_block=99;nvml_power_usage_semantics=one_sec_average;tensor_modes=implemented:fp16_wmma;hardware_optional:tf32,bf16,int8,int4,sparsity;shared_resident=1;l2_candidate=1;dram_candidate=0;row_scope=per_gpu;logical_op=warp_m16n16k16;wmma_fallback=1;reuse_factor=1;load_repeat=8;store_repeat=1;reg_payload_bytes_per_block=0;reg_payload_regs_per_thread=0;reg_payload_bytes_per_sm=0;expected_reg_pressure_ops=0;expected_reg_operand_ops=0;expected_shared_bytes=0;expected_l1_bytes=1074790400000;expected_l2_bytes=0;expected_dram_bytes=0;expected_store_bytes=1343488;expected_addr_ops=0;measurement_scope=gpu_device_total_energy_counter;mode_family=global_l1;denominator_level=expected_l1_bytes_static;gpu_active=1;energy_source=nvml_total_energy;power_mw=111386;nvml_field_api_unavailable=no_nvml_header;power_limit_mw=370000;ecc_unavailable=Not Supported;energy_source=nvml_total_energy;power_mw=346116;nvml_field_api_unavailable=no_nvml_header;power_limit_mw=370000;ecc_unavailable=Not Supported;smid_unique=82;smid_total_blocks=1312;smid_max_blocks_on_sm=16;runtime_device_name=NVIDIA GeForce RTX 3090;runtime_compute_capability=8.6;runtime_sm_count=82;runtime_l2_bytes=6291456;runtime_shared_mem_per_block_optin_bytes=101376;"
l2_cg_load_only_1783515801704_r0,0,1,l2_cg_load_only,64,16,32,82,100000,200000,6.665214449,17272756434,17274022222,1265.788,660.656718096,605.131281904,0,0,0,4096,4,1,8,1,0,0,0,0,0,0,0,1074790400000,0,0,0,0,0,0,0,0,0,0,0,true,1905,9501,76,rtx3090,ampere_ga10x,ga102,8.6,82,6,128,100,"implemented:fp16_wmma;hardware_optional:tf32,bf16,int8,int4,sparsity",nvml_total_energy,total_energy_mj_delta,gpu_device_total_energy_counter,global_l2,expected_l2_bytes_static,true,one_sec_average,false,false,101824,357417,0,0,591.86,13.590.57,"regime=shared_resident;feasibility_reason=W_SM + B KiB fits rtx3090 shared memory capacity; full-GPU working set also fits nominal L2;target_profile=rtx3090;architecture_family=ampere_ga10x;chip=ga102;target_full_sm=82;target_l2_mib=6;target_unified_l1_shared_kib_per_sm=128;target_shared_kib_per_sm=100;target_max_shared_kib_per_block=99;nvml_power_usage_semantics=one_sec_average;tensor_modes=implemented:fp16_wmma;hardware_optional:tf32,bf16,int8,int4,sparsity;shared_resident=1;l2_candidate=1;dram_candidate=0;row_scope=per_gpu;logical_op=warp_m16n16k16;wmma_fallback=1;reuse_factor=1;load_repeat=8;store_repeat=1;reg_payload_bytes_per_block=0;reg_payload_regs_per_thread=0;reg_payload_bytes_per_sm=0;expected_reg_pressure_ops=0;expected_reg_operand_ops=0;expected_shared_bytes=0;expected_l1_bytes=0;expected_l2_bytes=1074790400000;expected_dram_bytes=0;expected_store_bytes=0;expected_addr_ops=0;measurement_scope=gpu_device_total_energy_counter;mode_family=global_l2;denominator_level=expected_l2_bytes_static;gpu_active=1;energy_source=nvml_total_energy;power_mw=101824;nvml_field_api_unavailable=no_nvml_header;power_limit_mw=370000;ecc_unavailable=Not Supported;energy_source=nvml_total_energy;power_mw=357417;nvml_field_api_unavailable=no_nvml_header;power_limit_mw=370000;ecc_unavailable=Not Supported;smid_unique=82;smid_total_blocks=1312;smid_max_blocks_on_sm=16;runtime_device_name=NVIDIA GeForce RTX 3090;runtime_compute_capability=8.6;runtime_sm_count=82;runtime_l2_bytes=6291456;runtime_shared_mem_per_block_optin_bytes=101376;"
dram_cg_load_only_1783515815308_r0,0,1,dram_cg_load_only,128,16,32,82,100000,50000,7.663605149,17274458289,17276042804,1584.515,764.007783193,820.507216807,0,0,0,8192,8,1,4,1,0,0,0,0,0,0,0,0,537395200000,0,0,0,0,0,0,0,0,0,0,true,1905,9501,73,rtx3090,ampere_ga10x,ga102,8.6,82,6,128,100,"implemented:fp16_wmma;hardware_optional:tf32,bf16,int8,int4,sparsity",nvml_total_energy,total_energy_mj_delta,gpu_device_total_energy_counter,global_dram,expected_dram_bytes_static,true,one_sec_average,false,false,100616,369565,0,0,591.86,13.590.57,"regime=dram_mixed_streaming;feasibility_reason=full-GPU working set exceeds the nominal L2 size;target_profile=rtx3090;architecture_family=ampere_ga10x;chip=ga102;target_full_sm=82;target_l2_mib=6;target_unified_l1_shared_kib_per_sm=128;target_shared_kib_per_sm=100;target_max_shared_kib_per_block=99;nvml_power_usage_semantics=one_sec_average;tensor_modes=implemented:fp16_wmma;hardware_optional:tf32,bf16,int8,int4,sparsity;shared_resident=0;l2_candidate=0;dram_candidate=1;row_scope=per_gpu;logical_op=warp_m16n16k16;wmma_fallback=1;reuse_factor=1;load_repeat=4;store_repeat=1;reg_payload_bytes_per_block=0;reg_payload_regs_per_thread=0;reg_payload_bytes_per_sm=0;expected_reg_pressure_ops=0;expected_reg_operand_ops=0;expected_shared_bytes=0;expected_l1_bytes=0;expected_l2_bytes=0;expected_dram_bytes=537395200000;expected_store_bytes=0;expected_addr_ops=0;measurement_scope=gpu_device_total_energy_counter;mode_family=global_dram;denominator_level=expected_dram_bytes_static;gpu_active=1;energy_source=nvml_total_energy;power_mw=100616;nvml_field_api_unavailable=no_nvml_header;power_limit_mw=370000;ecc_unavailable=Not Supported;energy_source=nvml_total_energy;power_mw=369565;nvml_field_api_unavailable=no_nvml_header;power_limit_mw=370000;ecc_unavailable=Not Supported;smid_unique=82;smid_total_blocks=1312;smid_max_blocks_on_sm=16;runtime_device_name=NVIDIA GeForce RTX 3090;runtime_compute_capability=8.6;runtime_sm_count=82;runtime_l2_bytes=6291456;runtime_shared_mem_per_block_optin_bytes=101376;"
dram_cg_load_only_1783515830037_r0,0,1,dram_cg_load_only,128,16,32,82,100000,100000,10.787844748,17276608482,17279294728,2686.246,1074.74006097,1611.50593903,0,0,0,8192,8,1,8,1,0,0,0,0,0,0,0,0,1074790400000,0,0,0,0,0,0,0,0,0,0,true,1905,9501,74,rtx3090,ampere_ga10x,ga102,8.6,82,6,128,100,"implemented:fp16_wmma;hardware_optional:tf32,bf16,int8,int4,sparsity",nvml_total_energy,total_energy_mj_delta,gpu_device_total_energy_counter,global_dram,expected_dram_bytes_static,true,one_sec_average,false,false,101298,369309,0,0,591.86,13.590.57,"regime=dram_mixed_streaming;feasibility_reason=full-GPU working set exceeds the nominal L2 size;target_profile=rtx3090;architecture_family=ampere_ga10x;chip=ga102;target_full_sm=82;target_l2_mib=6;target_unified_l1_shared_kib_per_sm=128;target_shared_kib_per_sm=100;target_max_shared_kib_per_block=99;nvml_power_usage_semantics=one_sec_average;tensor_modes=implemented:fp16_wmma;hardware_optional:tf32,bf16,int8,int4,sparsity;shared_resident=0;l2_candidate=0;dram_candidate=1;row_scope=per_gpu;logical_op=warp_m16n16k16;wmma_fallback=1;reuse_factor=1;load_repeat=8;store_repeat=1;reg_payload_bytes_per_block=0;reg_payload_regs_per_thread=0;reg_payload_bytes_per_sm=0;expected_reg_pressure_ops=0;expected_reg_operand_ops=0;expected_shared_bytes=0;expected_l1_bytes=0;expected_l2_bytes=0;expected_dram_bytes=1074790400000;expected_store_bytes=0;expected_addr_ops=0;measurement_scope=gpu_device_total_energy_counter;mode_family=global_dram;denominator_level=expected_dram_bytes_static;gpu_active=1;energy_source=nvml_total_energy;power_mw=101298;nvml_field_api_unavailable=no_nvml_header;power_limit_mw=370000;ecc_unavailable=Not Supported;energy_source=nvml_total_energy;power_mw=369309;nvml_field_api_unavailable=no_nvml_header;power_limit_mw=370000;ecc_unavailable=Not Supported;smid_unique=82;smid_total_blocks=1312;smid_max_blocks_on_sm=16;runtime_device_name=NVIDIA GeForce RTX 3090;runtime_compute_capability=8.6;runtime_sm_count=82;runtime_l2_bytes=6291456;runtime_shared_mem_per_block_optin_bytes=101376;"
