run_id,gpu_id,n_gpu_active,mode,W_SM_KiB,blocks_per_SM,threads_per_block,active_SM,ITER,sweeps,elapsed_s,E_before_mJ,E_after_mJ,delta_E_J,idle_baseline_J,net_E_J,N_MMA,FLOP,input_bits,w_block_bytes,tiles_per_block,reuse_factor,load_repeat,store_repeat,reg_payload_bytes_per_block,reg_payload_regs_per_thread,reg_payload_bytes_per_sm,expected_reg_pressure_ops,expected_reg_operand_ops,expected_shared_bytes,expected_l1_bytes,expected_l2_bytes,expected_dram_bytes,expected_store_bytes,expected_addr_ops,pJ_per_FLOP,pJ_per_input_bit,ncu_tensor_inst,ncu_shared_bytes,ncu_l1_bytes,ncu_l2_bytes,ncu_dram_bytes,ncu_spill_bytes,smid_histogram_ok,clock_sm_mhz,clock_mem_mhz,temp_C,profile_name,architecture_family,chip,compute_capability,sm_count,l2_mib,unified_l1_shared_kib_per_sm,shared_kib_per_sm,tensor_modes,energy_source,energy_integration_method,mode_family,denominator_level,nvml_total_energy_supported,nvml_power_usage_semantics,nvml_field_power_instant_supported,nvml_field_power_average_supported,power_before_mw,power_after_mw,power_sample_count,power_sample_period_ms,driver_version,nvml_version,notes
reg_operand_only_1783450647120_r0,0,1,reg_operand_only,2048,16,32,82,17283495,0,19.839193982,8653811199,8657761467,3950.268,919.724055351,3030.54394465,0,0,0,131072,128,8,1,1,0,0,0,0,181407563520,0,0,0,0,1343488,0,0,0,0,0,0,0,0,0,true,1950,9501,62,rtx3090,ampere_ga10x,ga102,8.6,82,6,128,100,"implemented:fp16_wmma;hardware_optional:tf32,bf16,int8,int4,sparsity",nvml_total_energy,total_energy_mj_delta,register_tensor,logical_register_operand,true,one_sec_average,false,false,19824,214797,0,0,591.86,13.590.57,"regime=dram_mixed_streaming;feasibility_reason=full-GPU working set exceeds the nominal L2 size;target_profile=rtx3090;architecture_family=ampere_ga10x;chip=ga102;target_full_sm=82;target_l2_mib=6;target_unified_l1_shared_kib_per_sm=128;target_shared_kib_per_sm=100;target_max_shared_kib_per_block=99;nvml_power_usage_semantics=one_sec_average;tensor_modes=implemented:fp16_wmma;hardware_optional:tf32,bf16,int8,int4,sparsity;shared_resident=0;l2_candidate=0;dram_candidate=1;row_scope=per_gpu;logical_op=warp_m16n16k16;wmma_fallback=1;reuse_factor=8;load_repeat=1;store_repeat=1;reg_payload_bytes_per_block=0;reg_payload_regs_per_thread=0;reg_payload_bytes_per_sm=0;expected_reg_pressure_ops=0;expected_reg_operand_ops=181407563520;expected_shared_bytes=0;expected_l1_bytes=0;expected_l2_bytes=0;expected_dram_bytes=0;expected_store_bytes=1343488;expected_addr_ops=0;mode_family=register_tensor;denominator_level=logical_register_operand;gpu_active=1;energy_source=nvml_total_energy;power_mw=19824;nvml_field_api_unavailable=no_nvml_header;power_limit_mw=370000;ecc_unavailable=Not Supported;energy_source=nvml_total_energy;power_mw=214797;nvml_field_api_unavailable=no_nvml_header;power_limit_mw=370000;ecc_unavailable=Not Supported;smid_unique=82;smid_total_blocks=1312;smid_max_blocks_on_sm=16;runtime_device_name=NVIDIA GeForce RTX 3090;runtime_compute_capability=8.6;runtime_sm_count=82;runtime_l2_bytes=6291456;runtime_shared_mem_per_block_optin_bytes=101376;"
reg_mma_1783450687239_r0,0,1,reg_mma,2048,16,32,82,18433856,0,21.508887596,8658804591,8663326014,4521.423,1073.27545895,3448.14754105,193481752576,1585002517102592,1585002517102592,131072,128,8,1,1,0,0,0,0,193481752576,0,0,0,0,1343488,0,2.17548395277,2.17548395277,0,0,0,0,0,0,true,1950,9501,65,rtx3090,ampere_ga10x,ga102,8.6,82,6,128,100,"implemented:fp16_wmma;hardware_optional:tf32,bf16,int8,int4,sparsity",nvml_total_energy,total_energy_mj_delta,register_tensor,FLOP,true,one_sec_average,false,false,19050,220306,0,0,591.86,13.590.57,"regime=dram_mixed_streaming;feasibility_reason=full-GPU working set exceeds the nominal L2 size;target_profile=rtx3090;architecture_family=ampere_ga10x;chip=ga102;target_full_sm=82;target_l2_mib=6;target_unified_l1_shared_kib_per_sm=128;target_shared_kib_per_sm=100;target_max_shared_kib_per_block=99;nvml_power_usage_semantics=one_sec_average;tensor_modes=implemented:fp16_wmma;hardware_optional:tf32,bf16,int8,int4,sparsity;shared_resident=0;l2_candidate=0;dram_candidate=1;row_scope=per_gpu;logical_op=warp_m16n16k16;wmma_fallback=1;reuse_factor=8;load_repeat=1;store_repeat=1;reg_payload_bytes_per_block=0;reg_payload_regs_per_thread=0;reg_payload_bytes_per_sm=0;expected_reg_pressure_ops=0;expected_reg_operand_ops=193481752576;expected_shared_bytes=0;expected_l1_bytes=0;expected_l2_bytes=0;expected_dram_bytes=0;expected_store_bytes=1343488;expected_addr_ops=0;mode_family=register_tensor;denominator_level=FLOP;gpu_active=1;energy_source=nvml_total_energy;power_mw=19050;nvml_field_api_unavailable=no_nvml_header;power_limit_mw=370000;ecc_unavailable=Not Supported;energy_source=nvml_total_energy;power_mw=220306;nvml_field_api_unavailable=no_nvml_header;power_limit_mw=370000;ecc_unavailable=Not Supported;smid_unique=82;smid_total_blocks=1312;smid_max_blocks_on_sm=16;runtime_device_name=NVIDIA GeForce RTX 3090;runtime_compute_capability=8.6;runtime_sm_count=82;runtime_l2_bytes=6291456;runtime_shared_mem_per_block_optin_bytes=101376;"
reg_operand_only_1783450725720_r0,0,1,reg_operand_only,2048,16,32,82,9434501,0,21.670309018,8664424920,8668720194,4295.274,1141.87653824,3153.39746176,0,0,0,131072,128,16,1,1,0,0,0,0,198049044992,0,0,0,0,1343488,0,0,0,0,0,0,0,0,0,true,1950,9501,65,rtx3090,ampere_ga10x,ga102,8.6,82,6,128,100,"implemented:fp16_wmma;hardware_optional:tf32,bf16,int8,int4,sparsity",nvml_total_energy,total_energy_mj_delta,register_tensor,logical_register_operand,true,one_sec_average,false,false,20993,214054,0,0,591.86,13.590.57,"regime=dram_mixed_streaming;feasibility_reason=full-GPU working set exceeds the nominal L2 size;target_profile=rtx3090;architecture_family=ampere_ga10x;chip=ga102;target_full_sm=82;target_l2_mib=6;target_unified_l1_shared_kib_per_sm=128;target_shared_kib_per_sm=100;target_max_shared_kib_per_block=99;nvml_power_usage_semantics=one_sec_average;tensor_modes=implemented:fp16_wmma;hardware_optional:tf32,bf16,int8,int4,sparsity;shared_resident=0;l2_candidate=0;dram_candidate=1;row_scope=per_gpu;logical_op=warp_m16n16k16;wmma_fallback=1;reuse_factor=16;load_repeat=1;store_repeat=1;reg_payload_bytes_per_block=0;reg_payload_regs_per_thread=0;reg_payload_bytes_per_sm=0;expected_reg_pressure_ops=0;expected_reg_operand_ops=198049044992;expected_shared_bytes=0;expected_l1_bytes=0;expected_l2_bytes=0;expected_dram_bytes=0;expected_store_bytes=1343488;expected_addr_ops=0;mode_family=register_tensor;denominator_level=logical_register_operand;gpu_active=1;energy_source=nvml_total_energy;power_mw=20993;nvml_field_api_unavailable=no_nvml_header;power_limit_mw=370000;ecc_unavailable=Not Supported;energy_source=nvml_total_energy;power_mw=214054;nvml_field_api_unavailable=no_nvml_header;power_limit_mw=370000;ecc_unavailable=Not Supported;smid_unique=82;smid_total_blocks=1312;smid_max_blocks_on_sm=16;runtime_device_name=NVIDIA GeForce RTX 3090;runtime_compute_capability=8.6;runtime_sm_count=82;runtime_l2_bytes=6291456;runtime_shared_mem_per_block_optin_bytes=101376;"
reg_mma_1783450766397_r0,0,1,reg_mma,2048,16,32,82,9571697,0,22.106009065,8669862121,8674384533,4522.412,1184.02118449,3338.39081551,200929063424,1646010887569408,1646010887569408,131072,128,16,1,1,0,0,0,0,200929063424,0,0,0,0,1343488,0,2.02817055508,2.02817055508,0,0,0,0,0,0,true,1935,9501,67,rtx3090,ampere_ga10x,ga102,8.6,82,6,128,100,"implemented:fp16_wmma;hardware_optional:tf32,bf16,int8,int4,sparsity",nvml_total_energy,total_energy_mj_delta,register_tensor,FLOP,true,one_sec_average,false,false,20272,221999,0,0,591.86,13.590.57,"regime=dram_mixed_streaming;feasibility_reason=full-GPU working set exceeds the nominal L2 size;target_profile=rtx3090;architecture_family=ampere_ga10x;chip=ga102;target_full_sm=82;target_l2_mib=6;target_unified_l1_shared_kib_per_sm=128;target_shared_kib_per_sm=100;target_max_shared_kib_per_block=99;nvml_power_usage_semantics=one_sec_average;tensor_modes=implemented:fp16_wmma;hardware_optional:tf32,bf16,int8,int4,sparsity;shared_resident=0;l2_candidate=0;dram_candidate=1;row_scope=per_gpu;logical_op=warp_m16n16k16;wmma_fallback=1;reuse_factor=16;load_repeat=1;store_repeat=1;reg_payload_bytes_per_block=0;reg_payload_regs_per_thread=0;reg_payload_bytes_per_sm=0;expected_reg_pressure_ops=0;expected_reg_operand_ops=200929063424;expected_shared_bytes=0;expected_l1_bytes=0;expected_l2_bytes=0;expected_dram_bytes=0;expected_store_bytes=1343488;expected_addr_ops=0;mode_family=register_tensor;denominator_level=FLOP;gpu_active=1;energy_source=nvml_total_energy;power_mw=20272;nvml_field_api_unavailable=no_nvml_header;power_limit_mw=370000;ecc_unavailable=Not Supported;energy_source=nvml_total_energy;power_mw=221999;nvml_field_api_unavailable=no_nvml_header;power_limit_mw=370000;ecc_unavailable=Not Supported;smid_unique=82;smid_total_blocks=1312;smid_max_blocks_on_sm=16;runtime_device_name=NVIDIA GeForce RTX 3090;runtime_compute_capability=8.6;runtime_sm_count=82;runtime_l2_bytes=6291456;runtime_shared_mem_per_block_optin_bytes=101376;"
reg_mma_1783450806185_r0,0,1,reg_mma,2048,16,32,82,17985844,0,21.177938637,8675509436,8679999914,4490.478,1138.56812131,3351.90987869,188779418624,1546480997367808,1546480997367808,131072,128,8,1,1,0,0,0,0,188779418624,0,0,0,0,1343488,0,2.16744330153,2.16744330153,0,0,0,0,0,0,true,1935,9501,68,rtx3090,ampere_ga10x,ga102,8.6,82,6,128,100,"implemented:fp16_wmma;hardware_optional:tf32,bf16,int8,int4,sparsity",nvml_total_energy,total_energy_mj_delta,register_tensor,FLOP,true,one_sec_average,false,false,20636,221673,0,0,591.86,13.590.57,"regime=dram_mixed_streaming;feasibility_reason=full-GPU working set exceeds the nominal L2 size;target_profile=rtx3090;architecture_family=ampere_ga10x;chip=ga102;target_full_sm=82;target_l2_mib=6;target_unified_l1_shared_kib_per_sm=128;target_shared_kib_per_sm=100;target_max_shared_kib_per_block=99;nvml_power_usage_semantics=one_sec_average;tensor_modes=implemented:fp16_wmma;hardware_optional:tf32,bf16,int8,int4,sparsity;shared_resident=0;l2_candidate=0;dram_candidate=1;row_scope=per_gpu;logical_op=warp_m16n16k16;wmma_fallback=1;reuse_factor=8;load_repeat=1;store_repeat=1;reg_payload_bytes_per_block=0;reg_payload_regs_per_thread=0;reg_payload_bytes_per_sm=0;expected_reg_pressure_ops=0;expected_reg_operand_ops=188779418624;expected_shared_bytes=0;expected_l1_bytes=0;expected_l2_bytes=0;expected_dram_bytes=0;expected_store_bytes=1343488;expected_addr_ops=0;mode_family=register_tensor;denominator_level=FLOP;gpu_active=1;energy_source=nvml_total_energy;power_mw=20636;nvml_field_api_unavailable=no_nvml_header;power_limit_mw=370000;ecc_unavailable=Not Supported;energy_source=nvml_total_energy;power_mw=221673;nvml_field_api_unavailable=no_nvml_header;power_limit_mw=370000;ecc_unavailable=Not Supported;smid_unique=82;smid_total_blocks=1312;smid_max_blocks_on_sm=16;runtime_device_name=NVIDIA GeForce RTX 3090;runtime_compute_capability=8.6;runtime_sm_count=82;runtime_l2_bytes=6291456;runtime_shared_mem_per_block_optin_bytes=101376;"
reg_operand_only_1783450846715_r0,0,1,reg_operand_only,2048,16,32,82,9533471,0,21.941265699,8681101430,8685502151,4400.721,1155.53284158,3245.18815842,0,0,0,131072,128,16,1,1,0,0,0,0,200126623232,0,0,0,0,1343488,0,0,0,0,0,0,0,0,0,true,1935,9501,67,rtx3090,ampere_ga10x,ga102,8.6,82,6,128,100,"implemented:fp16_wmma;hardware_optional:tf32,bf16,int8,int4,sparsity",nvml_total_energy,total_energy_mj_delta,register_tensor,logical_register_operand,true,one_sec_average,false,false,20680,214660,0,0,591.86,13.590.57,"regime=dram_mixed_streaming;feasibility_reason=full-GPU working set exceeds the nominal L2 size;target_profile=rtx3090;architecture_family=ampere_ga10x;chip=ga102;target_full_sm=82;target_l2_mib=6;target_unified_l1_shared_kib_per_sm=128;target_shared_kib_per_sm=100;target_max_shared_kib_per_block=99;nvml_power_usage_semantics=one_sec_average;tensor_modes=implemented:fp16_wmma;hardware_optional:tf32,bf16,int8,int4,sparsity;shared_resident=0;l2_candidate=0;dram_candidate=1;row_scope=per_gpu;logical_op=warp_m16n16k16;wmma_fallback=1;reuse_factor=16;load_repeat=1;store_repeat=1;reg_payload_bytes_per_block=0;reg_payload_regs_per_thread=0;reg_payload_bytes_per_sm=0;expected_reg_pressure_ops=0;expected_reg_operand_ops=200126623232;expected_shared_bytes=0;expected_l1_bytes=0;expected_l2_bytes=0;expected_dram_bytes=0;expected_store_bytes=1343488;expected_addr_ops=0;mode_family=register_tensor;denominator_level=logical_register_operand;gpu_active=1;energy_source=nvml_total_energy;power_mw=20680;nvml_field_api_unavailable=no_nvml_header;power_limit_mw=370000;ecc_unavailable=Not Supported;energy_source=nvml_total_energy;power_mw=214660;nvml_field_api_unavailable=no_nvml_header;power_limit_mw=370000;ecc_unavailable=Not Supported;smid_unique=82;smid_total_blocks=1312;smid_max_blocks_on_sm=16;runtime_device_name=NVIDIA GeForce RTX 3090;runtime_compute_capability=8.6;runtime_sm_count=82;runtime_l2_bytes=6291456;runtime_shared_mem_per_block_optin_bytes=101376;"
reg_mma_1783450885872_r0,0,1,reg_mma,2048,16,32,82,9671959,0,22.373068206,8686607558,8691228191,4620.633,1184.6384697,3435.9945303,203033763328,1663252589182976,1663252589182976,131072,128,16,1,1,0,0,0,0,203033763328,0,0,0,0,1343488,0,2.06582845723,2.06582845723,0,0,0,0,0,0,true,1935,9501,68,rtx3090,ampere_ga10x,ga102,8.6,82,6,128,100,"implemented:fp16_wmma;hardware_optional:tf32,bf16,int8,int4,sparsity",nvml_total_energy,total_energy_mj_delta,register_tensor,FLOP,true,one_sec_average,false,false,22200,222492,0,0,591.86,13.590.57,"regime=dram_mixed_streaming;feasibility_reason=full-GPU working set exceeds the nominal L2 size;target_profile=rtx3090;architecture_family=ampere_ga10x;chip=ga102;target_full_sm=82;target_l2_mib=6;target_unified_l1_shared_kib_per_sm=128;target_shared_kib_per_sm=100;target_max_shared_kib_per_block=99;nvml_power_usage_semantics=one_sec_average;tensor_modes=implemented:fp16_wmma;hardware_optional:tf32,bf16,int8,int4,sparsity;shared_resident=0;l2_candidate=0;dram_candidate=1;row_scope=per_gpu;logical_op=warp_m16n16k16;wmma_fallback=1;reuse_factor=16;load_repeat=1;store_repeat=1;reg_payload_bytes_per_block=0;reg_payload_regs_per_thread=0;reg_payload_bytes_per_sm=0;expected_reg_pressure_ops=0;expected_reg_operand_ops=203033763328;expected_shared_bytes=0;expected_l1_bytes=0;expected_l2_bytes=0;expected_dram_bytes=0;expected_store_bytes=1343488;expected_addr_ops=0;mode_family=register_tensor;denominator_level=FLOP;gpu_active=1;energy_source=nvml_total_energy;power_mw=22200;nvml_field_api_unavailable=no_nvml_header;power_limit_mw=370000;ecc_unavailable=Not Supported;energy_source=nvml_total_energy;power_mw=222492;nvml_field_api_unavailable=no_nvml_header;power_limit_mw=370000;ecc_unavailable=Not Supported;smid_unique=82;smid_total_blocks=1312;smid_max_blocks_on_sm=16;runtime_device_name=NVIDIA GeForce RTX 3090;runtime_compute_capability=8.6;runtime_sm_count=82;runtime_l2_bytes=6291456;runtime_shared_mem_per_block_optin_bytes=101376;"
reg_operand_only_1783450926776_r0,0,1,reg_operand_only,2048,16,32,82,19392868,0,22.326679646,8692306866,8696837869,4531.003,1151.45989142,3379.54310858,0,0,0,131072,128,8,1,1,0,0,0,0,203547542528,0,0,0,0,1343488,0,0,0,0,0,0,0,0,0,true,1935,9501,68,rtx3090,ampere_ga10x,ga102,8.6,82,6,128,100,"implemented:fp16_wmma;hardware_optional:tf32,bf16,int8,int4,sparsity",nvml_total_energy,total_energy_mj_delta,register_tensor,logical_register_operand,true,one_sec_average,false,false,21449,216257,0,0,591.86,13.590.57,"regime=dram_mixed_streaming;feasibility_reason=full-GPU working set exceeds the nominal L2 size;target_profile=rtx3090;architecture_family=ampere_ga10x;chip=ga102;target_full_sm=82;target_l2_mib=6;target_unified_l1_shared_kib_per_sm=128;target_shared_kib_per_sm=100;target_max_shared_kib_per_block=99;nvml_power_usage_semantics=one_sec_average;tensor_modes=implemented:fp16_wmma;hardware_optional:tf32,bf16,int8,int4,sparsity;shared_resident=0;l2_candidate=0;dram_candidate=1;row_scope=per_gpu;logical_op=warp_m16n16k16;wmma_fallback=1;reuse_factor=8;load_repeat=1;store_repeat=1;reg_payload_bytes_per_block=0;reg_payload_regs_per_thread=0;reg_payload_bytes_per_sm=0;expected_reg_pressure_ops=0;expected_reg_operand_ops=203547542528;expected_shared_bytes=0;expected_l1_bytes=0;expected_l2_bytes=0;expected_dram_bytes=0;expected_store_bytes=1343488;expected_addr_ops=0;mode_family=register_tensor;denominator_level=logical_register_operand;gpu_active=1;energy_source=nvml_total_energy;power_mw=21449;nvml_field_api_unavailable=no_nvml_header;power_limit_mw=370000;ecc_unavailable=Not Supported;energy_source=nvml_total_energy;power_mw=216257;nvml_field_api_unavailable=no_nvml_header;power_limit_mw=370000;ecc_unavailable=Not Supported;smid_unique=82;smid_total_blocks=1312;smid_max_blocks_on_sm=16;runtime_device_name=NVIDIA GeForce RTX 3090;runtime_compute_capability=8.6;runtime_sm_count=82;runtime_l2_bytes=6291456;runtime_shared_mem_per_block_optin_bytes=101376;"
reg_operand_only_1783450966906_r0,0,1,reg_operand_only,2048,16,32,82,9323916,0,21.529450127,8697961646,8702270046,4308.4,1160.13645678,3148.26354322,0,0,0,131072,128,16,1,1,0,0,0,0,195727644672,0,0,0,0,1343488,0,0,0,0,0,0,0,0,0,true,1935,9501,68,rtx3090,ampere_ga10x,ga102,8.6,82,6,128,100,"implemented:fp16_wmma;hardware_optional:tf32,bf16,int8,int4,sparsity",nvml_total_energy,total_energy_mj_delta,register_tensor,logical_register_operand,true,one_sec_average,false,false,20998,215161,0,0,591.86,13.590.57,"regime=dram_mixed_streaming;feasibility_reason=full-GPU working set exceeds the nominal L2 size;target_profile=rtx3090;architecture_family=ampere_ga10x;chip=ga102;target_full_sm=82;target_l2_mib=6;target_unified_l1_shared_kib_per_sm=128;target_shared_kib_per_sm=100;target_max_shared_kib_per_block=99;nvml_power_usage_semantics=one_sec_average;tensor_modes=implemented:fp16_wmma;hardware_optional:tf32,bf16,int8,int4,sparsity;shared_resident=0;l2_candidate=0;dram_candidate=1;row_scope=per_gpu;logical_op=warp_m16n16k16;wmma_fallback=1;reuse_factor=16;load_repeat=1;store_repeat=1;reg_payload_bytes_per_block=0;reg_payload_regs_per_thread=0;reg_payload_bytes_per_sm=0;expected_reg_pressure_ops=0;expected_reg_operand_ops=195727644672;expected_shared_bytes=0;expected_l1_bytes=0;expected_l2_bytes=0;expected_dram_bytes=0;expected_store_bytes=1343488;expected_addr_ops=0;mode_family=register_tensor;denominator_level=logical_register_operand;gpu_active=1;energy_source=nvml_total_energy;power_mw=20998;nvml_field_api_unavailable=no_nvml_header;power_limit_mw=370000;ecc_unavailable=Not Supported;energy_source=nvml_total_energy;power_mw=215161;nvml_field_api_unavailable=no_nvml_header;power_limit_mw=370000;ecc_unavailable=Not Supported;smid_unique=82;smid_total_blocks=1312;smid_max_blocks_on_sm=16;runtime_device_name=NVIDIA GeForce RTX 3090;runtime_compute_capability=8.6;runtime_sm_count=82;runtime_l2_bytes=6291456;runtime_shared_mem_per_block_optin_bytes=101376;"
reg_mma_1783451006151_r0,0,1,reg_mma,2048,16,32,82,9681335,0,22.395474862,8703343697,8707957468,4613.771,1154.4657404,3459.3052596,203230584320,1664864946749440,1664864946749440,131072,128,16,1,1,0,0,0,0,203230584320,0,0,0,0,1343488,0,2.07782935568,2.07782935568,0,0,0,0,0,0,true,1920,9501,69,rtx3090,ampere_ga10x,ga102,8.6,82,6,128,100,"implemented:fp16_wmma;hardware_optional:tf32,bf16,int8,int4,sparsity",nvml_total_energy,total_energy_mj_delta,register_tensor,FLOP,true,one_sec_average,false,false,20497,224681,0,0,591.86,13.590.57,"regime=dram_mixed_streaming;feasibility_reason=full-GPU working set exceeds the nominal L2 size;target_profile=rtx3090;architecture_family=ampere_ga10x;chip=ga102;target_full_sm=82;target_l2_mib=6;target_unified_l1_shared_kib_per_sm=128;target_shared_kib_per_sm=100;target_max_shared_kib_per_block=99;nvml_power_usage_semantics=one_sec_average;tensor_modes=implemented:fp16_wmma;hardware_optional:tf32,bf16,int8,int4,sparsity;shared_resident=0;l2_candidate=0;dram_candidate=1;row_scope=per_gpu;logical_op=warp_m16n16k16;wmma_fallback=1;reuse_factor=16;load_repeat=1;store_repeat=1;reg_payload_bytes_per_block=0;reg_payload_regs_per_thread=0;reg_payload_bytes_per_sm=0;expected_reg_pressure_ops=0;expected_reg_operand_ops=203230584320;expected_shared_bytes=0;expected_l1_bytes=0;expected_l2_bytes=0;expected_dram_bytes=0;expected_store_bytes=1343488;expected_addr_ops=0;mode_family=register_tensor;denominator_level=FLOP;gpu_active=1;energy_source=nvml_total_energy;power_mw=20497;nvml_field_api_unavailable=no_nvml_header;power_limit_mw=370000;ecc_unavailable=Not Supported;energy_source=nvml_total_energy;power_mw=224681;nvml_field_api_unavailable=no_nvml_header;power_limit_mw=370000;ecc_unavailable=Not Supported;smid_unique=82;smid_total_blocks=1312;smid_max_blocks_on_sm=16;runtime_device_name=NVIDIA GeForce RTX 3090;runtime_compute_capability=8.6;runtime_sm_count=82;runtime_l2_bytes=6291456;runtime_shared_mem_per_block_optin_bytes=101376;"
reg_operand_only_1783451046267_r0,0,1,reg_operand_only,2048,16,32,82,18710345,0,21.538790281,8709092170,8713480254,4388.084,1172.2900731,3215.7939269,0,0,0,131072,128,8,1,1,0,0,0,0,196383781120,0,0,0,0,1343488,0,0,0,0,0,0,0,0,0,true,1935,9501,68,rtx3090,ampere_ga10x,ga102,8.6,82,6,128,100,"implemented:fp16_wmma;hardware_optional:tf32,bf16,int8,int4,sparsity",nvml_total_energy,total_energy_mj_delta,register_tensor,logical_register_operand,true,one_sec_average,false,false,20954,216425,0,0,591.86,13.590.57,"regime=dram_mixed_streaming;feasibility_reason=full-GPU working set exceeds the nominal L2 size;target_profile=rtx3090;architecture_family=ampere_ga10x;chip=ga102;target_full_sm=82;target_l2_mib=6;target_unified_l1_shared_kib_per_sm=128;target_shared_kib_per_sm=100;target_max_shared_kib_per_block=99;nvml_power_usage_semantics=one_sec_average;tensor_modes=implemented:fp16_wmma;hardware_optional:tf32,bf16,int8,int4,sparsity;shared_resident=0;l2_candidate=0;dram_candidate=1;row_scope=per_gpu;logical_op=warp_m16n16k16;wmma_fallback=1;reuse_factor=8;load_repeat=1;store_repeat=1;reg_payload_bytes_per_block=0;reg_payload_regs_per_thread=0;reg_payload_bytes_per_sm=0;expected_reg_pressure_ops=0;expected_reg_operand_ops=196383781120;expected_shared_bytes=0;expected_l1_bytes=0;expected_l2_bytes=0;expected_dram_bytes=0;expected_store_bytes=1343488;expected_addr_ops=0;mode_family=register_tensor;denominator_level=logical_register_operand;gpu_active=1;energy_source=nvml_total_energy;power_mw=20954;nvml_field_api_unavailable=no_nvml_header;power_limit_mw=370000;ecc_unavailable=Not Supported;energy_source=nvml_total_energy;power_mw=216425;nvml_field_api_unavailable=no_nvml_header;power_limit_mw=370000;ecc_unavailable=Not Supported;smid_unique=82;smid_total_blocks=1312;smid_max_blocks_on_sm=16;runtime_device_name=NVIDIA GeForce RTX 3090;runtime_compute_capability=8.6;runtime_sm_count=82;runtime_l2_bytes=6291456;runtime_shared_mem_per_block_optin_bytes=101376;"
reg_mma_1783451087052_r0,0,1,reg_mma,2048,16,32,82,18814032,0,22.198601185,8714550169,8719280936,4730.767,1134.12738388,3596.63961612,197472079872,1617691278311424,1617691278311424,131072,128,8,1,1,0,0,0,0,197472079872,0,0,0,0,1343488,0,2.22331644136,2.22331644136,0,0,0,0,0,0,true,1920,9501,68,rtx3090,ampere_ga10x,ga102,8.6,82,6,128,100,"implemented:fp16_wmma;hardware_optional:tf32,bf16,int8,int4,sparsity",nvml_total_energy,total_energy_mj_delta,register_tensor,FLOP,true,one_sec_average,false,false,21519,219470,0,0,591.86,13.590.57,"regime=dram_mixed_streaming;feasibility_reason=full-GPU working set exceeds the nominal L2 size;target_profile=rtx3090;architecture_family=ampere_ga10x;chip=ga102;target_full_sm=82;target_l2_mib=6;target_unified_l1_shared_kib_per_sm=128;target_shared_kib_per_sm=100;target_max_shared_kib_per_block=99;nvml_power_usage_semantics=one_sec_average;tensor_modes=implemented:fp16_wmma;hardware_optional:tf32,bf16,int8,int4,sparsity;shared_resident=0;l2_candidate=0;dram_candidate=1;row_scope=per_gpu;logical_op=warp_m16n16k16;wmma_fallback=1;reuse_factor=8;load_repeat=1;store_repeat=1;reg_payload_bytes_per_block=0;reg_payload_regs_per_thread=0;reg_payload_bytes_per_sm=0;expected_reg_pressure_ops=0;expected_reg_operand_ops=197472079872;expected_shared_bytes=0;expected_l1_bytes=0;expected_l2_bytes=0;expected_dram_bytes=0;expected_store_bytes=1343488;expected_addr_ops=0;mode_family=register_tensor;denominator_level=FLOP;gpu_active=1;energy_source=nvml_total_energy;power_mw=21519;nvml_field_api_unavailable=no_nvml_header;power_limit_mw=370000;ecc_unavailable=Not Supported;energy_source=nvml_total_energy;power_mw=219470;nvml_field_api_unavailable=no_nvml_header;power_limit_mw=370000;ecc_unavailable=Not Supported;smid_unique=82;smid_total_blocks=1312;smid_max_blocks_on_sm=16;runtime_device_name=NVIDIA GeForce RTX 3090;runtime_compute_capability=8.6;runtime_sm_count=82;runtime_l2_bytes=6291456;runtime_shared_mem_per_block_optin_bytes=101376;"
reg_mma_1783451126014_r0,0,1,reg_mma,2048,16,32,82,9525928,0,22.149744022,8720450391,8725015640,4565.249,1246.05592867,3319.19307133,199968280576,1638140154478592,1638140154478592,131072,128,16,1,1,0,0,0,0,199968280576,0,0,0,0,1343488,0,2.02619602618,2.02619602618,0,0,0,0,0,0,true,1920,9501,69,rtx3090,ampere_ga10x,ga102,8.6,82,6,128,100,"implemented:fp16_wmma;hardware_optional:tf32,bf16,int8,int4,sparsity",nvml_total_energy,total_energy_mj_delta,register_tensor,FLOP,true,one_sec_average,false,false,23194,224873,0,0,591.86,13.590.57,"regime=dram_mixed_streaming;feasibility_reason=full-GPU working set exceeds the nominal L2 size;target_profile=rtx3090;architecture_family=ampere_ga10x;chip=ga102;target_full_sm=82;target_l2_mib=6;target_unified_l1_shared_kib_per_sm=128;target_shared_kib_per_sm=100;target_max_shared_kib_per_block=99;nvml_power_usage_semantics=one_sec_average;tensor_modes=implemented:fp16_wmma;hardware_optional:tf32,bf16,int8,int4,sparsity;shared_resident=0;l2_candidate=0;dram_candidate=1;row_scope=per_gpu;logical_op=warp_m16n16k16;wmma_fallback=1;reuse_factor=16;load_repeat=1;store_repeat=1;reg_payload_bytes_per_block=0;reg_payload_regs_per_thread=0;reg_payload_bytes_per_sm=0;expected_reg_pressure_ops=0;expected_reg_operand_ops=199968280576;expected_shared_bytes=0;expected_l1_bytes=0;expected_l2_bytes=0;expected_dram_bytes=0;expected_store_bytes=1343488;expected_addr_ops=0;mode_family=register_tensor;denominator_level=FLOP;gpu_active=1;energy_source=nvml_total_energy;power_mw=23194;nvml_field_api_unavailable=no_nvml_header;power_limit_mw=370000;ecc_unavailable=Not Supported;energy_source=nvml_total_energy;power_mw=224873;nvml_field_api_unavailable=no_nvml_header;power_limit_mw=370000;ecc_unavailable=Not Supported;smid_unique=82;smid_total_blocks=1312;smid_max_blocks_on_sm=16;runtime_device_name=NVIDIA GeForce RTX 3090;runtime_compute_capability=8.6;runtime_sm_count=82;runtime_l2_bytes=6291456;runtime_shared_mem_per_block_optin_bytes=101376;"
reg_operand_only_1783451166647_r0,0,1,reg_operand_only,2048,16,32,82,19057112,0,22.037740638,8726160034,8730623223,4463.189,1211.40981509,3251.77918491,0,0,0,131072,128,8,1,1,0,0,0,0,200023447552,0,0,0,0,1343488,0,0,0,0,0,0,0,0,0,true,1935,9501,69,rtx3090,ampere_ga10x,ga102,8.6,82,6,128,100,"implemented:fp16_wmma;hardware_optional:tf32,bf16,int8,int4,sparsity",nvml_total_energy,total_energy_mj_delta,register_tensor,logical_register_operand,true,one_sec_average,false,false,21650,218918,0,0,591.86,13.590.57,"regime=dram_mixed_streaming;feasibility_reason=full-GPU working set exceeds the nominal L2 size;target_profile=rtx3090;architecture_family=ampere_ga10x;chip=ga102;target_full_sm=82;target_l2_mib=6;target_unified_l1_shared_kib_per_sm=128;target_shared_kib_per_sm=100;target_max_shared_kib_per_block=99;nvml_power_usage_semantics=one_sec_average;tensor_modes=implemented:fp16_wmma;hardware_optional:tf32,bf16,int8,int4,sparsity;shared_resident=0;l2_candidate=0;dram_candidate=1;row_scope=per_gpu;logical_op=warp_m16n16k16;wmma_fallback=1;reuse_factor=8;load_repeat=1;store_repeat=1;reg_payload_bytes_per_block=0;reg_payload_regs_per_thread=0;reg_payload_bytes_per_sm=0;expected_reg_pressure_ops=0;expected_reg_operand_ops=200023447552;expected_shared_bytes=0;expected_l1_bytes=0;expected_l2_bytes=0;expected_dram_bytes=0;expected_store_bytes=1343488;expected_addr_ops=0;mode_family=register_tensor;denominator_level=logical_register_operand;gpu_active=1;energy_source=nvml_total_energy;power_mw=21650;nvml_field_api_unavailable=no_nvml_header;power_limit_mw=370000;ecc_unavailable=Not Supported;energy_source=nvml_total_energy;power_mw=218918;nvml_field_api_unavailable=no_nvml_header;power_limit_mw=370000;ecc_unavailable=Not Supported;smid_unique=82;smid_total_blocks=1312;smid_max_blocks_on_sm=16;runtime_device_name=NVIDIA GeForce RTX 3090;runtime_compute_capability=8.6;runtime_sm_count=82;runtime_l2_bytes=6291456;runtime_shared_mem_per_block_optin_bytes=101376;"
reg_mma_1783451206337_r0,0,1,reg_mma,2048,16,32,82,17971173,0,21.106278818,8731748980,8736269436,4520.456,1139.30016981,3381.15583019,188625431808,1545219537371136,1545219537371136,131072,128,8,1,1,0,0,0,0,188625431808,0,0,0,0,1343488,0,2.18813945101,2.18813945101,0,0,0,0,0,0,true,1920,9501,69,rtx3090,ampere_ga10x,ga102,8.6,82,6,128,100,"implemented:fp16_wmma;hardware_optional:tf32,bf16,int8,int4,sparsity",nvml_total_energy,total_energy_mj_delta,register_tensor,FLOP,true,one_sec_average,false,false,20365,222538,0,0,591.86,13.590.57,"regime=dram_mixed_streaming;feasibility_reason=full-GPU working set exceeds the nominal L2 size;target_profile=rtx3090;architecture_family=ampere_ga10x;chip=ga102;target_full_sm=82;target_l2_mib=6;target_unified_l1_shared_kib_per_sm=128;target_shared_kib_per_sm=100;target_max_shared_kib_per_block=99;nvml_power_usage_semantics=one_sec_average;tensor_modes=implemented:fp16_wmma;hardware_optional:tf32,bf16,int8,int4,sparsity;shared_resident=0;l2_candidate=0;dram_candidate=1;row_scope=per_gpu;logical_op=warp_m16n16k16;wmma_fallback=1;reuse_factor=8;load_repeat=1;store_repeat=1;reg_payload_bytes_per_block=0;reg_payload_regs_per_thread=0;reg_payload_bytes_per_sm=0;expected_reg_pressure_ops=0;expected_reg_operand_ops=188625431808;expected_shared_bytes=0;expected_l1_bytes=0;expected_l2_bytes=0;expected_dram_bytes=0;expected_store_bytes=1343488;expected_addr_ops=0;mode_family=register_tensor;denominator_level=FLOP;gpu_active=1;energy_source=nvml_total_energy;power_mw=20365;nvml_field_api_unavailable=no_nvml_header;power_limit_mw=370000;ecc_unavailable=Not Supported;energy_source=nvml_total_energy;power_mw=222538;nvml_field_api_unavailable=no_nvml_header;power_limit_mw=370000;ecc_unavailable=Not Supported;smid_unique=82;smid_total_blocks=1312;smid_max_blocks_on_sm=16;runtime_device_name=NVIDIA GeForce RTX 3090;runtime_compute_capability=8.6;runtime_sm_count=82;runtime_l2_bytes=6291456;runtime_shared_mem_per_block_optin_bytes=101376;"
reg_operand_only_1783451246960_r0,0,1,reg_operand_only,2048,16,32,82,9539957,0,22.017598577,8737384914,8741811275,4426.361,1179.45285441,3246.90814559,0,0,0,131072,128,16,1,1,0,0,0,0,200262777344,0,0,0,0,1343488,0,0,0,0,0,0,0,0,0,true,1935,9501,68,rtx3090,ampere_ga10x,ga102,8.6,82,6,128,100,"implemented:fp16_wmma;hardware_optional:tf32,bf16,int8,int4,sparsity",nvml_total_energy,total_energy_mj_delta,register_tensor,logical_register_operand,true,one_sec_average,false,false,21952,214062,0,0,591.86,13.590.57,"regime=dram_mixed_streaming;feasibility_reason=full-GPU working set exceeds the nominal L2 size;target_profile=rtx3090;architecture_family=ampere_ga10x;chip=ga102;target_full_sm=82;target_l2_mib=6;target_unified_l1_shared_kib_per_sm=128;target_shared_kib_per_sm=100;target_max_shared_kib_per_block=99;nvml_power_usage_semantics=one_sec_average;tensor_modes=implemented:fp16_wmma;hardware_optional:tf32,bf16,int8,int4,sparsity;shared_resident=0;l2_candidate=0;dram_candidate=1;row_scope=per_gpu;logical_op=warp_m16n16k16;wmma_fallback=1;reuse_factor=16;load_repeat=1;store_repeat=1;reg_payload_bytes_per_block=0;reg_payload_regs_per_thread=0;reg_payload_bytes_per_sm=0;expected_reg_pressure_ops=0;expected_reg_operand_ops=200262777344;expected_shared_bytes=0;expected_l1_bytes=0;expected_l2_bytes=0;expected_dram_bytes=0;expected_store_bytes=1343488;expected_addr_ops=0;mode_family=register_tensor;denominator_level=logical_register_operand;gpu_active=1;energy_source=nvml_total_energy;power_mw=21952;nvml_field_api_unavailable=no_nvml_header;power_limit_mw=370000;ecc_unavailable=Not Supported;energy_source=nvml_total_energy;power_mw=214062;nvml_field_api_unavailable=no_nvml_header;power_limit_mw=370000;ecc_unavailable=Not Supported;smid_unique=82;smid_total_blocks=1312;smid_max_blocks_on_sm=16;runtime_device_name=NVIDIA GeForce RTX 3090;runtime_compute_capability=8.6;runtime_sm_count=82;runtime_l2_bytes=6291456;runtime_shared_mem_per_block_optin_bytes=101376;"
reg_operand_only_1783451286044_r0,0,1,reg_operand_only,2048,16,32,82,19175008,0,22.27409863,8742905891,8747411444,4505.553,1168.79380561,3336.75919439,0,0,0,131072,128,8,1,1,0,0,0,0,201260883968,0,0,0,0,1343488,0,0,0,0,0,0,0,0,0,true,1935,9501,69,rtx3090,ampere_ga10x,ga102,8.6,82,6,128,100,"implemented:fp16_wmma;hardware_optional:tf32,bf16,int8,int4,sparsity",nvml_total_energy,total_energy_mj_delta,register_tensor,logical_register_operand,true,one_sec_average,false,false,21915,217202,0,0,591.86,13.590.57,"regime=dram_mixed_streaming;feasibility_reason=full-GPU working set exceeds the nominal L2 size;target_profile=rtx3090;architecture_family=ampere_ga10x;chip=ga102;target_full_sm=82;target_l2_mib=6;target_unified_l1_shared_kib_per_sm=128;target_shared_kib_per_sm=100;target_max_shared_kib_per_block=99;nvml_power_usage_semantics=one_sec_average;tensor_modes=implemented:fp16_wmma;hardware_optional:tf32,bf16,int8,int4,sparsity;shared_resident=0;l2_candidate=0;dram_candidate=1;row_scope=per_gpu;logical_op=warp_m16n16k16;wmma_fallback=1;reuse_factor=8;load_repeat=1;store_repeat=1;reg_payload_bytes_per_block=0;reg_payload_regs_per_thread=0;reg_payload_bytes_per_sm=0;expected_reg_pressure_ops=0;expected_reg_operand_ops=201260883968;expected_shared_bytes=0;expected_l1_bytes=0;expected_l2_bytes=0;expected_dram_bytes=0;expected_store_bytes=1343488;expected_addr_ops=0;mode_family=register_tensor;denominator_level=logical_register_operand;gpu_active=1;energy_source=nvml_total_energy;power_mw=21915;nvml_field_api_unavailable=no_nvml_header;power_limit_mw=370000;ecc_unavailable=Not Supported;energy_source=nvml_total_energy;power_mw=217202;nvml_field_api_unavailable=no_nvml_header;power_limit_mw=370000;ecc_unavailable=Not Supported;smid_unique=82;smid_total_blocks=1312;smid_max_blocks_on_sm=16;runtime_device_name=NVIDIA GeForce RTX 3090;runtime_compute_capability=8.6;runtime_sm_count=82;runtime_l2_bytes=6291456;runtime_shared_mem_per_block_optin_bytes=101376;"
reg_mma_1783451325965_r0,0,1,reg_mma,2048,16,32,82,18167552,0,21.337254707,8748579383,8753177671,4598.288,1199.1387163,3399.1492837,190686625792,1562104838488064,1562104838488064,131072,128,8,1,1,0,0,0,0,190686625792,0,0,0,0,1343488,0,2.17600586078,2.17600586078,0,0,0,0,0,0,true,1920,9501,70,rtx3090,ampere_ga10x,ga102,8.6,82,6,128,100,"implemented:fp16_wmma;hardware_optional:tf32,bf16,int8,int4,sparsity",nvml_total_energy,total_energy_mj_delta,register_tensor,FLOP,true,one_sec_average,false,false,20806,221895,0,0,591.86,13.590.57,"regime=dram_mixed_streaming;feasibility_reason=full-GPU working set exceeds the nominal L2 size;target_profile=rtx3090;architecture_family=ampere_ga10x;chip=ga102;target_full_sm=82;target_l2_mib=6;target_unified_l1_shared_kib_per_sm=128;target_shared_kib_per_sm=100;target_max_shared_kib_per_block=99;nvml_power_usage_semantics=one_sec_average;tensor_modes=implemented:fp16_wmma;hardware_optional:tf32,bf16,int8,int4,sparsity;shared_resident=0;l2_candidate=0;dram_candidate=1;row_scope=per_gpu;logical_op=warp_m16n16k16;wmma_fallback=1;reuse_factor=8;load_repeat=1;store_repeat=1;reg_payload_bytes_per_block=0;reg_payload_regs_per_thread=0;reg_payload_bytes_per_sm=0;expected_reg_pressure_ops=0;expected_reg_operand_ops=190686625792;expected_shared_bytes=0;expected_l1_bytes=0;expected_l2_bytes=0;expected_dram_bytes=0;expected_store_bytes=1343488;expected_addr_ops=0;mode_family=register_tensor;denominator_level=FLOP;gpu_active=1;energy_source=nvml_total_energy;power_mw=20806;nvml_field_api_unavailable=no_nvml_header;power_limit_mw=370000;ecc_unavailable=Not Supported;energy_source=nvml_total_energy;power_mw=221895;nvml_field_api_unavailable=no_nvml_header;power_limit_mw=370000;ecc_unavailable=Not Supported;smid_unique=82;smid_total_blocks=1312;smid_max_blocks_on_sm=16;runtime_device_name=NVIDIA GeForce RTX 3090;runtime_compute_capability=8.6;runtime_sm_count=82;runtime_l2_bytes=6291456;runtime_shared_mem_per_block_optin_bytes=101376;"
reg_operand_only_1783451366451_r0,0,1,reg_operand_only,2048,16,32,82,9400182,0,21.880252685,8754309609,8758686646,4377.037,1187.07245846,3189.96454154,0,0,0,131072,128,16,1,1,0,0,0,0,197328620544,0,0,0,0,1343488,0,0,0,0,0,0,0,0,0,true,1935,9501,68,rtx3090,ampere_ga10x,ga102,8.6,82,6,128,100,"implemented:fp16_wmma;hardware_optional:tf32,bf16,int8,int4,sparsity",nvml_total_energy,total_energy_mj_delta,register_tensor,logical_register_operand,true,one_sec_average,false,false,21827,214177,0,0,591.86,13.590.57,"regime=dram_mixed_streaming;feasibility_reason=full-GPU working set exceeds the nominal L2 size;target_profile=rtx3090;architecture_family=ampere_ga10x;chip=ga102;target_full_sm=82;target_l2_mib=6;target_unified_l1_shared_kib_per_sm=128;target_shared_kib_per_sm=100;target_max_shared_kib_per_block=99;nvml_power_usage_semantics=one_sec_average;tensor_modes=implemented:fp16_wmma;hardware_optional:tf32,bf16,int8,int4,sparsity;shared_resident=0;l2_candidate=0;dram_candidate=1;row_scope=per_gpu;logical_op=warp_m16n16k16;wmma_fallback=1;reuse_factor=16;load_repeat=1;store_repeat=1;reg_payload_bytes_per_block=0;reg_payload_regs_per_thread=0;reg_payload_bytes_per_sm=0;expected_reg_pressure_ops=0;expected_reg_operand_ops=197328620544;expected_shared_bytes=0;expected_l1_bytes=0;expected_l2_bytes=0;expected_dram_bytes=0;expected_store_bytes=1343488;expected_addr_ops=0;mode_family=register_tensor;denominator_level=logical_register_operand;gpu_active=1;energy_source=nvml_total_energy;power_mw=21827;nvml_field_api_unavailable=no_nvml_header;power_limit_mw=370000;ecc_unavailable=Not Supported;energy_source=nvml_total_energy;power_mw=214177;nvml_field_api_unavailable=no_nvml_header;power_limit_mw=370000;ecc_unavailable=Not Supported;smid_unique=82;smid_total_blocks=1312;smid_max_blocks_on_sm=16;runtime_device_name=NVIDIA GeForce RTX 3090;runtime_compute_capability=8.6;runtime_sm_count=82;runtime_l2_bytes=6291456;runtime_shared_mem_per_block_optin_bytes=101376;"
reg_mma_1783451405380_r0,0,1,reg_mma,2048,16,32,82,9540347,0,22.13120096,8759831202,8764421693,4590.491,1215.32313794,3375.16786206,200270964224,1640619738923008,1640619738923008,131072,128,16,1,1,0,0,0,0,200270964224,0,0,0,0,1343488,0,2.05725177016,2.05725177016,0,0,0,0,0,0,true,1935,9501,69,rtx3090,ampere_ga10x,ga102,8.6,82,6,128,100,"implemented:fp16_wmma;hardware_optional:tf32,bf16,int8,int4,sparsity",nvml_total_energy,total_energy_mj_delta,register_tensor,FLOP,true,one_sec_average,false,false,22311,220765,0,0,591.86,13.590.57,"regime=dram_mixed_streaming;feasibility_reason=full-GPU working set exceeds the nominal L2 size;target_profile=rtx3090;architecture_family=ampere_ga10x;chip=ga102;target_full_sm=82;target_l2_mib=6;target_unified_l1_shared_kib_per_sm=128;target_shared_kib_per_sm=100;target_max_shared_kib_per_block=99;nvml_power_usage_semantics=one_sec_average;tensor_modes=implemented:fp16_wmma;hardware_optional:tf32,bf16,int8,int4,sparsity;shared_resident=0;l2_candidate=0;dram_candidate=1;row_scope=per_gpu;logical_op=warp_m16n16k16;wmma_fallback=1;reuse_factor=16;load_repeat=1;store_repeat=1;reg_payload_bytes_per_block=0;reg_payload_regs_per_thread=0;reg_payload_bytes_per_sm=0;expected_reg_pressure_ops=0;expected_reg_operand_ops=200270964224;expected_shared_bytes=0;expected_l1_bytes=0;expected_l2_bytes=0;expected_dram_bytes=0;expected_store_bytes=1343488;expected_addr_ops=0;mode_family=register_tensor;denominator_level=FLOP;gpu_active=1;energy_source=nvml_total_energy;power_mw=22311;nvml_field_api_unavailable=no_nvml_header;power_limit_mw=370000;ecc_unavailable=Not Supported;energy_source=nvml_total_energy;power_mw=220765;nvml_field_api_unavailable=no_nvml_header;power_limit_mw=370000;ecc_unavailable=Not Supported;smid_unique=82;smid_total_blocks=1312;smid_max_blocks_on_sm=16;runtime_device_name=NVIDIA GeForce RTX 3090;runtime_compute_capability=8.6;runtime_sm_count=82;runtime_l2_bytes=6291456;runtime_shared_mem_per_block_optin_bytes=101376;"
reg_mma_1783451445611_r0,0,1,reg_mma,2048,16,32,82,18436817,0,21.635170529,8765542144,8770188145,4646.001,1162.5853045,3483.4156955,193512831232,1585257113452544,1585257113452544,131072,128,8,1,1,0,0,0,0,193512831232,0,0,0,0,1343488,0,2.19738215709,2.19738215709,0,0,0,0,0,0,true,1920,9501,69,rtx3090,ampere_ga10x,ga102,8.6,82,6,128,100,"implemented:fp16_wmma;hardware_optional:tf32,bf16,int8,int4,sparsity",nvml_total_energy,total_energy_mj_delta,register_tensor,FLOP,true,one_sec_average,false,false,21845,222277,0,0,591.86,13.590.57,"regime=dram_mixed_streaming;feasibility_reason=full-GPU working set exceeds the nominal L2 size;target_profile=rtx3090;architecture_family=ampere_ga10x;chip=ga102;target_full_sm=82;target_l2_mib=6;target_unified_l1_shared_kib_per_sm=128;target_shared_kib_per_sm=100;target_max_shared_kib_per_block=99;nvml_power_usage_semantics=one_sec_average;tensor_modes=implemented:fp16_wmma;hardware_optional:tf32,bf16,int8,int4,sparsity;shared_resident=0;l2_candidate=0;dram_candidate=1;row_scope=per_gpu;logical_op=warp_m16n16k16;wmma_fallback=1;reuse_factor=8;load_repeat=1;store_repeat=1;reg_payload_bytes_per_block=0;reg_payload_regs_per_thread=0;reg_payload_bytes_per_sm=0;expected_reg_pressure_ops=0;expected_reg_operand_ops=193512831232;expected_shared_bytes=0;expected_l1_bytes=0;expected_l2_bytes=0;expected_dram_bytes=0;expected_store_bytes=1343488;expected_addr_ops=0;mode_family=register_tensor;denominator_level=FLOP;gpu_active=1;energy_source=nvml_total_energy;power_mw=21845;nvml_field_api_unavailable=no_nvml_header;power_limit_mw=370000;ecc_unavailable=Not Supported;energy_source=nvml_total_energy;power_mw=222277;nvml_field_api_unavailable=no_nvml_header;power_limit_mw=370000;ecc_unavailable=Not Supported;smid_unique=82;smid_total_blocks=1312;smid_max_blocks_on_sm=16;runtime_device_name=NVIDIA GeForce RTX 3090;runtime_compute_capability=8.6;runtime_sm_count=82;runtime_l2_bytes=6291456;runtime_shared_mem_per_block_optin_bytes=101376;"
reg_operand_only_1783451486644_r0,0,1,reg_operand_only,2048,16,32,82,9667240,0,22.447696678,8771347659,8775857004,4509.345,1251.15418087,3258.19081913,0,0,0,131072,128,16,1,1,0,0,0,0,202934702080,0,0,0,0,1343488,0,0,0,0,0,0,0,0,0,true,1935,9501,69,rtx3090,ampere_ga10x,ga102,8.6,82,6,128,100,"implemented:fp16_wmma;hardware_optional:tf32,bf16,int8,int4,sparsity",nvml_total_energy,total_energy_mj_delta,register_tensor,logical_register_operand,true,one_sec_average,false,false,21758,213778,0,0,591.86,13.590.57,"regime=dram_mixed_streaming;feasibility_reason=full-GPU working set exceeds the nominal L2 size;target_profile=rtx3090;architecture_family=ampere_ga10x;chip=ga102;target_full_sm=82;target_l2_mib=6;target_unified_l1_shared_kib_per_sm=128;target_shared_kib_per_sm=100;target_max_shared_kib_per_block=99;nvml_power_usage_semantics=one_sec_average;tensor_modes=implemented:fp16_wmma;hardware_optional:tf32,bf16,int8,int4,sparsity;shared_resident=0;l2_candidate=0;dram_candidate=1;row_scope=per_gpu;logical_op=warp_m16n16k16;wmma_fallback=1;reuse_factor=16;load_repeat=1;store_repeat=1;reg_payload_bytes_per_block=0;reg_payload_regs_per_thread=0;reg_payload_bytes_per_sm=0;expected_reg_pressure_ops=0;expected_reg_operand_ops=202934702080;expected_shared_bytes=0;expected_l1_bytes=0;expected_l2_bytes=0;expected_dram_bytes=0;expected_store_bytes=1343488;expected_addr_ops=0;mode_family=register_tensor;denominator_level=logical_register_operand;gpu_active=1;energy_source=nvml_total_energy;power_mw=21758;nvml_field_api_unavailable=no_nvml_header;power_limit_mw=370000;ecc_unavailable=Not Supported;energy_source=nvml_total_energy;power_mw=213778;nvml_field_api_unavailable=no_nvml_header;power_limit_mw=370000;ecc_unavailable=Not Supported;smid_unique=82;smid_total_blocks=1312;smid_max_blocks_on_sm=16;runtime_device_name=NVIDIA GeForce RTX 3090;runtime_compute_capability=8.6;runtime_sm_count=82;runtime_l2_bytes=6291456;runtime_shared_mem_per_block_optin_bytes=101376;"
reg_mma_1783451525444_r0,0,1,reg_mma,2048,16,32,82,9467531,0,21.989285643,8776958124,8781505391,4547.267,1158.52196457,3388.74503543,198742410752,1628097828880384,1628097828880384,131072,128,16,1,1,0,0,0,0,198742410752,0,0,0,0,1343488,0,2.08141364439,2.08141364439,0,0,0,0,0,0,true,1935,9501,69,rtx3090,ampere_ga10x,ga102,8.6,82,6,128,100,"implemented:fp16_wmma;hardware_optional:tf32,bf16,int8,int4,sparsity",nvml_total_energy,total_energy_mj_delta,register_tensor,FLOP,true,one_sec_average,false,false,21312,222308,0,0,591.86,13.590.57,"regime=dram_mixed_streaming;feasibility_reason=full-GPU working set exceeds the nominal L2 size;target_profile=rtx3090;architecture_family=ampere_ga10x;chip=ga102;target_full_sm=82;target_l2_mib=6;target_unified_l1_shared_kib_per_sm=128;target_shared_kib_per_sm=100;target_max_shared_kib_per_block=99;nvml_power_usage_semantics=one_sec_average;tensor_modes=implemented:fp16_wmma;hardware_optional:tf32,bf16,int8,int4,sparsity;shared_resident=0;l2_candidate=0;dram_candidate=1;row_scope=per_gpu;logical_op=warp_m16n16k16;wmma_fallback=1;reuse_factor=16;load_repeat=1;store_repeat=1;reg_payload_bytes_per_block=0;reg_payload_regs_per_thread=0;reg_payload_bytes_per_sm=0;expected_reg_pressure_ops=0;expected_reg_operand_ops=198742410752;expected_shared_bytes=0;expected_l1_bytes=0;expected_l2_bytes=0;expected_dram_bytes=0;expected_store_bytes=1343488;expected_addr_ops=0;mode_family=register_tensor;denominator_level=FLOP;gpu_active=1;energy_source=nvml_total_energy;power_mw=21312;nvml_field_api_unavailable=no_nvml_header;power_limit_mw=370000;ecc_unavailable=Not Supported;energy_source=nvml_total_energy;power_mw=222308;nvml_field_api_unavailable=no_nvml_header;power_limit_mw=370000;ecc_unavailable=Not Supported;smid_unique=82;smid_total_blocks=1312;smid_max_blocks_on_sm=16;runtime_device_name=NVIDIA GeForce RTX 3090;runtime_compute_capability=8.6;runtime_sm_count=82;runtime_l2_bytes=6291456;runtime_shared_mem_per_block_optin_bytes=101376;"
reg_operand_only_1783451566136_r0,0,1,reg_operand_only,2048,16,32,82,19170939,0,22.118371717,8782613540,8787125997,4512.457,1173.72931257,3338.72768743,0,0,0,131072,128,8,1,1,0,0,0,0,201218175744,0,0,0,0,1343488,0,0,0,0,0,0,0,0,0,true,1935,9501,69,rtx3090,ampere_ga10x,ga102,8.6,82,6,128,100,"implemented:fp16_wmma;hardware_optional:tf32,bf16,int8,int4,sparsity",nvml_total_energy,total_energy_mj_delta,register_tensor,logical_register_operand,true,one_sec_average,false,false,20627,216839,0,0,591.86,13.590.57,"regime=dram_mixed_streaming;feasibility_reason=full-GPU working set exceeds the nominal L2 size;target_profile=rtx3090;architecture_family=ampere_ga10x;chip=ga102;target_full_sm=82;target_l2_mib=6;target_unified_l1_shared_kib_per_sm=128;target_shared_kib_per_sm=100;target_max_shared_kib_per_block=99;nvml_power_usage_semantics=one_sec_average;tensor_modes=implemented:fp16_wmma;hardware_optional:tf32,bf16,int8,int4,sparsity;shared_resident=0;l2_candidate=0;dram_candidate=1;row_scope=per_gpu;logical_op=warp_m16n16k16;wmma_fallback=1;reuse_factor=8;load_repeat=1;store_repeat=1;reg_payload_bytes_per_block=0;reg_payload_regs_per_thread=0;reg_payload_bytes_per_sm=0;expected_reg_pressure_ops=0;expected_reg_operand_ops=201218175744;expected_shared_bytes=0;expected_l1_bytes=0;expected_l2_bytes=0;expected_dram_bytes=0;expected_store_bytes=1343488;expected_addr_ops=0;mode_family=register_tensor;denominator_level=logical_register_operand;gpu_active=1;energy_source=nvml_total_energy;power_mw=20627;nvml_field_api_unavailable=no_nvml_header;power_limit_mw=370000;ecc_unavailable=Not Supported;energy_source=nvml_total_energy;power_mw=216839;nvml_field_api_unavailable=no_nvml_header;power_limit_mw=370000;ecc_unavailable=Not Supported;smid_unique=82;smid_total_blocks=1312;smid_max_blocks_on_sm=16;runtime_device_name=NVIDIA GeForce RTX 3090;runtime_compute_capability=8.6;runtime_sm_count=82;runtime_l2_bytes=6291456;runtime_shared_mem_per_block_optin_bytes=101376;"
