label,mode,kernel_regex,W_SM_KiB,blocks_per_SM,active_SM,ITER,reuse_factor,load_repeat,store_repeat,ncu_replay_mode,ncu_cache_control,ncu_metric_profile,global_warmup_passes,l2_residency_policy,l2_address_layout,status,shared_accesses,shared_bytes,shared_read_bytes,shared_write_bytes,shared_bytes_source,shared_bank_conflicts,shared_inst,legacy_shared_read_accesses,legacy_shared_write_accesses,l1_hit_rate_pct,l1_path_hit_rate_pct,l1_aggregate_hit_rate_pct,l1_hit_rate_source,l2_hit_rate_pct,l2_path_hit_rate_pct,l2_tex_path_hit_rate_pct,l2_device_path_hit_rate_pct,l2_native_read_hit_rate_pct,l2_native_vs_derived_hit_delta_pct,l2_logical_read_hit_rate_pct,l2_fabric_hit_rate_pct,l2_fabric_model_native_hit_rate_pct,l2_native_vs_fabric_model_hit_delta_pct,l2_aggregate_hit_rate_pct,l2_hit_rate_source,l1_accesses,l1_access_unit,l1_read_accesses,l1_write_accesses,l2_accesses,l2_access_unit,l2_read_accesses,l2_write_accesses,dram_accesses,dram_access_unit,dram_read_accesses,dram_write_accesses,shared_read_accesses,shared_write_accesses,l1_bytes,l1_request_bytes,l1_hit_bytes,l1_miss_bytes,l2_bytes,l2_read_bytes,expected_global_read_bytes,expected_l2_read_bytes,l2_read_to_expected_ratio,l2_read_hit_sectors,l2_read_miss_sectors,l2_device_read_sectors,l2_device_read_hit_sectors,l2_device_read_miss_sectors,l2_fabric_read_sectors,l2_fabric_read_hit_sectors,l2_fabric_read_miss_sectors,l2_fabric_metric_source,l2_fabric_metrics_present,l2_fabric_read_sector_conservation_ratio,l2_fabric_counter_coherent,l2_fabric_read_to_source_miss_ratio,l2_fabric_hit_to_source_miss_ratio,l2_fabric_read_fraction,l2_logical_read_hit_sectors,l2_logical_read_miss_sectors,l2_logical_read_miss_bytes,l2_fabric_model_coherent,l2_evict_first_read_sectors,l2_evict_normal_read_sectors,l2_evict_last_read_sectors,l2_evict_first_read_pct,l2_evict_normal_read_pct,l2_evict_last_read_pct,l2_read_miss_bytes,l2_read_sector_conservation_ratio,l2_tex_read_sector_conservation_ratio,l2_device_read_sector_conservation_ratio,l2_path_counter_coherent,dram_bytes,dram_read_sectors,dram_write_sectors,dram_read_bytes,dram_read_bytes_source,dram_write_bytes,dram_write_bytes_source,dram_read_to_expected_ratio,dram_write_to_read_ratio,gpu_duration_s,dram_read_bandwidth_GBps,dram_read_to_l2_miss_bytes_ratio,dram_read_to_l2_read_bytes_ratio,dram_read_to_l2_logical_miss_bytes_ratio,tensor_hmma_inst,tensor_fp16_f32_ops,expected_logical_mma,expected_logical_flop,tensor_hmma_per_logical_mma,tensor_ops_to_expected_flop,tensor_pipe_active_pct,local_read_bytes,local_write_bytes,spill_local_read_inst,spill_local_write_inst,spill_zero_verified,spill_evidence_source,stall_long_scoreboard_pct,stall_short_scoreboard_pct,stall_wait_pct,stall_not_selected_pct,achieved_occupancy_pct,launch_warp_capacity_pct,launch_warps_per_scheduler,registers_per_thread,shared_mem_per_block_static,shared_mem_per_block_dynamic,launch_persisting_l2_cache_size_bytes,missing_metrics,optional_missing_metrics,validation_notes,source_files,ncu_summary_source,component_candidate,acceptance,acceptance_reason,expected_shared_bytes,shared_bytes_to_expected,l2_to_l1_bytes,dram_to_l2_bytes,dram_read_to_l2_read_bytes,external_memory_technology,external_memory_coefficient_scope,external_memory_l2_service_hit_rate_pct,external_memory_source_to_expected_ratio,external_memory_read_to_expected_ratio,external_memory_write_to_read_ratio,l2_acceptance_model,l2_acceptance_hit_rate_pct,l2_read_bytes_to_expected,l1_hit_to_request_bytes,l1_request_to_l2_read_bytes,tensor_l2_bytes_per_hmma,tensor_dram_bytes_per_hmma,register_l2_bytes_per_op,register_dram_bytes_per_op,tensor_control_hmma_class,tensor_control_hmma_per_block,tensor_control_hmma_per_reg_op,tensor_hmma_ratio_group_median,tensor_hmma_ratio_group_relative_spread,tensor_control_pair_status,dram_expected_l2_hit_pct,dram_l2_hit_limit_pct,global_address_control_dram_to_expected
clocked_empty_W64_B8,clocked_empty,clocked_empty_kernel,64,8,82,1000000,1,1,1,application,none,full,4,normal,contiguous,ok,0,0,0,0,sass,0,0,0,0,18.0259,,18.0259,aggregate_fallback,20.3516,,,,19.7373,,,,,,20.3516,aggregate_fallback,0,sectors,0,,0,sectors,0,,1.86341e+06,sectors,1.86341e+06,0,0,0,0,0,0,0,7.45055e+07,0,,,,0,0,0,0,0,,,,,0,,,,,,,,,,0,0,0,,,,0,,,,,5.96291e+07,1.86341e+06,0,5.96291e+07,dram__bytes_read.sum,0,dram__bytes_write.sum,,0,56.4304,0.00105668,,,,0,0,,,,,0,0,0,0,0,1,local_memory_bytes_zero_inference,0.002715,0.00055,378.947,5.83285,16.5758,33.3333,4,16,0,0,1.17965e+06,,,,results/ncu/rtx3090_component_finalplan_ncu_factor_20260714/full_non_l2/clocked_empty_W64_B8_raw_metrics.csv,results/ncu/rtx3090_component_finalplan_ncu_factor_20260714/full_non_l2/ncu_cache_validation_summary.csv,not_selected,rejected,mode_not_final_component_candidate,,,,,,GDDR6X,,,,,,,,,,,,,,,,,,,,,,,
global_addr_only_l1_W8_B8_LR16,global_addr_only,global_scalar_addr_only_kernel,8,8,82,100000,1,16,1,application,none,full,4,normal,contiguous,ok,0,0,0,0,sass,0,0,0,0,17.4543,,17.4543,aggregate_fallback,19.2281,19.2281,19.2281,,21.4086,2.18047,,,,,21.9567,srcunit_tex_read_lookup_hit_miss,0,sectors,0,,0,sectors,0,,7.56668e+06,sectors,7.56668e+06,0,0,0,0,0,0,0,3.07897e+08,0,,,,29553,124144,0,0,0,,,,,0,,,,,,,,,,0,0,0,,,,3.97261e+06,,,,,2.42134e+08,7.56668e+06,0,2.42134e+08,dram__bytes_read.sum,0,dram__bytes_write.sum,,0,247.598,0.00097793,60.9508,,,0,0,,,,,0,0,0,0,0,1,local_memory_bytes_zero_inference,0.000394,48.8304,194.361,13.9933,16.6667,33.3333,4,34,0,0,1.17965e+06,,,l2_native_derived_hit_rate_disagree,results/ncu/rtx3090_component_finalplan_ncu_factor_20260714/full_non_l2/global_addr_only_l1_W8_B8_LR16_raw_metrics.csv,results/ncu/rtx3090_component_finalplan_ncu_factor_20260714/full_non_l2/ncu_cache_validation_summary.csv,global_address_control,accepted,pass,,,,,,GDDR6X,,,,,,,,,,,,,,,,,,,,,,,0.000225285
global_addr_only_l1_W8_B8_LR4,global_addr_only,global_scalar_addr_only_kernel,8,8,82,100000,1,4,1,application,none,full,4,normal,contiguous,ok,0,0,0,0,sass,0,0,0,0,17.0732,,17.0732,aggregate_fallback,100,100,100,100,22.8313,77.1687,,,,,38.514,srcunit_tex_device_read_lookup_hit_miss,0,sectors,0,,0,sectors,0,,1.96435e+06,sectors,1.96435e+06,0,0,0,0,0,0,0,8.01757e+07,0,,,,10030,0,0,28710,0,,,,,0,,,,,,,,,,0,0,0,,,,0,,,,,6.28593e+07,1.96435e+06,0,6.28593e+07,dram__bytes_read.sum,0,dram__bytes_write.sum,,0,64.6759,0.000971911,,,,0,0,,,,,0,0,0,0,0,1,local_memory_bytes_zero_inference,0.001523,46.5081,195.714,15.0795,16.6666,33.3333,4,34,0,0,1.17965e+06,,,l2_native_derived_hit_rate_disagree,results/ncu/rtx3090_component_finalplan_ncu_factor_20260714/full_non_l2/global_addr_only_l1_W8_B8_LR4_raw_metrics.csv,results/ncu/rtx3090_component_finalplan_ncu_factor_20260714/full_non_l2/ncu_cache_validation_summary.csv,global_address_control,accepted,pass,,,,,,GDDR6X,,,,,,,,,,,,,,,,,,,,,,,0.000233941
global_addr_only_l1_W8_B8_LR8,global_addr_only,global_scalar_addr_only_kernel,8,8,82,100000,1,8,1,application,none,full,4,normal,contiguous,ok,0,0,0,0,sass,0,0,0,0,17.2637,,17.2637,aggregate_fallback,100,100,0,100,19.5857,80.4143,,,,,27.794,srcunit_tex_device_read_lookup_hit_miss,0,sectors,0,,0,sectors,0,,4.19753e+06,sectors,4.19753e+06,0,0,0,0,0,0,0,1.68047e+08,0,,,,0,124176,0,29516,0,,,,,0,,,,,,,,,,0,0,0,,,,0,,,,,1.34321e+08,4.19753e+06,0,1.34321e+08,dram__bytes_read.sum,0,dram__bytes_write.sum,,0,124.983,0.00107471,,,,0,0,,,,,0,0,0,0,0,1,local_memory_bytes_zero_inference,0.000804,48.0296,194.828,14.3679,16.6666,33.3333,4,34,0,0,1.17965e+06,,,l2_native_derived_hit_rate_disagree,results/ncu/rtx3090_component_finalplan_ncu_factor_20260714/full_non_l2/global_addr_only_l1_W8_B8_LR8_raw_metrics.csv,results/ncu/rtx3090_component_finalplan_ncu_factor_20260714/full_non_l2/ncu_cache_validation_summary.csv,global_address_control,accepted,pass,,,,,,GDDR6X,,,,,,,,,,,,,,,,,,,,,,,0.000249948
global_l1_load_only_W8_B8_LR16,global_l1_load_only,global_ca_load_only_kernel,8,8,82,100000,1,16,1,application,none,full,4,normal,contiguous,ok,0,0,0,0,sass,0,0,0,0,99.9999,99.9999,99.9999,global_load_lookup_hit_miss,100,100,1.22797,100,21.172,78.828,,,,,21.8402,srcunit_tex_device_read_lookup_hit_miss,3.35872e+10,sectors,3.35872e+10,,20992,sectors,20992,,8.395e+06,sectors,8.395e+06,0,0,0,1.07479e+12,1.07479e+12,1.07479e+12,671744,3.39651e+08,671744,,,,1772,142531,20992,20992,0,,,,,0,,,,,,,,,,0,20992,0,0,100,0,0,1,6.87419,1,1,2.6864e+08,8.395e+06,0,2.6864e+08,dram__bytes_read.sum,0,dram__bytes_write.sum,,0,276.286,0.000972327,,399.914,,0,0,,,,,0,0,0,0,0,1,local_memory_bytes_zero_inference,1.90891,62.3875,319.299,11.4776,16.6665,33.3333,4,33,0,0,1.17965e+06,,,l2_native_derived_hit_rate_disagree,results/ncu/rtx3090_component_finalplan_ncu_factor_20260714/full_non_l2/global_l1_load_only_W8_B8_LR16_raw_metrics.csv,results/ncu/rtx3090_component_finalplan_ncu_factor_20260714/full_non_l2/ncu_cache_validation_summary.csv,global_l1_hit_path,accepted,pass,,,6.25e-07,399.914,399.914,GDDR6X,,,,,,,,,1,1.6e+06,,,,,,,,,,,,,
global_l1_load_only_W8_B8_LR4,global_l1_load_only,global_ca_load_only_kernel,8,8,82,100000,1,4,1,application,none,full,4,normal,contiguous,ok,0,0,0,0,sass,0,0,0,0,99.9998,99.9998,99.9997,global_load_lookup_hit_miss,51.5774,51.5774,52.167,51.5774,24.5421,27.0353,,,,,25.0043,srcunit_tex_device_read_lookup_hit_miss,8.3968e+09,sectors,8.3968e+09,,20992,sectors,20992,,1.96177e+06,sectors,1.96177e+06,0,0,0,2.68698e+11,2.68698e+11,2.68697e+11,671744,8.24601e+07,671744,,,,20992,19248,20992,20992,19708,,,,,0,,,,,,,,,,0,20992,0,0,100,0,630656,1.93883,1.91692,1.93883,0,6.27767e+07,1.96177e+06,0,6.27767e+07,dram__bytes_read.sum,0,dram__bytes_write.sum,,0,73.0775,0.000859043,99.5419,93.4533,,0,0,,,,,0,0,0,0,0,1,local_memory_bytes_zero_inference,1.67691,58.5156,325.228,11.1783,16.6429,33.3333,4,33,0,0,1.17965e+06,,,l2_native_derived_hit_rate_disagree;l2_read_sector_conservation_failed,results/ncu/rtx3090_component_finalplan_ncu_factor_20260714/full_non_l2/global_l1_load_only_W8_B8_LR4_raw_metrics.csv,results/ncu/rtx3090_component_finalplan_ncu_factor_20260714/full_non_l2/ncu_cache_validation_summary.csv,global_l1_hit_path,accepted,pass,,,2.5e-06,93.4533,93.4533,GDDR6X,,,,,,,,,0.999996,400001,,,,,,,,,,,,,
global_l1_load_only_W8_B8_LR8,global_l1_load_only,global_ca_load_only_kernel,8,8,82,100000,1,8,1,application,none,full,4,normal,contiguous,ok,0,0,0,0,sass,0,0,0,0,99.9999,99.9999,99.9999,global_load_lookup_hit_miss,51.0605,51.0605,100,51.0605,19.8396,31.2209,,,,,20.244,srcunit_tex_device_read_lookup_hit_miss,1.67936e+10,sectors,1.67936e+10,,20992,sectors,20992,,4.5885e+06,sectors,4.5885e+06,0,0,0,5.37395e+11,5.37395e+11,5.37395e+11,671744,1.85322e+08,671744,,,,20992,0,20992,20992,20120,,,,,0,,,,,,,,,,11808,181530,0,6.10744,93.8926,0,643840,1.95846,1,1.95846,0,1.46832e+08,4.5885e+06,0,1.46832e+08,dram__bytes_read.sum,0,dram__bytes_write.sum,,0,140.547,0.00104472,228.057,218.583,,0,0,,,,,0,0,0,0,0,1,local_memory_bytes_zero_inference,1.74391,60.9679,321.201,11.4209,16.6643,33.3333,4,33,0,0,1.17965e+06,,,l2_native_derived_hit_rate_disagree;l2_read_sector_conservation_failed,results/ncu/rtx3090_component_finalplan_ncu_factor_20260714/full_non_l2/global_l1_load_only_W8_B8_LR8_raw_metrics.csv,results/ncu/rtx3090_component_finalplan_ncu_factor_20260714/full_non_l2/ncu_cache_validation_summary.csv,global_l1_hit_path,accepted,pass,,,1.25e-06,218.583,218.583,GDDR6X,,,,,,,,,1,800000,,,,,,,,,,,,,
reg_mma_W1_B16_RF1,reg_mma,reg_mma_kernel,1,16,82,100000,1,1,1,application,none,full,4,normal,contiguous,ok,0,0,0,0,sass,0,0,0,0,86.7878,,86.7878,aggregate_fallback,23.2123,,,,17.0909,,,,,,23.2123,aggregate_fallback,0,sectors,0,,0,sectors,0,,497972,sectors,497972,0,0,0,0,0,0,0,2.12494e+07,0,,,,0,0,0,0,0,,,,,0,,,,,,,,,,23616,343780,0,6.42794,93.5721,0,0,,,,,1.59351e+07,497972,0,1.59351e+07,dram__bytes_read.sum,0,dram__bytes_write.sum,,0,15.0543,0.00105851,,,,2.624e+08,1.07479e+12,1.312e+08,1.07479e+12,2,1,49.3296,0,0,0,0,1,local_memory_bytes_zero_inference,0.060876,0.006388,116.504,28.1949,23.3128,33.3333,4,35,0,0,1.17965e+06,,,,results/ncu/rtx3090_component_finalplan_ncu_factor_20260714/full_non_l2/reg_mma_W1_B16_RF1_raw_metrics.csv,results/ncu/rtx3090_component_finalplan_ncu_factor_20260714/full_non_l2/ncu_cache_validation_summary.csv,tensor_increment_candidate,accepted,pass,,,,,,GDDR6X,,,,,,,,,,,0.0809809,0.0607283,,,,,,2,0,accepted,,,
reg_mma_W1_B16_RF16,reg_mma,reg_mma_kernel,1,16,82,100000,16,1,1,application,none,full,4,normal,contiguous,ok,0,0,0,0,sass,0,0,0,0,86.7908,,86.7908,aggregate_fallback,0,0,,0,21.7409,21.7409,,,,,22.6858,srcunit_tex_device_read_lookup_hit_miss,0,sectors,0,,0,sectors,0,,6.85006e+06,sectors,6.85006e+06,0,0,0,0,0,0,0,2.79408e+08,0,,,,0,0,0,0,251898,,,,,0,,,,,,,,,,5904,64372,0,8.40116,91.5988,0,8.06074e+06,,,,,2.19202e+08,6.85006e+06,0,2.19202e+08,dram__bytes_read.sum,0,dram__bytes_write.sum,,0,221.433,0.000989925,27.1938,,,4.1984e+09,1.71966e+13,2.0992e+09,1.71966e+13,2,1,48.3595,0,0,0,0,1,local_memory_bytes_zero_inference,0.002795,0.000389,93.3754,23.9967,22.138,33.3333,4,30,0,0,1.17965e+06,,,l2_native_derived_hit_rate_disagree,results/ncu/rtx3090_component_finalplan_ncu_factor_20260714/full_non_l2/reg_mma_W1_B16_RF16_raw_metrics.csv,results/ncu/rtx3090_component_finalplan_ncu_factor_20260714/full_non_l2/ncu_cache_validation_summary.csv,tensor_increment_candidate,accepted,pass,,,,,,GDDR6X,,,,,,,,,,,0.0665511,0.0522108,,,,,,2,0,accepted,,,
reg_mma_W1_B16_RF2,reg_mma,reg_mma_kernel,1,16,82,100000,2,1,1,application,none,full,4,normal,contiguous,ok,0,0,0,0,sass,0,0,0,0,86.789,,86.789,aggregate_fallback,19.5918,,,,16.5238,,,,,,19.5918,aggregate_fallback,0,sectors,0,,0,sectors,0,,1.09222e+06,sectors,1.09222e+06,0,0,0,0,0,0,0,4.38329e+07,0,,,,0,0,0,0,0,,,,,0,,,,,,,,,,0,0,0,,,,0,,,,,3.49512e+07,1.09222e+06,0,3.49512e+07,dram__bytes_read.sum,0,dram__bytes_write.sum,,0,28.2064,0.00123912,,,,5.248e+08,2.14958e+12,2.624e+08,2.14958e+12,2,1,47.3054,0,0,0,0,1,local_memory_bytes_zero_inference,0.011932,0.002777,103.438,29.1549,22.9035,33.3333,4,26,0,0,1.17965e+06,,,,results/ncu/rtx3090_component_finalplan_ncu_factor_20260714/full_non_l2/reg_mma_W1_B16_RF2_raw_metrics.csv,results/ncu/rtx3090_component_finalplan_ncu_factor_20260714/full_non_l2/ncu_cache_validation_summary.csv,tensor_increment_candidate,accepted,pass,,,,,,GDDR6X,,,,,,,,,,,0.0835231,0.0665991,,,,,,2,0,accepted,,,
reg_mma_W1_B16_RF4,reg_mma,reg_mma_kernel,1,16,82,100000,4,1,1,application,none,full,4,normal,contiguous,ok,0,0,0,0,sass,0,0,0,0,86.7787,,86.7787,aggregate_fallback,21.7812,,,,19.6909,,,,,,21.7812,aggregate_fallback,0,sectors,0,,0,sectors,0,,1.87118e+06,sectors,1.87118e+06,0,0,0,0,0,0,0,7.63062e+07,0,,,,0,0,0,0,0,,,,,0,,,,,,,,,,0,0,0,,,,0,,,,,5.98778e+07,1.87118e+06,0,5.98778e+07,dram__bytes_read.sum,0,dram__bytes_write.sum,,0,56.0276,0.00106872,,,,1.0496e+09,4.29916e+12,5.248e+08,4.29916e+12,2,1,47.7618,0,0,0,0,1,local_memory_bytes_zero_inference,0.00643,0.001484,97.6788,25.5759,22.2315,33.3333,4,30,0,0,1.17965e+06,,,,results/ncu/rtx3090_component_finalplan_ncu_factor_20260714/full_non_l2/reg_mma_W1_B16_RF4_raw_metrics.csv,results/ncu/rtx3090_component_finalplan_ncu_factor_20260714/full_non_l2/ncu_cache_validation_summary.csv,tensor_increment_candidate,accepted,pass,,,,,,GDDR6X,,,,,,,,,,,0.0727003,0.0570482,,,,,,2,0,accepted,,,
reg_mma_W1_B16_RF8,reg_mma,reg_mma_kernel,1,16,82,100000,8,1,1,application,none,full,4,normal,contiguous,ok,0,0,0,0,sass,0,0,0,0,86.7943,,86.7943,aggregate_fallback,100,100,,100,20.4635,79.5365,,,,,28.993,srcunit_tex_device_read_lookup_hit_miss,0,sectors,0,,0,sectors,0,,3.54844e+06,sectors,3.54844e+06,0,0,0,0,0,0,0,1.44398e+08,0,,,,0,0,0,28583,0,,,,,0,,,,,,,,,,0,0,0,,,,0,,,,,1.1355e+08,3.54844e+06,0,1.1355e+08,dram__bytes_read.sum,0,dram__bytes_write.sum,,0,111.231,0.00102085,,,,2.0992e+09,8.59832e+12,1.0496e+09,8.59832e+12,2,1,48.1247,0,0,0,0,1,local_memory_bytes_zero_inference,0.003143,0.000767,94.8536,24.2651,22.1579,33.3333,4,30,0,0,1.17965e+06,,,l2_native_derived_hit_rate_disagree,results/ncu/rtx3090_component_finalplan_ncu_factor_20260714/full_non_l2/reg_mma_W1_B16_RF8_raw_metrics.csv,results/ncu/rtx3090_component_finalplan_ncu_factor_20260714/full_non_l2/ncu_cache_validation_summary.csv,tensor_increment_candidate,accepted,pass,,,,,,GDDR6X,,,,,,,,,,,0.0687872,0.054092,,,,,,2,0,accepted,,,
reg_mma_W1_B4_RF1,reg_mma,reg_mma_kernel,1,4,82,100000,1,1,1,application,none,full,4,normal,contiguous,ok,0,0,0,0,sass,0,0,0,0,86.6678,,86.6678,aggregate_fallback,98.0527,,,,97.1161,,,,,,98.0527,aggregate_fallback,0,sectors,0,,0,sectors,0,,396,sectors,396,0,0,0,0,0,0,0,1.33926e+06,0,,,,0,0,0,0,0,,,,,0,,,,,,,,,,0,0,0,,,,0,,,,,12672,396,0,12672,dram__bytes_read.sum,0,dram__bytes_write.sum,,0,3.91322,3.23826e-06,,,,6.56e+07,2.68698e+11,3.28e+07,2.68698e+11,2,1,47.438,0,0,0,0,1,local_memory_bytes_zero_inference,0.04081,0.006072,116.032,0,8.25413,33.3333,4,35,0,0,1.17965e+06,,,,results/ncu/rtx3090_component_finalplan_ncu_factor_20260714/full_non_l2/reg_mma_W1_B4_RF1_raw_metrics.csv,results/ncu/rtx3090_component_finalplan_ncu_factor_20260714/full_non_l2/ncu_cache_validation_summary.csv,tensor_increment_candidate,accepted,pass,,,,,,GDDR6X,,,,,,,,,,,0.0204155,0.000193171,,,,,,2,0,accepted,,,
reg_mma_W1_B4_RF16,reg_mma,reg_mma_kernel,1,4,82,100000,16,1,1,application,none,full,4,normal,contiguous,ok,0,0,0,0,sass,0,0,0,0,86.6678,,86.6678,aggregate_fallback,22.0912,,,,21.2382,,,,,,22.0912,aggregate_fallback,0,sectors,0,,0,sectors,0,,1.86706e+06,sectors,1.86706e+06,0,0,0,0,0,0,0,7.63858e+07,0,,,,0,0,0,0,0,,,,,0,,,,,,,,,,0,0,0,,,,0,,,,,5.97459e+07,1.86706e+06,0,5.97459e+07,dram__bytes_read.sum,0,dram__bytes_write.sum,,0,60.9977,0.000979478,,,,1.0496e+09,4.29916e+12,5.248e+08,4.29916e+12,2,1,43.7225,0,0,0,0,1,local_memory_bytes_zero_inference,0.00114,0.000375,92.5441,0,8.22481,33.3333,4,30,0,0,1.17965e+06,,,,results/ncu/rtx3090_component_finalplan_ncu_factor_20260714/full_non_l2/reg_mma_W1_B4_RF16_raw_metrics.csv,results/ncu/rtx3090_component_finalplan_ncu_factor_20260714/full_non_l2/ncu_cache_validation_summary.csv,tensor_increment_candidate,accepted,pass,,,,,,GDDR6X,,,,,,,,,,,0.0727761,0.0569225,,,,,,2,0,accepted,,,
reg_mma_W1_B4_RF2,reg_mma,reg_mma_kernel,1,4,82,100000,2,1,1,application,none,full,4,normal,contiguous,ok,0,0,0,0,sass,0,0,0,0,86.6701,,86.6701,aggregate_fallback,103.703,,,,104.592,,,,,,103.703,aggregate_fallback,0,sectors,0,,0,sectors,0,,464,sectors,464,0,0,0,0,0,0,0,2.4783e+06,0,,,,0,0,0,0,0,,,,,0,,,,,,,,,,0,0,0,,,,0,,,,,14848,464,0,14848,dram__bytes_read.sum,0,dram__bytes_write.sum,,0,8.33366,1.78169e-06,,,,1.312e+08,5.37395e+11,6.56e+07,5.37395e+11,2,1,39.7463,0,0,0,0,1,local_memory_bytes_zero_inference,0.008052,0.002671,102.476,0,8.17482,33.3333,4,26,0,0,1.17965e+06,,,l2_hit_rate_pct_out_of_range;l2_native_read_hit_rate_pct_out_of_range,results/ncu/rtx3090_component_finalplan_ncu_factor_20260714/full_non_l2/reg_mma_W1_B4_RF2_raw_metrics.csv,results/ncu/rtx3090_component_finalplan_ncu_factor_20260714/full_non_l2/ncu_cache_validation_summary.csv,tensor_increment_candidate,accepted,pass,,,,,,GDDR6X,,,,,,,,,,,0.0188895,0.000113171,,,,,,2,0,accepted,,,
reg_mma_W1_B4_RF4,reg_mma,reg_mma_kernel,1,4,82,100000,4,1,1,application,none,full,4,normal,contiguous,ok,0,0,0,0,sass,0,0,0,0,86.6583,,86.6583,aggregate_fallback,19.2634,,,,17.4908,,,,,,19.2634,aggregate_fallback,0,sectors,0,,0,sectors,0,,618992,sectors,618992,0,0,0,0,0,0,0,2.4428e+07,0,,,,0,0,0,0,0,,,,,0,,,,,,,,,,0,0,0,,,,0,,,,,1.98077e+07,618992,0,1.98077e+07,dram__bytes_read.sum,0,dram__bytes_write.sum,,0,15.8015,0.00125354,,,,2.624e+08,1.07479e+12,1.312e+08,1.07479e+12,2,1,41.9643,0,0,0,0,1,local_memory_bytes_zero_inference,0.004364,0.001424,97.0843,0,8.20184,33.3333,4,30,0,0,1.17965e+06,,,,results/ncu/rtx3090_component_finalplan_ncu_factor_20260714/full_non_l2/reg_mma_W1_B4_RF4_raw_metrics.csv,results/ncu/rtx3090_component_finalplan_ncu_factor_20260714/full_non_l2/ncu_cache_validation_summary.csv,tensor_increment_candidate,accepted,pass,,,,,,GDDR6X,,,,,,,,,,,0.0930945,0.0754867,,,,,,2,0,accepted,,,
reg_mma_W1_B4_RF8,reg_mma,reg_mma_kernel,1,4,82,100000,8,1,1,application,none,full,4,normal,contiguous,ok,0,0,0,0,sass,0,0,0,0,86.6654,,86.6654,aggregate_fallback,24.5211,,,,23.0169,,,,,,24.5211,aggregate_fallback,0,sectors,0,,0,sectors,0,,836296,sectors,836296,0,0,0,0,0,0,0,3.525e+07,0,,,,0,0,0,0,0,,,,,0,,,,,,,,,,0,0,0,,,,0,,,,,2.67615e+07,836296,0,2.67615e+07,dram__bytes_read.sum,0,dram__bytes_write.sum,,0,30.9463,0.000864771,,,,5.248e+08,2.14958e+12,2.624e+08,2.14958e+12,2,1,43.0963,0,0,0,0,1,local_memory_bytes_zero_inference,0.003541,0.000737,94.1097,0,8.20882,33.3333,4,30,0,0,1.17965e+06,,,,results/ncu/rtx3090_component_finalplan_ncu_factor_20260714/full_non_l2/reg_mma_W1_B4_RF8_raw_metrics.csv,results/ncu/rtx3090_component_finalplan_ncu_factor_20260714/full_non_l2/ncu_cache_validation_summary.csv,tensor_increment_candidate,accepted,pass,,,,,,GDDR6X,,,,,,,,,,,0.0671684,0.0509937,,,,,,2,0,accepted,,,
reg_mma_W1_B8_RF1,reg_mma,reg_mma_kernel,1,8,82,100000,1,1,1,application,none,full,4,normal,contiguous,ok,0,0,0,0,sass,0,0,0,0,86.7655,,86.7655,aggregate_fallback,100,100,100,,36.4829,63.5171,,,,,45.7359,srcunit_tex_read_lookup_hit_miss,0,sectors,0,,0,sectors,0,,93508,sectors,93508,0,0,0,0,0,0,0,5.56202e+06,0,,,,28763,0,0,0,0,,,,,0,,,,,,,,,,0,0,0,,,,0,,,,,2.99226e+06,93508,0,2.99226e+06,dram__bytes_read.sum,0,dram__bytes_write.sum,,0,7.57296,0.000395124,,,,1.312e+08,5.37395e+11,6.56e+07,5.37395e+11,2,1,49.0192,0,0,0,0,1,local_memory_bytes_zero_inference,0.034385,0.00585,115.831,12.0979,13.7725,33.3333,4,35,0,0,1.17965e+06,,,l2_native_derived_hit_rate_disagree,results/ncu/rtx3090_component_finalplan_ncu_factor_20260714/full_non_l2/reg_mma_W1_B8_RF1_raw_metrics.csv,results/ncu/rtx3090_component_finalplan_ncu_factor_20260714/full_non_l2/ncu_cache_validation_summary.csv,tensor_increment_candidate,accepted,pass,,,,,,GDDR6X,,,,,,,,,,,0.0423934,0.0228069,,,,,,2,0,accepted,,,
reg_mma_W1_B8_RF16,reg_mma,reg_mma_kernel,1,8,82,100000,16,1,1,application,none,full,4,normal,contiguous,ok,0,0,0,0,sass,0,0,0,0,86.7737,,86.7737,aggregate_fallback,100,100,100,,20.3008,79.6992,,,,,21.0543,srcunit_tex_read_lookup_hit_miss,0,sectors,0,,0,sectors,0,,3.55954e+06,sectors,3.55954e+06,0,0,0,0,0,0,0,1.43929e+08,0,,,,14538,0,0,0,0,,,,,0,,,,,,,,,,0,0,0,,,,0,,,,,1.13905e+08,3.55954e+06,0,1.13905e+08,dram__bytes_read.sum,0,dram__bytes_write.sum,,0,112.716,0.00101055,,,,2.0992e+09,8.59832e+12,1.0496e+09,8.59832e+12,2,1,47.4129,0,0,0,0,1,local_memory_bytes_zero_inference,0.001573,0.000365,93.0521,11.3221,13.5698,33.3333,4,30,0,0,1.17965e+06,,,l2_native_derived_hit_rate_disagree,results/ncu/rtx3090_component_finalplan_ncu_factor_20260714/full_non_l2/reg_mma_W1_B8_RF16_raw_metrics.csv,results/ncu/rtx3090_component_finalplan_ncu_factor_20260714/full_non_l2/ncu_cache_validation_summary.csv,tensor_increment_candidate,accepted,pass,,,,,,GDDR6X,,,,,,,,,,,0.0685637,0.0542611,,,,,,2,0,accepted,,,
reg_mma_W1_B8_RF2,reg_mma,reg_mma_kernel,1,8,82,100000,2,1,1,application,none,full,4,normal,contiguous,ok,0,0,0,0,sass,0,0,0,0,86.7643,,86.7643,aggregate_fallback,18.9401,,,,15.9569,,,,,,18.9401,aggregate_fallback,0,sectors,0,,0,sectors,0,,622116,sectors,622116,0,0,0,0,0,0,0,2.46593e+07,0,,,,0,0,0,0,0,,,,,0,,,,,,,,,,0,0,0,,,,0,,,,,1.99077e+07,622116,0,1.99077e+07,dram__bytes_read.sum,0,dram__bytes_write.sum,,0,14.57,0.00136634,,,,2.624e+08,1.07479e+12,1.312e+08,1.07479e+12,2,1,45.548,0,0,0,0,1,local_memory_bytes_zero_inference,0.011103,0.002595,103.494,13.5656,13.8807,33.3333,4,26,0,0,1.17965e+06,,,,results/ncu/rtx3090_component_finalplan_ncu_factor_20260714/full_non_l2/reg_mma_W1_B8_RF2_raw_metrics.csv,results/ncu/rtx3090_component_finalplan_ncu_factor_20260714/full_non_l2/ncu_cache_validation_summary.csv,tensor_increment_candidate,accepted,pass,,,,,,GDDR6X,,,,,,,,,,,0.093976,0.0758678,,,,,,2,0,accepted,,,
reg_mma_W1_B8_RF4,reg_mma,reg_mma_kernel,1,8,82,100000,4,1,1,application,none,full,4,normal,contiguous,ok,0,0,0,0,sass,0,0,0,0,86.769,,86.769,aggregate_fallback,20.564,,,,18.5576,,,,,,20.564,aggregate_fallback,0,sectors,0,,0,sectors,0,,1.10737e+06,sectors,1.10737e+06,0,0,0,0,0,0,0,4.36135e+07,0,,,,0,0,0,0,0,,,,,0,,,,,,,,,,0,0,0,,,,0,,,,,3.54358e+07,1.10737e+06,0,3.54358e+07,dram__bytes_read.sum,0,dram__bytes_write.sum,,0,28.9142,0.00122555,,,,5.248e+08,2.14958e+12,2.624e+08,2.14958e+12,2,1,46.3623,0,0,0,0,1,local_memory_bytes_zero_inference,0.008775,0.001386,97.5005,12.2647,13.4783,33.3333,4,30,0,0,1.17965e+06,,,,results/ncu/rtx3090_component_finalplan_ncu_factor_20260714/full_non_l2/reg_mma_W1_B8_RF4_raw_metrics.csv,results/ncu/rtx3090_component_finalplan_ncu_factor_20260714/full_non_l2/ncu_cache_validation_summary.csv,tensor_increment_candidate,accepted,pass,,,,,,GDDR6X,,,,,,,,,,,0.083105,0.0675225,,,,,,2,0,accepted,,,
reg_mma_W1_B8_RF8,reg_mma,reg_mma_kernel,1,8,82,100000,8,1,1,application,none,full,4,normal,contiguous,ok,0,0,0,0,sass,0,0,0,0,86.7684,,86.7684,aggregate_fallback,21.5009,,,,20.2397,,,,,,21.5009,aggregate_fallback,0,sectors,0,,0,sectors,0,,1.7856e+06,sectors,1.76616e+06,19440,0,0,0,0,0,0,7.1813e+07,0,,,,0,0,0,0,0,,,,,0,,,,,,,,,,0,0,0,,,,0,,,,,5.71392e+07,1.76616e+06,19440,5.65171e+07,dram__bytes_read.sum,622080,dram__bytes_write.sum,,0.0110069,56.6239,0.000998115,,,,1.0496e+09,4.29916e+12,5.248e+08,4.29916e+12,2,1,47.1155,0,0,0,0,1,local_memory_bytes_zero_inference,0.002937,0.000712,94.6605,11.4943,13.5679,33.3333,4,30,0,0,1.17965e+06,,,,results/ncu/rtx3090_component_finalplan_ncu_factor_20260714/full_non_l2/reg_mma_W1_B8_RF8_raw_metrics.csv,results/ncu/rtx3090_component_finalplan_ncu_factor_20260714/full_non_l2/ncu_cache_validation_summary.csv,tensor_increment_candidate,accepted,pass,,,,,,GDDR6X,,,,,,,,,,,0.0684194,0.054439,,,,,,2,0,accepted,,,
reg_operand_only_W1_B16_RF1,reg_operand_only,reg_operand_only_kernel,1,16,82,100000,1,1,1,application,none,full,4,normal,contiguous,ok,0,0,0,0,sass,0,0,0,0,78.6962,,78.6962,aggregate_fallback,134.929,,,,88.9023,,,,,,134.929,aggregate_fallback,0,sectors,0,,0,sectors,0,,128,sectors,128,0,0,0,0,0,0,0,2.62154e+06,0,,,,0,0,0,0,0,,,,,0,,,,,,,,,,0,0,0,,,,0,,,,,4096,128,0,4096,dram__bytes_read.sum,0,dram__bytes_write.sum,,0,5.696,7.19101e-07,,,,0,0,,,,,0,0,0,0,0,1,local_memory_bytes_zero_inference,985.362,263.177,223.715,21.9042,20.6561,33.3333,4,16,0,0,1.17965e+06,,,l2_hit_rate_pct_out_of_range,results/ncu/rtx3090_component_finalplan_ncu_factor_20260714/full_non_l2/reg_operand_only_W1_B16_RF1_raw_metrics.csv,results/ncu/rtx3090_component_finalplan_ncu_factor_20260714/full_non_l2/ncu_cache_validation_summary.csv,register_control_candidate,accepted,pass,,,,,,GDDR6X,,,,,,,,,,,,,0.0199812,3.12195e-05,strict_no_hmma_pass,0,0,,,,,,
reg_operand_only_W1_B16_RF16,reg_operand_only,reg_operand_only_kernel,1,16,82,100000,16,1,1,application,none,full,4,normal,contiguous,ok,0,0,0,0,sass,0,0,0,0,75.0256,,75.0256,aggregate_fallback,108.135,,,,89.2473,,,,,,108.135,aggregate_fallback,0,sectors,0,,0,sectors,0,,96,sectors,96,0,0,0,0,0,0,0,3.29814e+06,0,,,,0,0,0,0,0,,,,,0,,,,,,,,,,0,0,0,,,,0,,,,,3072,96,0,3072,dram__bytes_read.sum,0,dram__bytes_write.sum,,0,6.272,4.89796e-07,,,,0,0,,,,,0,0,0,0,0,1,local_memory_bytes_zero_inference,982.974,536.445,222.63,19.1432,20.3736,33.3333,4,16,0,0,1.17965e+06,,,l2_hit_rate_pct_out_of_range,results/ncu/rtx3090_component_finalplan_ncu_factor_20260714/full_non_l2/reg_operand_only_W1_B16_RF16_raw_metrics.csv,results/ncu/rtx3090_component_finalplan_ncu_factor_20260714/full_non_l2/ncu_cache_validation_summary.csv,register_control_candidate,accepted,pass,,,,,,GDDR6X,,,,,,,,,,,,,0.00157114,1.46341e-06,strict_no_hmma_pass,0,0,,,,,,
reg_operand_only_W1_B16_RF2,reg_operand_only,reg_operand_only_kernel,1,16,82,100000,2,1,1,application,none,full,4,normal,contiguous,ok,0,0,0,0,sass,0,0,0,0,72.136,,72.136,aggregate_fallback,93.3462,,,,72.3092,,,,,,93.3462,aggregate_fallback,0,sectors,0,,0,sectors,0,,280,sectors,280,0,0,0,0,0,0,0,3.69066e+06,0,,,,0,0,0,0,0,,,,,0,,,,,,,,,,0,0,0,,,,0,,,,,8960,280,0,8960,dram__bytes_read.sum,0,dram__bytes_write.sum,,0,6.656,1.34615e-06,,,,0,0,,,,,0,0,0,0,0,1,local_memory_bytes_zero_inference,988.764,560.177,222.557,19.8097,20.3109,33.3333,4,16,0,0,1.17965e+06,,,,results/ncu/rtx3090_component_finalplan_ncu_factor_20260714/full_non_l2/reg_operand_only_W1_B16_RF2_raw_metrics.csv,results/ncu/rtx3090_component_finalplan_ncu_factor_20260714/full_non_l2/ncu_cache_validation_summary.csv,register_control_candidate,accepted,pass,,,,,,GDDR6X,,,,,,,,,,,,,0.014065,3.41463e-05,strict_no_hmma_pass,0,0,,,,,,
reg_operand_only_W1_B16_RF4,reg_operand_only,reg_operand_only_kernel,1,16,82,100000,4,1,1,application,none,full,4,normal,contiguous,ok,0,0,0,0,sass,0,0,0,0,75.8593,,75.8593,aggregate_fallback,119.667,,,,88.411,,,,,,119.667,aggregate_fallback,0,sectors,0,,0,sectors,0,,104,sectors,104,0,0,0,0,0,0,0,2.91558e+06,0,,,,0,0,0,0,0,,,,,0,,,,,,,,,,0,0,0,,,,0,,,,,3328,104,0,3328,dram__bytes_read.sum,0,dram__bytes_write.sum,,0,6.432,5.17413e-07,,,,0,0,,,,,0,0,0,0,0,1,local_memory_bytes_zero_inference,952.431,288.868,223.398,21.2853,20.3295,33.3333,4,16,0,0,1.17965e+06,,,l2_hit_rate_pct_out_of_range,results/ncu/rtx3090_component_finalplan_ncu_factor_20260714/full_non_l2/reg_operand_only_W1_B16_RF4_raw_metrics.csv,results/ncu/rtx3090_component_finalplan_ncu_factor_20260714/full_non_l2/ncu_cache_validation_summary.csv,register_control_candidate,accepted,pass,,,,,,GDDR6X,,,,,,,,,,,,,0.0055556,6.34146e-06,strict_no_hmma_pass,0,0,,,,,,
reg_operand_only_W1_B16_RF8,reg_operand_only,reg_operand_only_kernel,1,16,82,100000,8,1,1,application,none,full,4,normal,contiguous,ok,0,0,0,0,sass,0,0,0,0,72.551,,72.551,aggregate_fallback,99.0925,,,,75.6423,,,,,,99.0925,aggregate_fallback,0,sectors,0,,0,sectors,0,,240,sectors,240,0,0,0,0,0,0,0,3.54714e+06,0,,,,0,0,0,0,0,,,,,0,,,,,,,,,,0,0,0,,,,0,,,,,7680,240,0,7680,dram__bytes_read.sum,0,dram__bytes_write.sum,,0,6.4,1.2e-06,,,,0,0,,,,,0,0,0,0,0,1,local_memory_bytes_zero_inference,952.162,559.075,222.539,19.0395,20.2312,33.3333,4,16,0,0,1.17965e+06,,,,results/ncu/rtx3090_component_finalplan_ncu_factor_20260714/full_non_l2/reg_operand_only_W1_B16_RF8_raw_metrics.csv,results/ncu/rtx3090_component_finalplan_ncu_factor_20260714/full_non_l2/ncu_cache_validation_summary.csv,register_control_candidate,accepted,pass,,,,,,GDDR6X,,,,,,,,,,,,,0.00337952,7.31707e-06,strict_no_hmma_pass,0,0,,,,,,
reg_operand_only_W1_B4_RF1,reg_operand_only,reg_operand_only_kernel,1,4,82,100000,1,1,1,application,none,full,4,normal,contiguous,ok,0,0,0,0,sass,0,0,0,0,79.964,,79.964,aggregate_fallback,119.572,,,,88.7255,,,,,,119.572,aggregate_fallback,0,sectors,0,,0,sectors,0,,100,sectors,100,0,0,0,0,0,0,0,637472,0,,,,0,0,0,0,0,,,,,0,,,,,,,,,,0,0,0,,,,0,,,,,3200,100,0,3200,dram__bytes_read.sum,0,dram__bytes_write.sum,,0,3.424,9.34579e-07,,,,0,0,,,,,0,0,0,0,0,1,local_memory_bytes_zero_inference,548.836,153.452,191.549,0,7.43136,33.3333,4,16,0,0,1.17965e+06,,,l2_hit_rate_pct_out_of_range,results/ncu/rtx3090_component_finalplan_ncu_factor_20260714/full_non_l2/reg_operand_only_W1_B4_RF1_raw_metrics.csv,results/ncu/rtx3090_component_finalplan_ncu_factor_20260714/full_non_l2/ncu_cache_validation_summary.csv,register_control_candidate,accepted,pass,,,,,,GDDR6X,,,,,,,,,,,,,0.0194351,9.7561e-05,strict_no_hmma_pass,0,0,,,,,,
reg_operand_only_W1_B4_RF16,reg_operand_only,reg_operand_only_kernel,1,4,82,100000,16,1,1,application,none,full,4,normal,contiguous,ok,0,0,0,0,sass,0,0,0,0,76.7245,,76.7245,aggregate_fallback,98.8095,,,,87.1359,,,,,,98.8095,aggregate_fallback,0,sectors,0,,0,sectors,0,,100,sectors,100,0,0,0,0,0,0,0,725728,0,,,,0,0,0,0,0,,,,,0,,,,,,,,,,0,0,0,,,,0,,,,,3200,100,0,3200,dram__bytes_read.sum,0,dram__bytes_write.sum,,0,3.584,8.92857e-07,,,,0,0,,,,,0,0,0,0,0,1,local_memory_bytes_zero_inference,551.009,153.843,191.549,0,7.43478,33.3333,4,16,0,0,1.17965e+06,,,,results/ncu/rtx3090_component_finalplan_ncu_factor_20260714/full_non_l2/reg_operand_only_W1_B4_RF16_raw_metrics.csv,results/ncu/rtx3090_component_finalplan_ncu_factor_20260714/full_non_l2/ncu_cache_validation_summary.csv,register_control_candidate,accepted,pass,,,,,,GDDR6X,,,,,,,,,,,,,0.00138287,6.09756e-06,strict_no_hmma_pass,0,0,,,,,,
reg_operand_only_W1_B4_RF2,reg_operand_only,reg_operand_only_kernel,1,4,82,100000,2,1,1,application,none,full,4,normal,contiguous,ok,0,0,0,0,sass,0,0,0,0,79.7038,,79.7038,aggregate_fallback,99.1361,,,,77.6344,,,,,,99.1361,aggregate_fallback,0,sectors,0,,0,sectors,0,,212,sectors,212,0,0,0,0,0,0,0,648256,0,,,,0,0,0,0,0,,,,,0,,,,,,,,,,0,0,0,,,,0,,,,,6784,212,0,6784,dram__bytes_read.sum,0,dram__bytes_write.sum,,0,3.424,1.98131e-06,,,,0,0,,,,,0,0,0,0,0,1,local_memory_bytes_zero_inference,554.509,153.581,191.549,0,7.43167,33.3333,4,16,0,0,1.17965e+06,,,,results/ncu/rtx3090_component_finalplan_ncu_factor_20260714/full_non_l2/reg_operand_only_W1_B4_RF2_raw_metrics.csv,results/ncu/rtx3090_component_finalplan_ncu_factor_20260714/full_non_l2/ncu_cache_validation_summary.csv,register_control_candidate,accepted,pass,,,,,,GDDR6X,,,,,,,,,,,,,0.00988195,0.000103415,strict_no_hmma_pass,0,0,,,,,,
reg_operand_only_W1_B4_RF4,reg_operand_only,reg_operand_only_kernel,1,4,82,100000,4,1,1,application,none,full,4,normal,contiguous,ok,0,0,0,0,sass,0,0,0,0,77.7015,,77.7015,aggregate_fallback,90.7102,,,,71.4851,,,,,,90.7102,aggregate_fallback,0,sectors,0,,0,sectors,0,,292,sectors,292,0,0,0,0,0,0,0,705120,0,,,,0,0,0,0,0,,,,,0,,,,,,,,,,0,0,0,,,,0,,,,,9344,292,0,9344,dram__bytes_read.sum,0,dram__bytes_write.sum,,0,3.584,2.60714e-06,,,,0,0,,,,,0,0,0,0,0,1,local_memory_bytes_zero_inference,555.492,153.852,191.549,0,7.44362,33.3333,4,16,0,0,1.17965e+06,,,,results/ncu/rtx3090_component_finalplan_ncu_factor_20260714/full_non_l2/reg_operand_only_W1_B4_RF4_raw_metrics.csv,results/ncu/rtx3090_component_finalplan_ncu_factor_20260714/full_non_l2/ncu_cache_validation_summary.csv,register_control_candidate,accepted,pass,,,,,,GDDR6X,,,,,,,,,,,,,0.00537439,7.12195e-05,strict_no_hmma_pass,0,0,,,,,,
reg_operand_only_W1_B4_RF8,reg_operand_only,reg_operand_only_kernel,1,4,82,100000,8,1,1,application,none,full,4,normal,contiguous,ok,0,0,0,0,sass,0,0,0,0,79.6979,,79.6979,aggregate_fallback,99.9802,,,,86.2697,,,,,,99.9802,aggregate_fallback,0,sectors,0,,0,sectors,0,,100,sectors,100,0,0,0,0,0,0,0,644928,0,,,,0,0,0,0,0,,,,,0,,,,,,,,,,0,0,0,,,,0,,,,,3200,100,0,3200,dram__bytes_read.sum,0,dram__bytes_write.sum,,0,3.424,9.34579e-07,,,,0,0,,,,,0,0,0,0,0,1,local_memory_bytes_zero_inference,598.317,153.405,191.549,0,7.43097,33.3333,4,16,0,0,1.17965e+06,,,,results/ncu/rtx3090_component_finalplan_ncu_factor_20260714/full_non_l2/reg_operand_only_W1_B4_RF8_raw_metrics.csv,results/ncu/rtx3090_component_finalplan_ncu_factor_20260714/full_non_l2/ncu_cache_validation_summary.csv,register_control_candidate,accepted,pass,,,,,,GDDR6X,,,,,,,,,,,,,0.0024578,1.21951e-05,strict_no_hmma_pass,0,0,,,,,,
reg_operand_only_W1_B8_RF1,reg_operand_only,reg_operand_only_kernel,1,8,82,100000,1,1,1,application,none,full,4,normal,contiguous,ok,0,0,0,0,sass,0,0,0,0,81.5066,,81.5066,aggregate_fallback,99.6124,,,,87.4396,,,,,,99.6124,aggregate_fallback,0,sectors,0,,0,sectors,0,,100,sectors,100,0,0,0,0,0,0,0,1.40355e+06,0,,,,0,0,0,0,0,,,,,0,,,,,,,,,,0,0,0,,,,0,,,,,3200,100,0,3200,dram__bytes_read.sum,0,dram__bytes_write.sum,,0,4.896,6.53595e-07,,,,0,0,,,,,0,0,0,0,0,1,local_memory_bytes_zero_inference,785.143,166.446,208.176,16.3075,13.2193,33.3333,4,16,0,0,1.17965e+06,,,,results/ncu/rtx3090_component_finalplan_ncu_factor_20260714/full_non_l2/reg_operand_only_W1_B8_RF1_raw_metrics.csv,results/ncu/rtx3090_component_finalplan_ncu_factor_20260714/full_non_l2/ncu_cache_validation_summary.csv,register_control_candidate,accepted,pass,,,,,,GDDR6X,,,,,,,,,,,,,0.0213956,4.87805e-05,strict_no_hmma_pass,0,0,,,,,,
reg_operand_only_W1_B8_RF16,reg_operand_only,reg_operand_only_kernel,1,8,82,100000,16,1,1,application,none,full,4,normal,contiguous,ok,0,0,0,0,sass,0,0,0,0,81.8545,,81.8545,aggregate_fallback,100.151,,,,88,,,,,,100.151,aggregate_fallback,0,sectors,0,,0,sectors,0,,100,sectors,100,0,0,0,0,0,0,0,1.3743e+06,0,,,,0,0,0,0,0,,,,,0,,,,,,,,,,0,0,0,,,,0,,,,,3200,100,0,3200,dram__bytes_read.sum,0,dram__bytes_write.sum,,0,4.768,6.71141e-07,,,,0,0,,,,,0,0,0,0,0,1,local_memory_bytes_zero_inference,806.065,165.414,208.039,16.2184,13.1648,33.3333,4,16,0,0,1.17965e+06,,,l2_hit_rate_pct_out_of_range,results/ncu/rtx3090_component_finalplan_ncu_factor_20260714/full_non_l2/reg_operand_only_W1_B8_RF16_raw_metrics.csv,results/ncu/rtx3090_component_finalplan_ncu_factor_20260714/full_non_l2/ncu_cache_validation_summary.csv,register_control_candidate,accepted,pass,,,,,,GDDR6X,,,,,,,,,,,,,0.00130936,3.04878e-06,strict_no_hmma_pass,0,0,,,,,,
reg_operand_only_W1_B8_RF2,reg_operand_only,reg_operand_only_kernel,1,8,82,100000,2,1,1,application,none,full,4,normal,contiguous,ok,0,0,0,0,sass,0,0,0,0,81.6891,,81.6891,aggregate_fallback,101.621,,,,87.9081,,,,,,101.621,aggregate_fallback,0,sectors,0,,0,sectors,0,,100,sectors,100,0,0,0,0,0,0,0,1.39168e+06,0,,,,0,0,0,0,0,,,,,0,,,,,,,,,,0,0,0,,,,0,,,,,3200,100,0,3200,dram__bytes_read.sum,0,dram__bytes_write.sum,,0,4.8,6.66667e-07,,,,0,0,,,,,0,0,0,0,0,1,local_memory_bytes_zero_inference,825.598,168.792,208.146,16.1425,13.2294,33.3333,4,16,0,0,1.17965e+06,,,l2_hit_rate_pct_out_of_range,results/ncu/rtx3090_component_finalplan_ncu_factor_20260714/full_non_l2/reg_operand_only_W1_B8_RF2_raw_metrics.csv,results/ncu/rtx3090_component_finalplan_ncu_factor_20260714/full_non_l2/ncu_cache_validation_summary.csv,register_control_candidate,accepted,pass,,,,,,GDDR6X,,,,,,,,,,,,,0.0106073,2.43902e-05,strict_no_hmma_pass,0,0,,,,,,
reg_operand_only_W1_B8_RF4,reg_operand_only,reg_operand_only_kernel,1,8,82,100000,4,1,1,application,none,full,4,normal,contiguous,ok,0,0,0,0,sass,0,0,0,0,81.1441,,81.1441,aggregate_fallback,101.071,,,,77.3163,,,,,,101.071,aggregate_fallback,0,sectors,0,,0,sectors,0,,212,sectors,212,0,0,0,0,0,0,0,1.41091e+06,0,,,,0,0,0,0,0,,,,,0,,,,,,,,,,0,0,0,,,,0,,,,,6784,212,0,6784,dram__bytes_read.sum,0,dram__bytes_write.sum,,0,4.896,1.38562e-06,,,,0,0,,,,,0,0,0,0,0,1,local_memory_bytes_zero_inference,811.575,169.635,208.272,16.137,13.166,33.3333,4,16,0,0,1.17965e+06,,,l2_hit_rate_pct_out_of_range,results/ncu/rtx3090_component_finalplan_ncu_factor_20260714/full_non_l2/reg_operand_only_W1_B8_RF4_raw_metrics.csv,results/ncu/rtx3090_component_finalplan_ncu_factor_20260714/full_non_l2/ncu_cache_validation_summary.csv,register_control_candidate,accepted,pass,,,,,,GDDR6X,,,,,,,,,,,,,0.00537694,2.58537e-05,strict_no_hmma_pass,0,0,,,,,,
reg_operand_only_W1_B8_RF8,reg_operand_only,reg_operand_only_kernel,1,8,82,100000,8,1,1,application,none,full,4,normal,contiguous,ok,0,0,0,0,sass,0,0,0,0,80.3654,,80.3654,aggregate_fallback,96.6203,,,,76.2605,,,,,,96.6203,aggregate_fallback,0,sectors,0,,0,sectors,0,,228,sectors,228,0,0,0,0,0,0,0,1.45811e+06,0,,,,0,0,0,0,0,,,,,0,,,,,,,,,,0,0,0,,,,0,,,,,7296,228,0,7296,dram__bytes_read.sum,0,dram__bytes_write.sum,,0,4.8,1.52e-06,,,,0,0,,,,,0,0,0,0,0,1,local_memory_bytes_zero_inference,813.356,172.173,208.277,16.2962,13.2536,33.3333,4,16,0,0,1.17965e+06,,,,results/ncu/rtx3090_component_finalplan_ncu_factor_20260714/full_non_l2/reg_operand_only_W1_B8_RF8_raw_metrics.csv,results/ncu/rtx3090_component_finalplan_ncu_factor_20260714/full_non_l2/ncu_cache_validation_summary.csv,register_control_candidate,accepted,pass,,,,,,GDDR6X,,,,,,,,,,,,,0.00277841,1.39024e-05,strict_no_hmma_pass,0,0,,,,,,
shared_scalar_addr_only_W64_B8_LR16,shared_scalar_addr_only,shared_scalar_addr_only_kernel,64,8,82,100000,1,16,1,application,none,full,4,normal,contiguous,ok,41984,5.37395e+06,0,5.37395e+06,sass,0,41984,0,41984,17.6067,,17.6067,aggregate_fallback,0,0,0,,21.5808,21.5808,,,,,22.0405,srcunit_tex_read_lookup_hit_miss,0,sectors,0,,0,sectors,0,,6.89215e+06,sectors,6.89215e+06,0,0,41984,0,0,0,0,2.80376e+08,0,,,,0,278266,0,0,0,,,,,0,,,,,,,,,,0,0,0,,,,8.90451e+06,,,,,2.20549e+08,6.89215e+06,0,2.20549e+08,dram__bytes_read.sum,0,dram__bytes_write.sum,,0,228.809,0.000963898,24.7682,,,0,0,,,,,0,0,0,0,0,1,local_memory_bytes_zero_inference,0.000521,58.7973,236.047,11.7798,16.6667,22.9167,2.75,26,0,8192,1.17965e+06,,,l2_native_derived_hit_rate_disagree,results/ncu/rtx3090_component_finalplan_ncu_factor_20260714/full_non_l2/shared_scalar_addr_only_W64_B8_LR16_raw_metrics.csv,results/ncu/rtx3090_component_finalplan_ncu_factor_20260714/full_non_l2/ncu_cache_validation_summary.csv,shared_address_control,accepted,pass,,,,,,GDDR6X,,,,,,,,,,,,,,,,,,,,,,,
shared_scalar_addr_only_W64_B8_LR4,shared_scalar_addr_only,shared_scalar_addr_only_kernel,64,8,82,100000,1,4,1,application,none,full,4,normal,contiguous,ok,41984,5.37395e+06,0,5.37395e+06,sass,0,41984,0,41984,17.4924,,17.4924,aggregate_fallback,21.8,,,,21.186,,,,,,21.8,aggregate_fallback,0,sectors,0,,0,sectors,0,,1.87721e+06,sectors,1.87721e+06,0,0,41984,0,0,0,0,7.58694e+07,0,,,,0,0,0,0,0,,,,,0,,,,,,,,,,0,0,0,,,,0,,,,,6.00708e+07,1.87721e+06,0,6.00708e+07,dram__bytes_read.sum,0,dram__bytes_write.sum,,0,60.3095,0.000996042,,,,0,0,,,,,0,0,0,0,0,1,local_memory_bytes_zero_inference,0.002135,55.705,235.174,12.3575,16.6666,22.9167,2.75,26,0,8192,1.17965e+06,,,,results/ncu/rtx3090_component_finalplan_ncu_factor_20260714/full_non_l2/shared_scalar_addr_only_W64_B8_LR4_raw_metrics.csv,results/ncu/rtx3090_component_finalplan_ncu_factor_20260714/full_non_l2/ncu_cache_validation_summary.csv,shared_address_control,accepted,pass,,,,,,GDDR6X,,,,,,,,,,,,,,,,,,,,,,,
shared_scalar_addr_only_W64_B8_LR8,shared_scalar_addr_only,shared_scalar_addr_only_kernel,64,8,82,100000,1,8,1,application,none,full,4,normal,contiguous,ok,41984,5.37395e+06,0,5.37395e+06,sass,0,41984,0,41984,18.1402,,18.1402,aggregate_fallback,23.1538,,,,22.8066,,,,,,23.1538,aggregate_fallback,0,sectors,0,,0,sectors,0,,3.24184e+06,sectors,3.24184e+06,0,0,41984,0,0,0,0,1.34373e+08,0,,,,0,0,0,0,0,,,,,0,,,,,,,,,,0,0,0,,,,0,,,,,1.03739e+08,3.24184e+06,0,1.03739e+08,dram__bytes_read.sum,0,dram__bytes_write.sum,,0,116.096,0.000893562,,,,0,0,,,,,0,0,0,0,0,1,local_memory_bytes_zero_inference,0.001026,57.7237,235.744,11.9804,16.6666,22.9167,2.75,26,0,8192,1.17965e+06,,,,results/ncu/rtx3090_component_finalplan_ncu_factor_20260714/full_non_l2/shared_scalar_addr_only_W64_B8_LR8_raw_metrics.csv,results/ncu/rtx3090_component_finalplan_ncu_factor_20260714/full_non_l2/ncu_cache_validation_summary.csv,shared_address_control,accepted,pass,,,,,,GDDR6X,,,,,,,,,,,,,,,,,,,,,,,
shared_scalar_load_only_W64_B8_LR16,shared_scalar_load_only,shared_scalar_load_only_kernel,64,8,82,100000,1,16,1,application,none,full,4,normal,contiguous,ok,8.39684e+09,1.0748e+12,1.07479e+12,5.37395e+06,sass,0,8.39684e+09,8.3968e+09,41984,18.1784,,18.1784,aggregate_fallback,21.0876,,,,20.6619,,,,,,21.0876,aggregate_fallback,0,sectors,0,,0,sectors,0,,7.54339e+06,sectors,7.54339e+06,0,8.3968e+09,41984,0,0,0,0,3.06177e+08,0,,,,0,0,0,0,0,,,,,0,,,,,,,,,,11808,455379,0,2.52747,97.4725,0,0,,,,,2.41388e+08,7.54339e+06,0,2.41388e+08,dram__bytes_read.sum,0,dram__bytes_write.sum,,0,246.027,0.000981144,,,,0,0,,,,,0,0,0,0,0,1,local_memory_bytes_zero_inference,0.00081,91.933,299.64,13.868,16.6666,22.9167,2.75,26,0,8192,1.17965e+06,,,,results/ncu/rtx3090_component_finalplan_ncu_factor_20260714/full_non_l2/shared_scalar_load_only_W64_B8_LR16_raw_metrics.csv,results/ncu/rtx3090_component_finalplan_ncu_factor_20260714/full_non_l2/ncu_cache_validation_summary.csv,shared_memory_path,accepted,pass,1.07479e+12,1.00001,,,,GDDR6X,,,,,,,,,,,,,,,,,,,,,,,
shared_scalar_load_only_W64_B8_LR4,shared_scalar_load_only,shared_scalar_load_only_kernel,64,8,82,100000,1,4,1,application,none,full,4,normal,contiguous,ok,2.09924e+09,2.68703e+11,2.68698e+11,5.37395e+06,sass,0,2.09924e+09,2.0992e+09,41984,17.8354,,17.8354,aggregate_fallback,21.4608,,,,20.9902,,,,,,21.4608,aggregate_fallback,0,sectors,0,,0,sectors,0,,1.98599e+06,sectors,1.98599e+06,0,2.0992e+09,41984,0,0,0,0,8.02771e+07,0,,,,0,0,0,0,0,,,,,0,,,,,,,,,,0,0,0,,,,0,,,,,6.35517e+07,1.98599e+06,0,6.35517e+07,dram__bytes_read.sum,0,dram__bytes_write.sum,,0,64.4965,0.000985351,,,,0,0,,,,,0,0,0,0,0,1,local_memory_bytes_zero_inference,0.002333,86.6222,294.404,11.6515,16.6666,22.9167,2.75,26,0,8192,1.17965e+06,,,,results/ncu/rtx3090_component_finalplan_ncu_factor_20260714/full_non_l2/shared_scalar_load_only_W64_B8_LR4_raw_metrics.csv,results/ncu/rtx3090_component_finalplan_ncu_factor_20260714/full_non_l2/ncu_cache_validation_summary.csv,shared_memory_path,accepted,pass,2.68698e+11,1.00002,,,,GDDR6X,,,,,,,,,,,,,,,,,,,,,,,
shared_scalar_load_only_W64_B8_LR8,shared_scalar_load_only,shared_scalar_load_only_kernel,64,8,82,100000,1,8,1,application,none,full,4,normal,contiguous,ok,4.19844e+09,5.37401e+11,5.37395e+11,5.37395e+06,sass,0,4.19844e+09,4.1984e+09,41984,18.1784,,18.1784,aggregate_fallback,20.1309,,,,19.7094,,,,,,20.1309,aggregate_fallback,0,sectors,0,,0,sectors,0,,4.16835e+06,sectors,4.16835e+06,0,4.1984e+09,41984,0,0,0,0,1.66353e+08,0,,,,0,0,0,0,0,,,,,0,,,,,,,,,,11808,454589,0,2.53175,97.4683,0,0,,,,,1.33387e+08,4.16835e+06,0,1.33387e+08,dram__bytes_read.sum,0,dram__bytes_write.sum,,0,123.62,0.00107901,,,,0,0,,,,,0,0,0,0,0,1,local_memory_bytes_zero_inference,0.00118,90.0004,298.034,13.6293,16.6666,22.9167,2.75,26,0,8192,1.17965e+06,,,,results/ncu/rtx3090_component_finalplan_ncu_factor_20260714/full_non_l2/shared_scalar_load_only_W64_B8_LR8_raw_metrics.csv,results/ncu/rtx3090_component_finalplan_ncu_factor_20260714/full_non_l2/ncu_cache_validation_summary.csv,shared_memory_path,accepted,pass,5.37395e+11,1.00001,,,,GDDR6X,,,,,,,,,,,,,,,,,,,,,,,
global_addr_only_l2_W32_B8_LR16,global_addr_only,global_scalar_addr_only_kernel,32,8,82,100000,1,16,1,application,none,l2_path_minimal,4,normal,contiguous,ok,,,,,,,,,,,,,,,,,,20.2832,,,,,,,,0,sectors,0,,0,sectors,0,,7.48094e+06,sectors,7.48094e+06,0,,,0,0,0,0,0,0,,,,0,0,0,0,0,,,,,0,,,,,,,,,,,,,,,,0,,,,,2.3939e+08,7.48094e+06,0,2.3939e+08,dram__bytes_read.sum,0,dram__bytes_write.sum,,0,246.6,0.000970763,,,,,,,,,,,0,0,0,0,1,local_memory_bytes_zero_inference,0.00088,,,,,33.3333,4,34,0,0,1.17965e+06,,tensor_hmma_inst;stall_short_scoreboard_pct;stall_wait_pct;stall_not_selected_pct;achieved_occupancy_pct,,results/ncu/rtx3090_component_finalplan_ncu_factor_20260714/l2_selected_minimal/global_addr_only_l2_W32_B8_LR16_raw_metrics.csv,results/ncu/rtx3090_component_finalplan_ncu_factor_20260714/l2_selected_minimal/ncu_cache_validation_summary.csv,global_address_control,accepted,pass,,,,,,GDDR6X,,,,,,,,,,,,,,,,,,,,,,,0.000222732
global_addr_only_l2_W32_B8_LR4,global_addr_only,global_scalar_addr_only_kernel,32,8,82,100000,1,4,1,application,none,l2_path_minimal,4,normal,contiguous,ok,,,,,,,,,,,,,,100,100,100,100,26.7653,73.2347,,,,,,srcunit_tex_device_read_lookup_hit_miss,0,sectors,0,,0,sectors,0,,1.87098e+06,sectors,1.87098e+06,0,,,0,0,0,0,0,0,,,,82679,0,0,82679,0,,,,,0,,,,,,,,,,,,,,,,0,,,,,5.98715e+07,1.87098e+06,0,5.98715e+07,dram__bytes_read.sum,0,dram__bytes_write.sum,,0,65.0427,0.000920495,,,,,,,,,,,0,0,0,0,1,local_memory_bytes_zero_inference,0.003372,,,,,33.3333,4,34,0,0,1.17965e+06,,tensor_hmma_inst;stall_short_scoreboard_pct;stall_wait_pct;stall_not_selected_pct;achieved_occupancy_pct,l2_native_derived_hit_rate_disagree,results/ncu/rtx3090_component_finalplan_ncu_factor_20260714/l2_selected_minimal/global_addr_only_l2_W32_B8_LR4_raw_metrics.csv,results/ncu/rtx3090_component_finalplan_ncu_factor_20260714/l2_selected_minimal/ncu_cache_validation_summary.csv,global_address_control,accepted,pass,,,,,,GDDR6X,,,,,,,,,,,,,,,,,,,,,,,0.000222821
global_addr_only_l2_W32_B8_LR8,global_addr_only,global_scalar_addr_only_kernel,32,8,82,100000,1,8,1,application,none,l2_path_minimal,4,normal,contiguous,ok,,,,,,,,,,,,,,,,,,19.46,,,,,,,,0,sectors,0,,0,sectors,0,,4.1512e+06,sectors,4.1512e+06,0,,,0,0,0,0,0,0,,,,0,0,0,0,0,,,,,0,,,,,,,,,,,,,,,,0,,,,,1.32838e+08,4.1512e+06,0,1.32838e+08,dram__bytes_read.sum,0,dram__bytes_write.sum,,0,125.546,0.00105809,,,,,,,,,,,0,0,0,0,1,local_memory_bytes_zero_inference,0.001684,,,,,33.3333,4,34,0,0,1.17965e+06,,tensor_hmma_inst;stall_short_scoreboard_pct;stall_wait_pct;stall_not_selected_pct;achieved_occupancy_pct,,results/ncu/rtx3090_component_finalplan_ncu_factor_20260714/l2_selected_minimal/global_addr_only_l2_W32_B8_LR8_raw_metrics.csv,results/ncu/rtx3090_component_finalplan_ncu_factor_20260714/l2_selected_minimal/ncu_cache_validation_summary.csv,global_address_control,accepted,pass,,,,,,GDDR6X,,,,,,,,,,,,,,,,,,,,,,,0.000247189
global_addr_only_l2_W64_B8_LR16,global_addr_only,global_scalar_addr_only_kernel,64,8,82,100000,1,16,1,application,none,l2_path_minimal,4,normal,contiguous,ok,,,,,,,,,,,,,,,,,,21.1403,,,,,,,,0,sectors,0,,0,sectors,0,,7.466e+06,sectors,7.466e+06,0,,,0,0,0,0,0,0,,,,0,0,0,0,0,,,,,0,,,,,,,,,,,,,,,,0,,,,,2.38912e+08,7.466e+06,0,2.38912e+08,dram__bytes_read.sum,0,dram__bytes_write.sum,,0,246.068,0.000970917,,,,,,,,,,,0,0,0,0,1,local_memory_bytes_zero_inference,0.000906,,,,,33.3333,4,34,0,0,1.17965e+06,,tensor_hmma_inst;stall_short_scoreboard_pct;stall_wait_pct;stall_not_selected_pct;achieved_occupancy_pct,,results/ncu/rtx3090_component_finalplan_ncu_factor_20260714/l2_selected_minimal/global_addr_only_l2_W64_B8_LR16_raw_metrics.csv,results/ncu/rtx3090_component_finalplan_ncu_factor_20260714/l2_selected_minimal/ncu_cache_validation_summary.csv,global_address_control,accepted,pass,,,,,,GDDR6X,,,,,,,,,,,,,,,,,,,,,,,0.000222287
global_addr_only_l2_W64_B8_LR4,global_addr_only,global_scalar_addr_only_kernel,64,8,82,100000,1,4,1,application,none,l2_path_minimal,4,normal,contiguous,ok,,,,,,,,,,,,,,,,,,22.3728,,,,,,,,0,sectors,0,,0,sectors,0,,1.87699e+06,sectors,1.87699e+06,0,,,0,0,0,0,0,0,,,,0,0,0,0,0,,,,,0,,,,,,,,,,,,,,,,0,,,,,6.00636e+07,1.87699e+06,0,6.00636e+07,dram__bytes_read.sum,0,dram__bytes_write.sum,,0,64.9482,0.000924793,,,,,,,,,,,0,0,0,0,1,local_memory_bytes_zero_inference,0.004258,,,,,33.3333,4,34,0,0,1.17965e+06,,tensor_hmma_inst;stall_short_scoreboard_pct;stall_wait_pct;stall_not_selected_pct;achieved_occupancy_pct,,results/ncu/rtx3090_component_finalplan_ncu_factor_20260714/l2_selected_minimal/global_addr_only_l2_W64_B8_LR4_raw_metrics.csv,results/ncu/rtx3090_component_finalplan_ncu_factor_20260714/l2_selected_minimal/ncu_cache_validation_summary.csv,global_address_control,accepted,pass,,,,,,GDDR6X,,,,,,,,,,,,,,,,,,,,,,,0.000223536
global_addr_only_l2_W64_B8_LR8,global_addr_only,global_scalar_addr_only_kernel,64,8,82,100000,1,8,1,application,none,l2_path_minimal,4,normal,contiguous,ok,,,,,,,,,,,,,,,,,,21.4147,,,,,,,,0,sectors,0,,0,sectors,0,,3.85726e+06,sectors,3.85726e+06,0,,,0,0,0,0,0,0,,,,0,0,0,0,0,,,,,0,,,,,,,,,,,,,,,,0,,,,,1.23432e+08,3.85726e+06,0,1.23432e+08,dram__bytes_read.sum,0,dram__bytes_write.sum,,0,124.876,0.00098844,,,,,,,,,,,0,0,0,0,1,local_memory_bytes_zero_inference,0.00183,,,,,33.3333,4,34,0,0,1.17965e+06,,tensor_hmma_inst;stall_short_scoreboard_pct;stall_wait_pct;stall_not_selected_pct;achieved_occupancy_pct,,results/ncu/rtx3090_component_finalplan_ncu_factor_20260714/l2_selected_minimal/global_addr_only_l2_W64_B8_LR8_raw_metrics.csv,results/ncu/rtx3090_component_finalplan_ncu_factor_20260714/l2_selected_minimal/ncu_cache_validation_summary.csv,global_address_control,accepted,pass,,,,,,GDDR6X,,,,,,,,,,,,,,,,,,,,,,,0.000229686
l2_cg_load_only_W32_B8_LR16,l2_cg_load_only,global_cg_load_only_kernel,32,8,82,100000,1,16,1,application,none,l2_path_minimal,4,normal,contiguous,ok,,,,,,,,,,0,0,,global_load_lookup_hit_miss,99.9998,99.9998,99.9998,99.9998,99.9513,0.0484423,,,,,,srcunit_tex_device_read_lookup_hit_miss,3.35872e+10,sectors,3.35872e+10,,3.35874e+10,sectors,3.35874e+10,,1.67528e+07,sectors,1.65928e+07,159976,,,1.07479e+12,1.07479e+12,0,1.07479e+12,1.0748e+12,1.0748e+12,1.07479e+12,1.07479e+12,1,3.35871e+10,83524,3.35874e+10,3.35871e+10,83524,,,,,0,,,,,,,,,,,,,,,,2.67277e+06,0.999996,0.999996,0.999996,1,5.3609e+08,1.65928e+07,159976,5.30971e+08,dram__bytes_read.sum,5.11923e+06,dram__bytes_write.sum,0.000494022,0.00964127,534.282,0.000993803,198.659,0.00049402,,,,,,,,,0,0,0,0,1,local_memory_bytes_zero_inference,408.389,,,,,33.3333,4,38,0,0,1.17965e+06,,tensor_hmma_inst;stall_short_scoreboard_pct;stall_wait_pct;stall_not_selected_pct;achieved_occupancy_pct,,results/ncu/rtx3090_component_finalplan_ncu_factor_20260714/l2_selected_minimal/l2_cg_load_only_W32_B8_LR16_raw_metrics.csv,results/ncu/rtx3090_component_finalplan_ncu_factor_20260714/l2_selected_minimal/ncu_cache_validation_summary.csv,l2_hit_path,accepted,pass,,,1.00001,0.000498781,0.000494018,GDDR6X,,,,,,direct_partition_lookup,99.9998,1.00001,0,0.999991,,,,,,,,,,,,,
l2_cg_load_only_W32_B8_LR4,l2_cg_load_only,global_cg_load_only_kernel,32,8,82,100000,1,4,1,application,none,l2_path_minimal,4,normal,contiguous,ok,,,,,,,,,,0,0,,global_load_lookup_hit_miss,99.9974,99.9974,99.9974,99.9974,99.9484,0.0489787,,,,,,srcunit_tex_device_read_lookup_hit_miss,8.3968e+09,sectors,8.3968e+09,,8.3968e+09,sectors,8.3968e+09,,4.2711e+06,sectors,4.2711e+06,0,,,2.68698e+11,2.68698e+11,0,2.68698e+11,2.68698e+11,2.68698e+11,2.68698e+11,2.68698e+11,1,8.39672e+09,218397,8.3968e+09,8.39672e+09,216921,,,,,0,,,,,,,,,,,,,,,,6.94147e+06,1.00002,1.00002,1.00002,1,1.36675e+08,4.2711e+06,0,1.36675e+08,dram__bytes_read.sum,0,dram__bytes_write.sum,0.000508659,0,136.45,0.00100165,19.6897,0.000508659,,,,,,,,,0,0,0,0,1,local_memory_bytes_zero_inference,365.312,,,,,33.3333,4,38,0,0,1.17965e+06,,tensor_hmma_inst;stall_short_scoreboard_pct;stall_wait_pct;stall_not_selected_pct;achieved_occupancy_pct,,results/ncu/rtx3090_component_finalplan_ncu_factor_20260714/l2_selected_minimal/l2_cg_load_only_W32_B8_LR4_raw_metrics.csv,results/ncu/rtx3090_component_finalplan_ncu_factor_20260714/l2_selected_minimal/ncu_cache_validation_summary.csv,l2_hit_path,accepted,pass,,,1,0.000508657,0.000508657,GDDR6X,,,,,,direct_partition_lookup,99.9974,1,0,1,,,,,,,,,,,,,
l2_cg_load_only_W32_B8_LR8,l2_cg_load_only,global_cg_load_only_kernel,32,8,82,100000,1,8,1,application,none,l2_path_minimal,4,normal,contiguous,ok,,,,,,,,,,0,0,,global_load_lookup_hit_miss,100,100,100,100,99.95,0.04997,,,,,,srcunit_tex_device_read_lookup_hit_miss,1.67936e+10,sectors,1.67936e+10,,1.67936e+10,sectors,1.67936e+10,,8.36854e+06,sectors,8.36854e+06,0,,,5.37395e+11,5.37395e+11,0,5.37395e+11,5.37395e+11,5.37395e+11,5.37395e+11,5.37395e+11,1,1.67936e+10,0,1.67936e+10,1.67936e+10,0,,,,,0,,,,,,,,,,,,,,,,0,0.999998,0.999998,0.999998,1,2.67793e+08,8.36854e+06,0,2.67793e+08,dram__bytes_read.sum,0,dram__bytes_write.sum,0.000498317,0,267.848,0.000999795,,0.000498317,,,,,,,,,0,0,0,0,1,local_memory_bytes_zero_inference,393.448,,,,,33.3333,4,38,0,0,1.17965e+06,,tensor_hmma_inst;stall_short_scoreboard_pct;stall_wait_pct;stall_not_selected_pct;achieved_occupancy_pct,,results/ncu/rtx3090_component_finalplan_ncu_factor_20260714/l2_selected_minimal/l2_cg_load_only_W32_B8_LR8_raw_metrics.csv,results/ncu/rtx3090_component_finalplan_ncu_factor_20260714/l2_selected_minimal/ncu_cache_validation_summary.csv,l2_hit_path,accepted,pass,,,1,0.000498317,0.000498317,GDDR6X,,,,,,direct_partition_lookup,100,1,0,1,,,,,,,,,,,,,
l2_cg_load_only_W64_B8_LR16,l2_cg_load_only,global_cg_load_only_kernel,64,8,82,100000,1,16,1,application,none,l2_path_minimal,4,normal,contiguous,ok,,,,,,,,,,0,0,,global_load_lookup_hit_miss,99.9995,99.9995,99.9995,99.9995,99.9492,0.0503286,,,,,,srcunit_tex_device_read_lookup_hit_miss,3.35872e+10,sectors,3.35872e+10,,3.35874e+10,sectors,3.35874e+10,,1.74218e+07,sectors,1.72037e+07,218088,,,1.07479e+12,1.07479e+12,0,1.07479e+12,1.0748e+12,1.0748e+12,1.07479e+12,1.07479e+12,1,3.3587e+10,167068,3.35874e+10,3.3587e+10,167068,,,,,0,,,,,,,,,,,,,,,,5.34618e+06,0.999993,0.999993,0.999993,1,5.57497e+08,1.72037e+07,218088,5.50518e+08,dram__bytes_read.sum,6.97882e+06,dram__bytes_write.sum,0.00051221,0.0126768,535.222,0.00102858,102.974,0.000512207,,,,,,,,,0,0,0,0,1,local_memory_bytes_zero_inference,414.793,,,,,33.3333,4,38,0,0,1.17965e+06,,tensor_hmma_inst;stall_short_scoreboard_pct;stall_wait_pct;stall_not_selected_pct;achieved_occupancy_pct,,results/ncu/rtx3090_component_finalplan_ncu_factor_20260714/l2_selected_minimal/l2_cg_load_only_W64_B8_LR16_raw_metrics.csv,results/ncu/rtx3090_component_finalplan_ncu_factor_20260714/l2_selected_minimal/ncu_cache_validation_summary.csv,l2_hit_path,accepted,pass,,,1.00001,0.000518698,0.000512205,GDDR6X,,,,,,direct_partition_lookup,99.9995,1.00001,0,0.999991,,,,,,,,,,,,,
l2_cg_load_only_W64_B8_LR4,l2_cg_load_only,global_cg_load_only_kernel,64,8,82,100000,1,4,1,application,none,l2_path_minimal,4,normal,contiguous,ok,,,,,,,,,,0,0,,global_load_lookup_hit_miss,99.998,99.998,99.998,99.998,99.9478,0.0502259,,,,,,srcunit_tex_device_read_lookup_hit_miss,8.3968e+09,sectors,8.3968e+09,,8.3968e+09,sectors,8.3968e+09,,4.45763e+06,sectors,4.4377e+06,19928,,,2.68698e+11,2.68698e+11,0,2.68698e+11,2.68698e+11,2.68698e+11,2.68698e+11,2.68698e+11,1,8.39673e+09,167108,8.3968e+09,8.39673e+09,167108,,,,,0,,,,,,,,,,,,,,,,5.34746e+06,1.00001,1.00001,1.00001,1,1.42644e+08,4.4377e+06,19928,1.42007e+08,dram__bytes_read.sum,637696,dram__bytes_write.sum,0.000528499,0.00449061,135.541,0.0010477,26.5559,0.000528499,,,,,,,,,0,0,0,0,1,local_memory_bytes_zero_inference,371.128,,,,,33.3333,4,38,0,0,1.17965e+06,,tensor_hmma_inst;stall_short_scoreboard_pct;stall_wait_pct;stall_not_selected_pct;achieved_occupancy_pct,,results/ncu/rtx3090_component_finalplan_ncu_factor_20260714/l2_selected_minimal/l2_cg_load_only_W64_B8_LR4_raw_metrics.csv,results/ncu/rtx3090_component_finalplan_ncu_factor_20260714/l2_selected_minimal/ncu_cache_validation_summary.csv,l2_hit_path,accepted,pass,,,1,0.000530871,0.0005285,GDDR6X,,,,,,direct_partition_lookup,99.998,1,0,1,,,,,,,,,,,,,
l2_cg_load_only_W64_B8_LR8,l2_cg_load_only,global_cg_load_only_kernel,64,8,82,100000,1,8,1,application,none,l2_path_minimal,4,normal,contiguous,ok,,,,,,,,,,0,0,,global_load_lookup_hit_miss,99.9992,99.9992,99.9992,99.9992,99.9492,0.0499819,,,,,,srcunit_tex_device_read_lookup_hit_miss,1.67936e+10,sectors,1.67936e+10,,1.67938e+10,sectors,1.67938e+10,,8.82135e+06,sectors,8.6167e+06,204652,,,5.37395e+11,5.37395e+11,0,5.37395e+11,5.374e+11,5.374e+11,5.37395e+11,5.37395e+11,1.00001,1.67935e+10,138892,1.67938e+10,1.67935e+10,138892,,,,,0,,,,,,,,,,,,,,,,4.44454e+06,0.999992,0.999992,0.999992,1,2.82283e+08,8.6167e+06,204652,2.75734e+08,dram__bytes_read.sum,6.54886e+06,dram__bytes_write.sum,0.000513094,0.0237506,268.119,0.0010284,62.0388,0.000513089,,,,,,,,,0,0,0,0,1,local_memory_bytes_zero_inference,398.778,,,,,33.3333,4,38,0,0,1.17965e+06,,tensor_hmma_inst;stall_short_scoreboard_pct;stall_wait_pct;stall_not_selected_pct;achieved_occupancy_pct,,results/ncu/rtx3090_component_finalplan_ncu_factor_20260714/l2_selected_minimal/l2_cg_load_only_W64_B8_LR8_raw_metrics.csv,results/ncu/rtx3090_component_finalplan_ncu_factor_20260714/l2_selected_minimal/ncu_cache_validation_summary.csv,l2_hit_path,accepted,pass,,,1.00001,0.000525275,0.000513089,GDDR6X,,,,,,direct_partition_lookup,99.9992,1.00001,0,0.999991,,,,,,,,,,,,,
dram_cg_load_only_W2048_B8_LR16,dram_cg_load_only,global_cg_load_only_kernel,2048,8,82,100000,1,16,1,application,none,l2_path_minimal,4,normal,contiguous,ok,,,,,,,,,,0,0,,global_load_lookup_hit_miss,0.00736658,0.00736658,0.00736658,0.00736658,0.016974,0.00960742,,,,,,srcunit_tex_device_read_lookup_hit_miss,3.35872e+10,sectors,3.35872e+10,,3.35874e+10,sectors,3.35874e+10,,3.36253e+10,sectors,3.36249e+10,357972,,,1.07479e+12,1.07479e+12,0,1.07479e+12,1.0748e+12,1.0748e+12,1.07479e+12,,1,2.47424e+06,3.35849e+10,3.35874e+10,2.47424e+06,3.35849e+10,,,,,0,,,,,,,,,,,,,,,,1.07472e+12,1,1,1,1,1.07601e+12,3.36249e+10,357972,1.076e+12,dram__bytes_read.sum,1.14551e+07,dram__bytes_write.sum,1.00112,1.0646e-05,1.24607,863.514,1.00119,1.00112,,,,,,,,,0,0,0,0,1,local_memory_bytes_zero_inference,681.153,,,,,33.3333,4,38,0,0,1.17965e+06,,tensor_hmma_inst;stall_short_scoreboard_pct;stall_wait_pct;stall_not_selected_pct;achieved_occupancy_pct,,results/ncu/rtx3090_component_finalplan_ncu_factor_20260714/external_memory_minimal/dram_cg_load_only_W2048_B8_LR16_raw_metrics.csv,results/ncu/rtx3090_component_finalplan_ncu_factor_20260714/external_memory_minimal/ncu_cache_validation_summary.csv,external_memory_read_path,accepted,pass,,,1.00001,1.00113,1.00112,GDDR6X,effective_gpu_device_external_read_path,0.00736658,1.00001,1.00113,1.0646e-05,,,,0,0.999991,,,,,,,,,,,3.65854,9.31707,
dram_cg_load_only_W2048_B8_LR4,dram_cg_load_only,global_cg_load_only_kernel,2048,8,82,100000,1,4,1,application,none,l2_path_minimal,4,normal,contiguous,ok,,,,,,,,,,0,0,,global_load_lookup_hit_miss,0.00677987,0.00677987,0.00677987,0.00677987,0.017273,0.0104931,,,,,,srcunit_tex_device_read_lookup_hit_miss,8.3968e+09,sectors,8.3968e+09,,8.39696e+09,sectors,8.39696e+09,,8.40681e+09,sectors,8.4065e+09,307068,,,2.68698e+11,2.68698e+11,0,2.68698e+11,2.68703e+11,2.68703e+11,2.68698e+11,,1.00002,569292,8.39623e+09,8.39696e+09,569292,8.39623e+09,,,,,0,,,,,,,,,,,,,,,,2.68679e+11,0.999981,0.999981,0.999981,1,2.69018e+11,8.4065e+09,307068,2.69008e+11,dram__bytes_read.sum,9.82618e+06,dram__bytes_write.sum,1.00116,3.65274e-05,312.397,0.86111,1.00122,1.00114,,,,,,,,,0,0,0,0,1,local_memory_bytes_zero_inference,654.715,,,,,33.3333,4,38,0,0,1.17965e+06,,tensor_hmma_inst;stall_short_scoreboard_pct;stall_wait_pct;stall_not_selected_pct;achieved_occupancy_pct,,results/ncu/rtx3090_component_finalplan_ncu_factor_20260714/external_memory_minimal/dram_cg_load_only_W2048_B8_LR4_raw_metrics.csv,results/ncu/rtx3090_component_finalplan_ncu_factor_20260714/external_memory_minimal/ncu_cache_validation_summary.csv,external_memory_read_path,accepted,pass,,,1.00002,1.00117,1.00114,GDDR6X,effective_gpu_device_external_read_path,0.00677987,1.00002,1.00116,3.65275e-05,,,,0,0.999981,,,,,,,,,,,3.65854,9.31707,
dram_cg_load_only_W2048_B8_LR8,dram_cg_load_only,global_cg_load_only_kernel,2048,8,82,100000,1,8,1,application,none,l2_path_minimal,4,normal,contiguous,ok,,,,,,,,,,0,0,,global_load_lookup_hit_miss,0.00739389,0.00739389,0.00739389,0.00739389,0.017614,0.0102201,,,,,,srcunit_tex_device_read_lookup_hit_miss,1.67936e+10,sectors,1.67936e+10,,1.67936e+10,sectors,1.67936e+10,,1.68126e+10,sectors,1.68125e+10,105168,,,5.37395e+11,5.37395e+11,0,5.37395e+11,5.37395e+11,5.37395e+11,5.37395e+11,,1,1.24172e+06,1.67926e+10,1.67936e+10,1.24172e+06,1.67926e+10,,,,,0,,,,,,,,,,,,,,,,5.37363e+11,1.00001,1.00001,1.00001,1,5.38004e+11,1.68125e+10,105168,5.38001e+11,dram__bytes_read.sum,3.36538e+06,dram__bytes_write.sum,1.00113,6.25534e-06,622.164,0.864724,1.00119,1.00113,,,,,,,,,0,0,0,0,1,local_memory_bytes_zero_inference,680.731,,,,,33.3333,4,38,0,0,1.17965e+06,,tensor_hmma_inst;stall_short_scoreboard_pct;stall_wait_pct;stall_not_selected_pct;achieved_occupancy_pct,,results/ncu/rtx3090_component_finalplan_ncu_factor_20260714/external_memory_minimal/dram_cg_load_only_W2048_B8_LR8_raw_metrics.csv,results/ncu/rtx3090_component_finalplan_ncu_factor_20260714/external_memory_minimal/ncu_cache_validation_summary.csv,external_memory_read_path,accepted,pass,,,1,1.00113,1.00113,GDDR6X,effective_gpu_device_external_read_path,0.00739389,1,1.00113,6.25534e-06,,,,0,1,,,,,,,,,,,3.65854,9.31707,
dram_cg_load_only_W256_B8_LR16,dram_cg_load_only,global_cg_load_only_kernel,256,8,82,100000,1,16,1,application,none,l2_path_minimal,4,normal,contiguous,ok,,,,,,,,,,0,0,,global_load_lookup_hit_miss,0.216399,0.216399,0.216399,0.216399,0.225035,0.00863583,,,,,,srcunit_tex_device_read_lookup_hit_miss,3.35872e+10,sectors,3.35872e+10,,3.35874e+10,sectors,3.35874e+10,,3.35558e+10,sectors,3.35554e+10,351128,,,1.07479e+12,1.07479e+12,0,1.07479e+12,1.0748e+12,1.0748e+12,1.07479e+12,,1,7.26871e+07,3.35167e+10,3.35874e+10,7.26871e+07,3.35167e+10,,,,,0,,,,,,,,,,,,,,,,1.07253e+12,1.00006,1.00006,1.00006,1,1.07378e+12,3.35554e+10,351128,1.07377e+12,dram__bytes_read.sum,1.12361e+07,dram__bytes_write.sum,0.999054,1.04641e-05,1.24114,865.151,1.00116,0.999049,,,,,,,,,0,0,0,0,1,local_memory_bytes_zero_inference,669.539,,,,,33.3333,4,38,0,0,1.17965e+06,,tensor_hmma_inst;stall_short_scoreboard_pct;stall_wait_pct;stall_not_selected_pct;achieved_occupancy_pct,,results/ncu/rtx3090_component_finalplan_ncu_factor_20260714/external_memory_minimal/dram_cg_load_only_W256_B8_LR16_raw_metrics.csv,results/ncu/rtx3090_component_finalplan_ncu_factor_20260714/external_memory_minimal/ncu_cache_validation_summary.csv,external_memory_read_path,accepted,pass,,,1.00001,0.999051,0.999042,GDDR6X,effective_gpu_device_external_read_path,0.216399,1.00001,0.999051,1.04642e-05,,,,0,0.999991,,,,,,,,,,,29.2683,10,
dram_cg_load_only_W256_B8_LR4,dram_cg_load_only,global_cg_load_only_kernel,256,8,82,100000,1,4,1,application,none,l2_path_minimal,4,normal,contiguous,ok,,,,,,,,,,0,0,,global_load_lookup_hit_miss,0.219313,0.219313,0.219313,0.219313,0.228914,0.0096014,,,,,,srcunit_tex_device_read_lookup_hit_miss,8.3968e+09,sectors,8.3968e+09,,8.3968e+09,sectors,8.3968e+09,,8.38902e+09,sectors,8.38898e+09,48668,,,2.68698e+11,2.68698e+11,0,2.68698e+11,2.68698e+11,2.68698e+11,2.68698e+11,,1,1.84159e+07,8.37868e+09,8.3968e+09,1.84159e+07,8.37868e+09,,,,,0,,,,,,,,,,,,,,,,2.68118e+11,1.00004,1.00004,1.00004,1,2.68449e+11,8.38898e+09,48668,2.68447e+11,dram__bytes_read.sum,1.55738e+06,dram__bytes_write.sum,0.999068,5.80142e-06,310.937,0.86335,1.00123,0.999068,,,,,,,,,0,0,0,0,1,local_memory_bytes_zero_inference,643.323,,,,,33.3333,4,38,0,0,1.17965e+06,,tensor_hmma_inst;stall_short_scoreboard_pct;stall_wait_pct;stall_not_selected_pct;achieved_occupancy_pct,,results/ncu/rtx3090_component_finalplan_ncu_factor_20260714/external_memory_minimal/dram_cg_load_only_W256_B8_LR4_raw_metrics.csv,results/ncu/rtx3090_component_finalplan_ncu_factor_20260714/external_memory_minimal/ncu_cache_validation_summary.csv,external_memory_read_path,accepted,pass,,,1,0.999073,0.999066,GDDR6X,effective_gpu_device_external_read_path,0.219313,1,0.999067,5.80144e-06,,,,0,1,,,,,,,,,,,29.2683,10,
dram_cg_load_only_W256_B8_LR8,dram_cg_load_only,global_cg_load_only_kernel,256,8,82,100000,1,8,1,application,none,l2_path_minimal,4,normal,contiguous,ok,,,,,,,,,,0,0,,global_load_lookup_hit_miss,0.220179,0.220179,0.220179,0.220179,0.230026,0.00984682,,,,,,srcunit_tex_device_read_lookup_hit_miss,1.67936e+10,sectors,1.67936e+10,,1.67938e+10,sectors,1.67938e+10,,1.6777e+10,sectors,1.67767e+10,268436,,,5.37395e+11,5.37395e+11,0,5.37395e+11,5.374e+11,5.374e+11,5.37395e+11,,1.00001,3.69766e+07,1.67569e+10,1.67938e+10,3.69766e+07,1.67569e+10,,,,,0,,,,,,,,,,,,,,,,5.36221e+11,1.00001,1.00001,1.00001,1,5.36863e+11,1.67767e+10,268436,5.36855e+11,dram__bytes_read.sum,8.58995e+06,dram__bytes_write.sum,0.998994,1.60005e-05,620.372,0.865375,1.00118,0.998984,,,,,,,,,0,0,0,0,1,local_memory_bytes_zero_inference,670.85,,,,,33.3333,4,38,0,0,1.17965e+06,,tensor_hmma_inst;stall_short_scoreboard_pct;stall_wait_pct;stall_not_selected_pct;achieved_occupancy_pct,,results/ncu/rtx3090_component_finalplan_ncu_factor_20260714/external_memory_minimal/dram_cg_load_only_W256_B8_LR8_raw_metrics.csv,results/ncu/rtx3090_component_finalplan_ncu_factor_20260714/external_memory_minimal/ncu_cache_validation_summary.csv,external_memory_read_path,accepted,pass,,,1.00001,0.999001,0.998986,GDDR6X,effective_gpu_device_external_read_path,0.220179,1.00001,0.998995,1.60005e-05,,,,0,0.999991,,,,,,,,,,,29.2683,10,
dram_cg_load_only_W512_B8_LR16,dram_cg_load_only,global_cg_load_only_kernel,512,8,82,100000,1,16,1,application,none,l2_path_minimal,4,normal,contiguous,ok,,,,,,,,,,0,0,,global_load_lookup_hit_miss,0.0670954,0.0670954,0.0670954,0.0670954,0.076571,0.00947558,,,,,,srcunit_tex_device_read_lookup_hit_miss,3.35872e+10,sectors,3.35872e+10,,3.35874e+10,sectors,3.35874e+10,,3.36054e+10,sectors,3.3605e+10,368628,,,1.07479e+12,1.07479e+12,0,1.07479e+12,1.0748e+12,1.0748e+12,1.07479e+12,,1,2.25359e+07,3.35652e+10,3.35874e+10,2.25359e+07,3.35652e+10,,,,,0,,,,,,,,,,,,,,,,1.07409e+12,1.00001,1.00001,1.00001,1,1.07537e+12,3.3605e+10,368628,1.07536e+12,dram__bytes_read.sum,1.17961e+07,dram__bytes_write.sum,1.00053,1.09694e-05,1.23768,868.849,1.00119,1.00053,,,,,,,,,0,0,0,0,1,local_memory_bytes_zero_inference,670.066,,,,,33.3333,4,38,0,0,1.17965e+06,,tensor_hmma_inst;stall_short_scoreboard_pct;stall_wait_pct;stall_not_selected_pct;achieved_occupancy_pct,,results/ncu/rtx3090_component_finalplan_ncu_factor_20260714/external_memory_minimal/dram_cg_load_only_W512_B8_LR16_raw_metrics.csv,results/ncu/rtx3090_component_finalplan_ncu_factor_20260714/external_memory_minimal/ncu_cache_validation_summary.csv,external_memory_read_path,accepted,pass,,,1.00001,1.00053,1.00052,GDDR6X,effective_gpu_device_external_read_path,0.0670954,1.00001,1.00053,1.09694e-05,,,,0,0.999991,,,,,,,,,,,14.6341,10,
dram_cg_load_only_W512_B8_LR4,dram_cg_load_only,global_cg_load_only_kernel,512,8,82,100000,1,4,1,application,none,l2_path_minimal,4,normal,contiguous,ok,,,,,,,,,,0,0,,global_load_lookup_hit_miss,0.062281,0.062281,0.062281,0.062281,0.071798,0.009517,,,,,,srcunit_tex_device_read_lookup_hit_miss,8.3968e+09,sectors,8.3968e+09,,8.39697e+09,sectors,8.39697e+09,,8.40182e+09,sectors,8.40145e+09,372644,,,2.68698e+11,2.68698e+11,0,2.68698e+11,2.68703e+11,2.68703e+11,2.68698e+11,,1.00002,5.22962e+06,8.39159e+09,8.39696e+09,5.22962e+06,8.39159e+09,,,,,0,,,,,,,,,,,,,,,,2.68531e+11,0.999982,0.999982,0.999982,1,2.68858e+11,8.40145e+09,372644,2.68846e+11,dram__bytes_read.sum,1.19246e+07,dram__bytes_write.sum,1.00055,4.43547e-05,310.172,0.866766,1.00118,1.00053,,,,,,,,,0,0,0,0,1,local_memory_bytes_zero_inference,644.438,,,,,33.3333,4,38,0,0,1.17965e+06,,tensor_hmma_inst;stall_short_scoreboard_pct;stall_wait_pct;stall_not_selected_pct;achieved_occupancy_pct,,results/ncu/rtx3090_component_finalplan_ncu_factor_20260714/external_memory_minimal/dram_cg_load_only_W512_B8_LR4_raw_metrics.csv,results/ncu/rtx3090_component_finalplan_ncu_factor_20260714/external_memory_minimal/ncu_cache_validation_summary.csv,external_memory_read_path,accepted,pass,,,1.00002,1.00058,1.00053,GDDR6X,effective_gpu_device_external_read_path,0.062281,1.00002,1.00055,4.43548e-05,,,,0,0.999981,,,,,,,,,,,14.6341,10,
dram_cg_load_only_W512_B8_LR8,dram_cg_load_only,global_cg_load_only_kernel,512,8,82,100000,1,8,1,application,none,l2_path_minimal,4,normal,contiguous,ok,,,,,,,,,,0,0,,global_load_lookup_hit_miss,0.0672881,0.0672881,0.0672881,0.0672881,0.077121,0.00983286,,,,,,srcunit_tex_device_read_lookup_hit_miss,1.67936e+10,sectors,1.67936e+10,,1.67938e+10,sectors,1.67938e+10,,1.68027e+10,sectors,1.68024e+10,260636,,,5.37395e+11,5.37395e+11,0,5.37395e+11,5.374e+11,5.374e+11,5.37395e+11,,1.00001,1.13003e+07,1.67826e+10,1.67938e+10,1.13003e+07,1.67826e+10,,,,,0,,,,,,,,,,,,,,,,5.37044e+11,1.00001,1.00001,1.00001,1,5.37685e+11,1.68024e+10,260636,5.37677e+11,dram__bytes_read.sum,8.34035e+06,dram__bytes_write.sum,1.00052,1.55118e-05,618.43,0.869422,1.00118,1.00051,,,,,,,,,0,0,0,0,1,local_memory_bytes_zero_inference,670.641,,,,,33.3333,4,38,0,0,1.17965e+06,,tensor_hmma_inst;stall_short_scoreboard_pct;stall_wait_pct;stall_not_selected_pct;achieved_occupancy_pct,,results/ncu/rtx3090_component_finalplan_ncu_factor_20260714/external_memory_minimal/dram_cg_load_only_W512_B8_LR8_raw_metrics.csv,results/ncu/rtx3090_component_finalplan_ncu_factor_20260714/external_memory_minimal/ncu_cache_validation_summary.csv,external_memory_read_path,accepted,pass,,,1.00001,1.00053,1.00052,GDDR6X,effective_gpu_device_external_read_path,0.0672881,1.00001,1.00052,1.55118e-05,,,,0,0.999991,,,,,,,,,,,14.6341,10,
global_addr_only_dram_W2048_B8_LR16,global_addr_only,global_scalar_addr_only_kernel,2048,8,82,100000,1,16,1,application,none,l2_path_minimal,4,normal,contiguous,ok,,,,,,,,,,,,,,,,,,21.0027,,,,,,,,0,sectors,0,,0,sectors,0,,1.49557e+07,sectors,1.49557e+07,0,,,0,0,0,0,0,0,,,,0,0,0,0,0,,,,,0,,,,,,,,,,,,,,,,0,,,,,4.78583e+08,1.49557e+07,0,4.78583e+08,dram__bytes_read.sum,0,dram__bytes_write.sum,,0,485.674,0.0009854,,,,,,,,,,,0,0,0,0,1,local_memory_bytes_zero_inference,0.000528,,,,,33.3333,4,34,0,0,1.17965e+06,,tensor_hmma_inst;stall_short_scoreboard_pct;stall_wait_pct;stall_not_selected_pct;achieved_occupancy_pct,,results/ncu/rtx3090_component_finalplan_ncu_factor_20260714/external_memory_minimal/global_addr_only_dram_W2048_B8_LR16_raw_metrics.csv,results/ncu/rtx3090_component_finalplan_ncu_factor_20260714/external_memory_minimal/ncu_cache_validation_summary.csv,global_address_control,accepted,pass,,,,,,GDDR6X,,,,,,,,,,,,,,,,,,,,,,,0.00044528
global_addr_only_dram_W2048_B8_LR4,global_addr_only,global_scalar_addr_only_kernel,2048,8,82,100000,1,4,1,application,none,l2_path_minimal,4,normal,contiguous,ok,,,,,,,,,,,,,,,,,,18.1361,,,,,,,,0,sectors,0,,154070,sectors,154070,,4.48754e+06,sectors,4.35937e+06,128172,,,0,0,0,0,4.93024e+06,4.93024e+06,,,,0,0,152594,0,0,,,,,0,,,,,,,,,,,,,,,,0,0,0,0,0,1.43601e+08,4.35937e+06,128172,1.395e+08,dram__bytes_read.sum,4.1015e+06,dram__bytes_write.sum,,0.0294015,125.223,0.00111401,,28.2947,,,,,,,,,0,0,0,0,1,local_memory_bytes_zero_inference,0.002046,,,,,33.3333,4,34,0,0,1.17965e+06,,tensor_hmma_inst;stall_short_scoreboard_pct;stall_wait_pct;stall_not_selected_pct;achieved_occupancy_pct,l2_read_sector_conservation_failed,results/ncu/rtx3090_component_finalplan_ncu_factor_20260714/external_memory_minimal/global_addr_only_dram_W2048_B8_LR4_raw_metrics.csv,results/ncu/rtx3090_component_finalplan_ncu_factor_20260714/external_memory_minimal/ncu_cache_validation_summary.csv,global_address_control,accepted,pass,,,,29.1266,28.2948,GDDR6X,,,,,,,,,,0,,,,,,,,,,,,,0.000534434
global_addr_only_dram_W2048_B8_LR8,global_addr_only,global_scalar_addr_only_kernel,2048,8,82,100000,1,8,1,application,none,l2_path_minimal,4,normal,contiguous,ok,,,,,,,,,,,,,,0,0,0,0,21.0044,21.0044,,,,,,srcunit_tex_device_read_lookup_hit_miss,0,sectors,0,,0,sectors,0,,7.48172e+06,sectors,7.48172e+06,0,,,0,0,0,0,0,0,,,,0,124073,0,0,122597,,,,,0,,,,,,,,,,,,,,,,3.9231e+06,,,,,2.39415e+08,7.48172e+06,0,2.39415e+08,dram__bytes_read.sum,0,dram__bytes_write.sum,,0,240.793,0.000994278,61.0269,,,,,,,,,,0,0,0,0,1,local_memory_bytes_zero_inference,0.001026,,,,,33.3333,4,34,0,0,1.17965e+06,,tensor_hmma_inst;stall_short_scoreboard_pct;stall_wait_pct;stall_not_selected_pct;achieved_occupancy_pct,l2_native_derived_hit_rate_disagree,results/ncu/rtx3090_component_finalplan_ncu_factor_20260714/external_memory_minimal/global_addr_only_dram_W2048_B8_LR8_raw_metrics.csv,results/ncu/rtx3090_component_finalplan_ncu_factor_20260714/external_memory_minimal/ncu_cache_validation_summary.csv,global_address_control,accepted,pass,,,,,,GDDR6X,,,,,,,,,,,,,,,,,,,,,,,0.00044551
global_addr_only_dram_W256_B8_LR16,global_addr_only,global_scalar_addr_only_kernel,256,8,82,100000,1,16,1,application,none,l2_path_minimal,4,normal,contiguous,ok,,,,,,,,,,,,,,19.5997,19.5997,19.4113,19.5997,20.2974,0.697739,,,,,,srcunit_tex_device_read_lookup_hit_miss,0,sectors,0,,152417,sectors,152417,,1.50552e+07,sectors,1.49208e+07,134424,,,0,0,0,0,4.87734e+06,4.87734e+06,,,,29815,123781,150941,29815,122305,,,,,0,,,,,,,,,,,,,,,,3.91376e+06,1.00781,1.00774,1.00781,1,4.81767e+08,1.49208e+07,134424,4.77465e+08,dram__bytes_read.sum,4.30157e+06,dram__bytes_write.sum,,0.00900917,486.285,0.000981863,121.997,97.8946,,,,,,,,,0,0,0,0,1,local_memory_bytes_zero_inference,0.000522,,,,,33.3333,4,34,0,0,1.17965e+06,,tensor_hmma_inst;stall_short_scoreboard_pct;stall_wait_pct;stall_not_selected_pct;achieved_occupancy_pct,,results/ncu/rtx3090_component_finalplan_ncu_factor_20260714/external_memory_minimal/global_addr_only_dram_W256_B8_LR16_raw_metrics.csv,results/ncu/rtx3090_component_finalplan_ncu_factor_20260714/external_memory_minimal/ncu_cache_validation_summary.csv,global_address_control,accepted,pass,,,,98.7766,97.8945,GDDR6X,,,,,,,,,,0,,,,,,,,,,,,,0.000448243
global_addr_only_dram_W256_B8_LR4,global_addr_only,global_scalar_addr_only_kernel,256,8,82,100000,1,4,1,application,none,l2_path_minimal,4,normal,contiguous,ok,,,,,,,,,,,,,,,,,,20.3931,,,,,,,,0,sectors,0,,153362,sectors,153362,,4.03164e+06,sectors,3.90225e+06,129396,,,0,0,0,0,4.90758e+06,4.90758e+06,,,,0,0,151886,0,0,,,,,0,,,,,,,,,,,,,,,,0,0,0,0,0,1.29013e+08,3.90225e+06,129396,1.24872e+08,dram__bytes_read.sum,4.14067e+06,dram__bytes_write.sum,,0.0331593,126.29,0.000988773,,25.4447,,,,,,,,,0,0,0,0,1,local_memory_bytes_zero_inference,0.002078,,,,,33.3333,4,34,0,0,1.17965e+06,,tensor_hmma_inst;stall_short_scoreboard_pct;stall_wait_pct;stall_not_selected_pct;achieved_occupancy_pct,l2_read_sector_conservation_failed,results/ncu/rtx3090_component_finalplan_ncu_factor_20260714/external_memory_minimal/global_addr_only_dram_W256_B8_LR4_raw_metrics.csv,results/ncu/rtx3090_component_finalplan_ncu_factor_20260714/external_memory_minimal/ncu_cache_validation_summary.csv,global_address_control,accepted,pass,,,,26.2885,25.4447,GDDR6X,,,,,,,,,,0,,,,,,,,,,,,,0.000480142
global_addr_only_dram_W256_B8_LR8,global_addr_only,global_scalar_addr_only_kernel,256,8,82,100000,1,8,1,application,none,l2_path_minimal,4,normal,contiguous,ok,,,,,,,,,,,,,,,,,,21.0013,,,,,,,,0,sectors,0,,0,sectors,0,,7.49637e+06,sectors,7.49637e+06,0,,,0,0,0,0,0,0,,,,0,0,0,0,0,,,,,0,,,,,,,,,,,,,,,,0,,,,,2.39884e+08,7.49637e+06,0,2.39884e+08,dram__bytes_read.sum,0,dram__bytes_write.sum,,0,241.448,0.000993521,,,,,,,,,,,0,0,0,0,1,local_memory_bytes_zero_inference,0.001048,,,,,33.3333,4,34,0,0,1.17965e+06,,tensor_hmma_inst;stall_short_scoreboard_pct;stall_wait_pct;stall_not_selected_pct;achieved_occupancy_pct,,results/ncu/rtx3090_component_finalplan_ncu_factor_20260714/external_memory_minimal/global_addr_only_dram_W256_B8_LR8_raw_metrics.csv,results/ncu/rtx3090_component_finalplan_ncu_factor_20260714/external_memory_minimal/ncu_cache_validation_summary.csv,global_address_control,accepted,pass,,,,,,GDDR6X,,,,,,,,,,,,,,,,,,,,,,,0.000446383
global_addr_only_dram_W512_B8_LR16,global_addr_only,global_scalar_addr_only_kernel,512,8,82,100000,1,16,1,application,none,l2_path_minimal,4,normal,contiguous,ok,,,,,,,,,,,,,,31.9027,31.9027,31.6429,31.9027,20.9939,10.9089,,,,,,srcunit_tex_device_read_lookup_hit_miss,0,sectors,0,,152856,sectors,152856,,1.56502e+07,sectors,1.55133e+07,136964,,,0,0,0,0,4.89139e+06,4.89139e+06,,,,57348,123887,151380,57348,122411,,,,,0,,,,,,,,,,,,,,,,3.91715e+06,1.18747,1.18566,1.18747,0,5.00807e+08,1.55133e+07,136964,4.96424e+08,dram__bytes_read.sum,4.38285e+06,dram__bytes_write.sum,,0.00882883,485.929,0.0010216,126.731,101.489,,,,,,,,,0,0,0,0,1,local_memory_bytes_zero_inference,0.000522,,,,,33.3333,4,34,0,0,1.17965e+06,,tensor_hmma_inst;stall_short_scoreboard_pct;stall_wait_pct;stall_not_selected_pct;achieved_occupancy_pct,l2_native_derived_hit_rate_disagree;l2_read_sector_conservation_failed,results/ncu/rtx3090_component_finalplan_ncu_factor_20260714/external_memory_minimal/global_addr_only_dram_W512_B8_LR16_raw_metrics.csv,results/ncu/rtx3090_component_finalplan_ncu_factor_20260714/external_memory_minimal/ncu_cache_validation_summary.csv,global_address_control,accepted,pass,,,,102.385,101.489,GDDR6X,,,,,,,,,,0,,,,,,,,,,,,,0.000465958
global_addr_only_dram_W512_B8_LR4,global_addr_only,global_scalar_addr_only_kernel,512,8,82,100000,1,4,1,application,none,l2_path_minimal,4,normal,contiguous,ok,,,,,,,,,,,,,,,,,,21.2688,,,,,,,,0,sectors,0,,0,sectors,0,,3.74928e+06,sectors,3.73241e+06,16868,,,0,0,0,0,0,0,,,,0,0,0,0,0,,,,,0,,,,,,,,,,,,,,,,0,,,,,1.19977e+08,3.73241e+06,16868,1.19437e+08,dram__bytes_read.sum,539776,dram__bytes_write.sum,,0.00451933,125.286,0.000953316,,,,,,,,,,,0,0,0,0,1,local_memory_bytes_zero_inference,0.002035,,,,,33.3333,4,34,0,0,1.17965e+06,,tensor_hmma_inst;stall_short_scoreboard_pct;stall_wait_pct;stall_not_selected_pct;achieved_occupancy_pct,,results/ncu/rtx3090_component_finalplan_ncu_factor_20260714/external_memory_minimal/global_addr_only_dram_W512_B8_LR4_raw_metrics.csv,results/ncu/rtx3090_component_finalplan_ncu_factor_20260714/external_memory_minimal/ncu_cache_validation_summary.csv,global_address_control,accepted,pass,,,,,,GDDR6X,,,,,,,,,,,,,,,,,,,,,,,0.000446513
global_addr_only_dram_W512_B8_LR8,global_addr_only,global_scalar_addr_only_kernel,512,8,82,100000,1,8,1,application,none,l2_path_minimal,4,normal,contiguous,ok,,,,,,,,,,,,,,0,0,0,0,20.6289,20.6289,,,,,,srcunit_tex_device_read_lookup_hit_miss,0,sectors,0,,153111,sectors,153111,,7.74984e+06,sectors,7.61886e+06,130984,,,0,0,0,0,4.89955e+06,4.89955e+06,,,,0,99156,151635,0,97680,,,,,0,,,,,,,,,,,,,,,,3.12576e+06,0.644178,0.647609,0.644178,0,2.47995e+08,7.61886e+06,130984,2.43804e+08,dram__bytes_read.sum,4.19149e+06,dram__bytes_write.sum,,0.0171921,241.273,0.00101049,77.9982,49.7604,,,,,,,,,0,0,0,0,1,local_memory_bytes_zero_inference,0.00106,,,,,33.3333,4,34,0,0,1.17965e+06,,tensor_hmma_inst;stall_short_scoreboard_pct;stall_wait_pct;stall_not_selected_pct;achieved_occupancy_pct,l2_native_derived_hit_rate_disagree;l2_read_sector_conservation_failed,results/ncu/rtx3090_component_finalplan_ncu_factor_20260714/external_memory_minimal/global_addr_only_dram_W512_B8_LR8_raw_metrics.csv,results/ncu/rtx3090_component_finalplan_ncu_factor_20260714/external_memory_minimal/ncu_cache_validation_summary.csv,global_address_control,accepted,pass,,,,50.6159,49.7605,GDDR6X,,,,,,,,,,0,,,,,,,,,,,,,0.000461476
